6,7,1,1,1,178,0,0,0,21,10,54,1,1,0,0
9,11,1,0,1,74,1,0,2,20,1,38,19,0,1,2
2,5,0,0,0,99,1,1,2,4,9,52,18,1,1,2
2,5,2,3,0,19,0,1,2,14,2,48,4,0,1,1
9,8,2,3,1,77,0,1,1,29,7,61,5,1,1,1
8,7,0,3,0,40,1,1,1,14,1,44,15,1,1,1
9,6,2,3,0,121,0,1,1,3,7,38,20,0,1,3
4,11,1,3,0,153,1,0,2,23,6,50,6,0,0,2
2,11,2,2,0,32,0,0,1,5,2,93,25,0,1,0
1,9,0,2,1,124,0,0,0,6,3,40,7,1,0,1
9,8,1,0,0,152,1,1,2,5,9,55,20,1,0,2
4,4,0,1,0,23,0,1,1,21,11,53,10,1,1,0
1,8,0,1,0,9,0,1,1,30,6,75,19,0,1,0
2,2,2,2,0,25,0,1,0,2,2,72,1,1,0,1
9,3,0,2,0,45,0,0,0,16,3,52,18,1,1,1
7,3,1,2,1,9,1,1,0,30,2,70,2,0,1,1
7,4,1,1,0,13,1,0,2,28,7,55,9,0,1,0
5,5,2,1,1,159,1,1,0,3,1,39,3,1,0,2
9,9,2,3,0,95,0,1,0,17,3,38,24,0,0,3
2,2,2,0,0,173,0,1,1,30,0,58,7,1,0,1
2,6,2,3,0,42,1,0,0,19,5,81,50,0,0,0
6,1,2,3,1,-12,1,0,1,25,11,65,1,0,1,0
2,8,1,0,0,172,1,0,1,2,7,65,9,1,0,1
7,11,0,0,0,129,1,0,2,24,7,54,5,1,1,0
8,11,1,3,0,80,0,0,0,31,8,71,17,1,1,0
9,3,2,1,0,47,0,0,0,20,1,59,4,1,1,1
6,9,0,1,1,51,1,1,0,1,0,53,29,1,1,1
4,7,0,1,1,122,1,0,1,26,2,47,4,0,1,2
9,10,2,3,1,170,1,1,1,23,10,75,13,0,1,0
8,6,2,1,0,32,1,0,2,17,3,87,9,1,0,0
3,2,1,1,1,70,0,1,2,21,6,41,2,1,1,2
5,6,2,0,1,156,1,0,2,21,4,56,8,0,1,2
7,10,0,2,1,52,0,1,1,5,0,54,32,1,0,2
7,10,0,1,1,72,1,1,2,26,8,80,6,0,0,3
1,6,0,0,0,11,1,0,2,17,4,80,27,0,1,1
3,9,0,3,0,118,0,1,0,1,0,61,9,1,1,2
2,4,0,1,0,136,1,0,0,18,6,56,3,1,1,1
1,3,1,2,0,54,1,0,2,6,2,56,12,1,0,2
9,0,1,1,0,142,0,0,1,23,10,48,8,0,1,0
9,9,0,0,0,113,1,1,1,14,4,47,29,1,0,0
8,10,0,3,1,114,1,1,2,21,5,69,7,0,0,2
4,8,1,2,0,49,0,0,1,22,11,45,15,1,0,0
1,8,2,1,1,49,1,1,0,25,9,74,43,0,1,3
1,5,2,0,0,52,1,1,1,22,5,63,6,0,0,1
2,1,0,1,1,117,1,1,0,1,8,58,6,1,1,2
1,11,2,2,0,19,1,0,2,15,6,52,28,1,1,2
7,0,0,1,1,155,1,0,2,9,1,47,16,1,1,3
6,1,0,1,1,21,1,1,2,13,7,80,9,0,1,2
8,10,0,1,1,92,0,1,2,2,7,56,2,0,0,1
2,10,1,2,1,17,0,0,1,25,7,63,12,1,0,2
1,4,2,3,0,93,1,1,0,24,9,90,40,0,1,2
6,2,1,2,1,30,1,1,0,29,3,61,21,1,1,2
6,10,2,1,0,172,1,1,0,28,1,44,11,1,0,2
6,8,0,3,0,102,0,1,2,20,5,41,4,0,1,1
4,5,2,2,1,39,1,1,1,4,6,91,21,0,1,2
1,0,1,1,0,27,1,0,0,24,1,68,26,1,0,1
3,10,2,2,0,45,0,1,0,28,4,63,23,0,0,0
6,5,1,1,0,148,0,1,0,2,0,49,11,0,0,0
8,4,0,3,0,32,0,1,1,12,10,74,26,0,0,1
4,10,1,2,1,133,0,0,2,13,9,34,5,0,0,3
5,0,0,1,1,64,0,1,2,21,3,42,5,0,1,1
6,5,2,3,1,139,1,1,2,13,11,53,2,0,1,3
1,1,1,1,0,23,0,1,2,22,6,46,26,1,1,1
2,11,2,3,0,148,1,1,1,15,10,65,10,1,0,2
6,0,1,1,0,156,1,0,1,16,5,48,7,1,0,2
1,4,2,0,1,38,0,0,0,10,0,95,25,0,0,2
2,0,2,3,0,48,0,1,2,28,2,39,6,1,0,2
2,7,0,1,1,94,0,1,2,3,6,52,6,0,1,1
2,9,1,2,1,44,0,1,2,3,2,70,11,1,1,0
4,6,1,0,1,26,0,1,2,3,4,81,32,0,1,0
9,8,0,0,0,53,0,0,2,14,5,74,14,1,1,2
1,6,0,0,0,47,0,1,2,8,3,82,6,1,1,1
9,10,0,2,0,172,1,0,1,28,6,79,11,0,0,1
6,3,1,1,1,-15,0,1,0,28,3,66,20,0,1,3
8,2,2,0,0,93,1,1,1,20,4,53,20,1,1,0
3,1,2,3,1,7,0,0,1,20,2,50,27,0,0,3
1,7,1,2,1,56,1,0,1,17,7,73,37,1,1,2
6,11,0,3,0,42,0,1,1,8,6,85,12,1,0,1
1,2,2,1,0,110,0,1,0,11,8,58,10,1,1,0
2,5,2,2,1,50,0,1,2,24,10,82,42,1,0,1
4,10,0,3,1,103,0,1,1,1,9,28,1,0,1,1
2,3,0,3,0,30,1,0,2,26,8,64,6,1,0,0
5,1,0,0,1,51,1,0,2,23,3,53,8,0,0,2
2,1,0,2,1,30,0,1,1,23,6,50,21,0,1,3
2,4,2,1,1,72,0,0,0,1,1,52,7,1,0,1
1,5,2,0,0,163,1,0,2,24,9,53,3,1,1,2
1,1,1,2,1,138,1,1,2,30,1,62,2,1,1,0
1,1,0,1,0,158,1,0,2,6,4,68,5,0,1,1
2,2,0,0,1,166,1,0,1,3,5,52,1,0,1,1
4,4,0,0,0,65,0,0,2,4,2,80,5,1,0,0
2,0,2,3,1,73,0,1,2,18,7,51,30,1,0,3
1,0,0,1,0,170,0,0,1,22,10,54,31,0,0,3
1,10,0,1,0,138,1,1,0,2,9,49,17,1,0,3
9,6,0,2,0,60,1,0,0,13,3,58,14,1,0,1
7,7,1,3,1,17,1,0,1,6,2,44,14,0,0,3
1,9,2,1,0,24,0,1,1,2,8,63,1,0,0,0
2,8,1,1,0,165,1,1,2,9,6,53,24,1,1,0
6,4,0,3,1,52,1,1,0,3,1,65,8,1,0,3
8,5,1,1,1,86,0,1,1,29,7,52,11,1,0,1
1,7,0,3,0,7,1,1,0,11,1,68,24,1,0,0
5,7,1,0,0,91,1,0,1,18,3,56,2,1,0,2
2,6,1,1,0,17,1,0,1,14,3,83,2,0,0,3
1,11,0,2,0,83,1,0,1,12,4,48,3,0,0,3
1,1,1,0,0,82,1,1,1,24,1,55,8,0,1,0
3,0,1,0,1,86,1,1,0,14,3,80,8,1,1,2
3,7,2,1,0,168,0,1,0,31,0,70,6,1,0,1
4,11,2,1,0,39,0,1,1,12,7,82,8,1,1,1
8,1,1,0,1,37,0,0,1,28,1,53,16,1,0,2
1,7,2,3,0,37,1,0,2,4,6,71,18,0,1,1
1,5,2,1,0,32,1,1,2,14,2,64,42,1,1,1
4,1,0,0,1,10,1,0,1,19,4,25,1,0,1,2
5,2,1,3,0,18,1,0,2,16,11,62,3,1,1,2
2,8,1,1,0,119,1,0,0,9,0,62,5,0,0,2
6,0,0,0,0,96,0,0,2,17,5,51,11,1,1,1
9,0,1,3,1,37,1,1,2,24,6,82,10,1,1,2
1,10,2,1,1,155,1,0,2,4,11,53,10,0,1,1
8,11,0,2,0,61,1,1,2,7,0,50,17,1,1,1
2,1,2,2,1,51,1,1,0,5,4,30,2,1,1,3
2,7,1,1,1,105,0,1,0,12,7,27,4,0,1,3
7,7,0,3,1,8,1,1,2,26,11,72,24,0,0,0
1,4,2,0,0,-2,0,1,2,22,2,80,25,0,0,0
2,6,1,3,0,61,1,0,0,2,6,60,11,0,1,0
8,8,2,3,0,34,0,0,1,15,1,48,15,1,1,1
2,7,0,2,0,117,0,1,2,1,4,50,6,1,1,0
7,8,1,1,0,57,1,0,2,12,0,58,3,1,1,2
5,3,1,2,1,97,0,0,0,3,10,66,23,0,1,0
2,9,0,2,1,44,1,1,2,28,8,76,40,1,1,0
6,7,1,1,1,169,1,0,1,31,11,53,7,1,1,2
4,3,0,3,1,137,1,1,2,13,3,50,2,1,1,2
2,0,0,2,0,135,0,1,1,12,8,58,13,0,1,1
8,2,2,1,1,29,1,0,2,8,8,80,18,0,1,0
1,4,2,1,0,54,0,0,0,29,3,43,5,0,0,3
8,8,1,0,1,158,1,0,0,17,5,62,1,0,1,1
4,4,0,1,1,163,1,0,1,3,4,49,4,1,0,1
2,5,2,3,0,147,1,0,2,6,4,49,10,0,0,0
1,8,1,1,0,173,1,0,2,25,1,55,11,0,1,1
3,6,2,3,1,92,1,0,1,17,7,76,22,1,0,0
9,7,0,2,1,56,0,0,0,23,0,54,15,1,1,1
7,5,2,2,0,112,0,0,1,30,11,43,27,0,1,3
1,10,2,1,0,58,1,0,2,11,5,70,5,0,0,1
2,0,0,3,1,114,0,0,1,23,10,61,3,0,1,1
5,3,1,2,0,43,1,1,0,21,9,82,12,0,1,2
9,2,1,1,1,57,0,1,1,30,7,72,19,0,1,0
7,4,2,0,0,22,0,1,1,17,11,88,31,1,1,0
3,5,2,0,1,69,1,1,2,15,4,48,23,1,0,2
4,3,0,0,1,27,1,0,2,3,2,83,29,0,1,1
4,7,2,1,1,4,0,1,0,14,4,88,35,0,1,1
7,5,2,2,1,179,1,1,0,31,8,73,16,1,0,1
3,3,0,2,0,130,1,0,1,24,7,55,14,0,0,1
2,5,2,1,0,58,0,0,2,23,7,77,38,1,1,1
4,1,0,3,1,37,1,1,0,18,4,49,17,1,0,3
5,2,1,3,1,178,0,0,0,14,9,97,2,0,0,2
4,4,2,2,0,64,1,1,1,12,9,38,16,0,1,2
9,2,0,1,0,96,1,1,0,30,5,59,5,0,0,2
1,2,2,0,0,45,0,0,2,4,3,77,1,0,1,0
7,1,0,0,0,83,0,1,2,28,11,53,12,0,0,0
2,9,0,0,0,69,0,0,1,25,4,57,1,1,1,1
7,0,1,1,0,134,0,0,0,31,5,62,9,1,1,1
9,9,2,3,1,145,1,1,2,15,4,51,21,0,0,2
8,2,2,1,0,94,1,0,1,6,7,52,5,0,1,0
2,5,1,3,1,149,1,0,0,1,7,64,10,1,1,1
3,10,2,2,1,173,0,1,0,2,3,52,9,0,0,2
3,5,0,1,0,118,0,0,0,14,0,53,2,1,0,0
7,9,1,2,0,50,0,0,1,5,6,67,2,1,1,2
9,7,2,1,0,47,1,1,2,11,5,76,16,0,0,0
7,6,0,0,1,5,1,0,0,21,4,61,25,0,1,3
2,9,0,3,0,84,1,0,0,1,5,61,12,1,1,0
6,5,2,0,1,130,1,0,2,25,11,56,5,1,1,2
2,3,2,0,1,56,1,0,1,7,7,99,25,0,1,0
2,10,0,0,0,68,0,1,1,13,6,72,47,0,0,2
9,7,0,1,1,176,0,1,2,3,8,57,26,0,0,1
2,9,1,2,1,174,1,1,2,7,2,46,2,1,0,2
8,3,2,3,0,70,0,0,0,5,3,51,30,0,1,3
1,6,0,2,0,54,0,0,1,8,1,53,7,0,0,1
8,6,0,1,1,33,1,0,1,26,11,75,4,0,0,1
4,11,1,3,0,139,1,1,2,17,10,74,1,1,0,2
3,9,0,1,0,56,1,0,0,8,1,85,21,0,1,1
8,0,1,2,1,107,0,0,1,23,7,67,16,1,1,0
7,4,2,1,0,30,1,1,1,26,10,38,13,0,1,2
6,7,0,1,0,17,0,0,2,1,11,85,11,0,1,0
1,0,2,3,1,48,1,1,1,7,1,42,17,0,1,1
6,5,0,3,0,15,1,1,1,18,8,86,19,0,0,1
3,6,1,3,1,142,1,0,1,30,1,55,7,0,1,2
3,3,0,1,1,12,0,0,2,16,11,66,21,0,1,0
8,0,1,0,1,50,0,0,0,31,3,58,24,1,1,0
2,8,1,2,1,144,0,0,2,9,7,57,4,0,0,0
4,5,1,3,0,32,0,0,0,31,2,39,2,1,1,2
4,4,0,2,1,169,1,1,1,21,0,56,8,1,1,2
7,0,0,2,1,158,0,0,0,5,3,43,6,1,0,2
7,1,2,0,1,89,1,1,1,19,9,87,6,0,1,1
7,2,0,3,1,85,0,1,0,8,11,81,3,0,0,1
4,8,1,1,0,15,0,1,0,28,0,48,16,0,0,3
7,3,1,1,0,151,1,0,1,19,9,66,14,1,0,2
5,7,2,2,1,35,0,1,2,10,7,66,1,0,0,0
9,6,0,0,0,33,1,0,2,27,3,92,12,0,1,0
3,4,0,2,0,8,1,1,2,29,4,73,3,0,0,2
5,1,0,2,1,-12,1,0,0,27,9,59,1,1,1,0
8,5,2,3,1,37,0,1,1,24,7,58,8,0,0,0
3,9,1,0,0,64,1,0,2,30,0,68,2,1,1,3
7,6,1,0,0,29,1,1,2,15,8,76,18,1,1,1
6,10,0,2,1,76,1,0,0,26,6,46,12,0,0,2
3,6,1,0,1,68,1,0,1,4,2,62,5,1,0,2
9,5,0,3,0,6,0,1,1,24,8,51,18,0,1,3
2,6,1,0,0,175,1,1,1,13,10,48,5,0,1,3
1,10,0,0,1,113,1,1,2,1,7,38,2,1,0,0
3,2,2,1,0,35,1,1,2,27,1,20,15,1,1,2
1,2,1,3,0,-6,0,0,1,30,0,63,22,0,0,3
7,8,0,0,1,97,1,1,2,28,1,44,8,1,0,2
1,7,0,1,0,162,0,1,0,26,0,57,45,1,0,1
4,10,1,2,0,33,0,1,1,10,2,49,2,1,0,0
6,0,2,2,0,111,1,0,1,31,8,69,17,1,0,1
2,3,1,1,0,68,0,1,2,18,11,73,31,1,0,1
5,0,1,2,1,76,0,1,1,22,9,55,20,0,1,2
2,2,2,3,0,23,1,0,1,6,6,56,25,0,1,3
8,6,1,1,0,60,0,1,0,22,10,75,23,0,1,1
8,0,0,0,0,64,0,0,1,9,0,72,18,0,1,1
6,11,2,0,1,179,1,1,0,17,11,17,4,0,1,3
5,7,1,0,0,158,0,1,0,15,6,66,20,0,1,0
3,3,0,0,0,143,0,1,2,11,5,47,2,1,1,2
6,3,1,0,1,94,1,1,0,27,8,65,13,1,0,1
1,7,1,1,0,115,1,0,2,26,0,42,2,0,0,0
2,3,1,0,0,0,1,0,1,7,10,63,5,0,0,1
4,3,0,0,1,64,1,1,2,22,3,68,3,1,0,1
5,7,0,0,1,98,1,1,0,11,0,39,6,1,0,2
2,6,1,0,1,17,1,0,1,23,6,72,17,0,0,0
2,5,1,0,0,11,0,1,2,1,2,78,30,1,1,2
6,11,1,3,0,8,0,0,1,5,3,66,8,1,1,2
7,6,1,3,1,35,1,0,1,8,8,93,10,0,0,0
3,8,0,0,0,173,0,1,0,24,0,67,1,0,0,1
1,1,2,2,1,24,0,1,0,23,11,73,26,0,0,1
9,2,1,0,0,30,1,1,0,4,4,59,20,0,1,3
2,6,1,0,1,43,1,0,1,23,3,86,37,0,0,1
4,3,1,3,0,81,1,0,2,30,9,54,17,1,0,3
2,11,2,2,1,158,0,0,0,3,10,72,2,1,0,1
4,9,0,3,0,146,0,1,1,21,0,65,2,1,1,0
1,3,1,0,0,-3,0,1,0,25,1,57,24,1,0,1
5,7,1,2,1,63,0,1,0,18,3,76,5,1,1,2
3,11,2,1,1,-6,0,1,0,31,11,58,6,0,1,1
4,6,1,3,1,175,1,1,0,10,9,45,5,0,1,2
2,1,0,1,1,97,1,1,0,3,1,38,7,0,0,2
2,0,2,1,0,173,0,1,0,1,10,49,8,1,1,1
2,7,1,2,0,167,1,0,1,29,2,50,3,0,0,2
1,9,1,0,1,59,0,0,0,2,7,73,1,0,1,2
3,3,1,0,1,51,0,0,2,7,2,71,18,1,1,1
5,5,0,2,0,139,1,1,0,3,6,78,1,1,1,2
7,1,0,0,1,51,1,1,0,21,1,50,2,1,0,2
2,11,2,0,0,44,1,0,1,16,0,42,5,0,1,2
8,10,0,1,1,74,0,1,1,24,5,78,11,1,0,0
2,1,0,2,1,150,0,0,0,17,6,60,1,1,1,2
9,5,2,3,1,32,0,1,0,19,0,97,1,0,1,0
2,8,1,1,0,153,1,1,2,30,4,54,5,0,0,3
2,8,0,2,0,119,0,0,1,2,4,65,1,0,0,0
6,7,2,0,1,160,1,0,2,21,2,46,4,0,1,2
2,2,1,1,1,83,0,1,0,15,0,42,35,0,1,3
9,3,1,2,0,54,0,1,2,16,8,42,12,0,1,1
5,2,0,2,1,20,1,1,2,26,9,84,18,1,0,1
1,1,0,2,1,55,1,0,0,18,1,54,7,1,0,1
6,8,0,2,1,54,1,1,2,5,2,73,13,0,1,2
8,0,2,1,1,125,0,0,0,10,11,51,3,0,0,1
3,3,2,2,1,93,1,0,1,30,10,63,22,0,1,1
9,5,0,2,0,34,1,1,0,29,8,51,7,0,1,1
4,0,2,2,1,54,1,1,1,26,2,54,15,0,1,1
2,9,2,1,0,33,0,0,2,31,1,49,23,1,0,1
7,8,1,0,1,48,1,1,0,10,2,99,11,0,1,3
1,3,0,2,1,27,1,1,1,16,2,48,24,0,1,3
5,8,1,0,0,140,1,0,1,28,5,41,17,1,1,3
7,9,2,0,0,2,0,1,2,13,11,58,3,1,1,1
1,3,2,3,0,106,1,1,0,7,3,65,4,0,0,2
9,5,1,3,0,87,0,1,2,16,5,45,16,0,0,1
5,1,2,0,1,88,0,1,1,26,11,47,13,0,1,0
8,2,0,1,1,67,1,0,2,15,10,78,26,0,0,1
9,5,2,0,1,-20,1,1,1,4,7,95,17,1,1,3
9,6,0,2,1,54,0,0,1,14,3,40,23,0,0,2
1,5,2,2,0,-17,1,0,0,23,0,69,23,1,1,3
9,5,0,1,0,8,1,1,0,9,10,49,16,1,0,3
3,8,1,1,1,112,0,1,2,15,6,78,5,0,0,1
1,10,2,1,0,89,1,1,0,28,11,44,10,0,1,2
5,2,1,1,1,32,1,0,2,30,2,86,24,0,1,0
1,6,1,0,1,-4,1,1,1,30,3,64,6,1,1,0
1,2,2,0,0,39,1,0,1,31,2,46,24,0,0,1
8,11,2,3,1,91,1,1,0,22,9,42,19,0,1,3
6,10,1,2,0,116,1,1,0,17,11,42,13,0,1,2
3,4,0,2,1,42,1,0,2,5,7,97,24,0,0,2
8,10,0,3,0,-3,0,0,0,30,8,51,5,0,0,1
9,8,1,0,1,76,0,1,0,9,4,72,27,1,0,0
3,8,0,3,1,156,0,0,0,8,7,29,3,1,0,2
5,11,2,1,1,48,0,0,0,24,8,64,16,1,1,0
6,6,2,3,0,154,1,1,2,23,4,65,6,0,1,1
9,9,1,2,1,139,1,1,0,20,3,51,23,0,1,3
4,5,1,0,0,107,0,0,0,2,2,54,4,0,1,1
9,0,1,3,0,-15,1,1,0,17,0,58,12,1,0,3
3,9,2,0,1,64,0,0,0,1,3,56,4,0,0,3
1,7,0,1,1,32,0,1,1,29,3,54,9,0,0,0
1,0,0,3,0,47,0,1,2,8,10,71,34,1,0,1
1,11,1,0,0,39,1,0,2,21,4,55,4,1,0,0
1,0,1,2,1,168,1,1,2,8,6,62,4,1,1,3
1,0,1,0,0,138,1,1,2,30,0,63,11,0,0,1
8,6,2,1,0,62,1,1,0,19,2,43,7,0,1,1
9,2,2,1,0,123,0,1,1,19,6,59,22,1,1,1
1,9,1,2,1,129,1,0,2,17,1,65,1,0,1,0
3,3,0,0,1,14,1,0,2,18,6,73,32,0,0,3
5,2,0,0,0,119,0,1,0,28,0,60,8,0,1,2
4,9,0,1,1,31,0,1,2,25,9,82,7,0,0,2
3,2,2,2,1,114,1,1,1,24,1,63,8,1,1,0
1,4,1,1,0,108,1,1,2,31,0,61,7,1,0,1
9,10,1,1,0,41,1,0,1,30,11,99,39,0,1,1
5,10,0,0,1,59,1,0,1,8,10,42,17,1,0,3
2,0,0,3,0,99,1,1,0,31,0,46,2,0,0,2
2,8,2,3,1,76,1,0,2,22,4,57,42,0,0,0
4,1,2,1,1,145,1,1,2,2,4,38,17,1,0,1
1,5,0,2,1,90,1,0,1,24,1,52,6,1,1,1
2,4,0,0,0,41,0,1,1,29,5,53,19,1,0,2
9,2,1,2,0,45,0,1,1,26,8,52,5,1,0,0
2,10,2,1,1,32,0,1,0,6,11,44,13,1,1,2
5,7,2,1,0,118,1,0,2,2,5,57,2,1,1,1
3,4,1,2,0,47,0,0,0,23,2,59,14,1,1,0
9,2,1,2,1,26,0,0,1,23,7,82,27,0,1,2
3,10,1,0,0,106,1,1,2,1,3,53,10,0,0,0
9,9,2,3,1,51,0,0,1,18,6,80,30,1,0,2
3,7,1,0,0,86,0,1,1,4,0,65,2,0,0,1
6,0,0,2,0,24,0,1,1,30,11,51,17,1,1,2
1,2,2,1,1,13,1,1,0,29,5,77,14,1,1,2
1,1,2,2,1,19,0,1,2,21,5,78,27,1,0,2
9,8,2,0,1,21,0,1,0,26,5,70,42,1,0,2
9,5,0,0,0,145,1,1,2,31,11,72,18,0,1,1
1,3,2,1,1,48,1,0,2,12,10,45,17,1,0,2
8,8,2,3,1,132,1,1,0,20,11,58,15,1,1,3
4,5,1,0,0,35,0,1,1,21,7,70,19,0,0,3
9,9,0,3,0,37,1,1,0,8,1,79,2,0,0,3
2,3,0,0,0,42,0,1,2,10,0,65,28,0,0,1
1,6,1,3,0,38,1,1,1,13,9,80,28,0,0,1
1,9,0,0,0,41,1,0,1,22,9,78,15,0,0,0
8,7,2,1,0,103,1,0,1,23,4,61,4,0,0,1
4,11,1,0,0,61,1,1,1,21,3,55,5,1,1,3
2,4,2,2,1,54,0,1,2,18,9,72,35,1,1,3
1,5,0,2,0,73,0,1,2,7,1,74,21,0,0,0
5,11,2,0,1,103,1,1,2,7,10,77,1,0,1,3
8,4,2,0,1,12,0,0,0,26,6,53,7,0,0,1
1,8,0,3,1,101,0,1,0,13,7,72,8,1,0,1
4,11,2,1,0,134,0,0,2,20,11,75,3,0,0,1
5,11,1,2,1,152,1,1,2,14,4,59,11,1,1,1
6,4,1,0,0,110,0,1,0,26,0,57,7,1,1,1
4,11,1,3,0,152,0,0,1,2,6,44,5,0,1,1
9,11,0,2,1,35,0,1,2,13,10,47,14,0,0,0
6,0,2,3,1,35,1,0,1,21,3,55,1,1,0,0
9,4,0,1,0,-5,0,1,2,1,9,74,18,1,0,3
8,0,0,2,0,59,1,0,0,11,6,63,11,0,1,3
5,7,2,2,1,21,0,1,1,26,5,75,40,0,1,1
1,7,2,0,0,160,0,1,1,10,8,54,12,0,0,0
6,2,1,2,0,51,0,0,1,11,8,42,16,0,0,2
4,7,2,3,1,105,1,0,1,3,0,79,1,0,1,3
5,8,1,3,1,55,1,0,1,20,4,55,3,0,0,1
1,9,2,0,1,55,1,0,2,26,4,52,1,1,1,1
9,11,0,1,0,69,1,0,0,30,2,75,23,0,1,0
9,4,0,3,0,45,0,1,2,22,7,74,37,1,0,0
1,4,0,0,0,47,1,0,0,26,1,52,17,0,1,3
5,0,2,0,1,-8,0,1,2,16,6,82,15,0,1,3
5,11,2,2,1,142,0,0,2,9,7,77,5,0,1,1
7,7,1,2,0,50,0,1,2,16,0,48,18,0,1,1
8,3,1,1,0,126,1,0,2,9,8,68,2,1,0,2
1,10,0,1,0,154,1,0,2,22,5,51,6,0,0,2
3,5,0,0,1,3,0,1,0,27,8,84,29,1,1,2
4,1,0,2,1,118,1,1,2,3,3,53,10,1,0,0
4,6,1,2,1,3,0,0,0,20,9,75,30,1,0,2
6,4,1,1,1,17,1,0,1,29,8,73,26,0,0,0
4,11,0,0,1,36,1,1,0,1,7,77,24,1,1,1
3,9,1,0,1,23,0,0,2,28,2,87,33,0,0,0
1,3,2,3,0,38,0,1,0,22,3,48,7,1,0,1
1,6,2,1,0,147,1,0,1,18,6,76,12,0,0,1
8,9,2,0,1,66,1,0,0,28,8,83,19,0,0,1
2,2,0,1,0,26,1,1,2,17,2,54,8,0,1,2
1,1,2,0,1,122,0,0,1,1,6,48,4,0,1,1
1,6,1,2,1,109,1,1,0,21,6,45,4,0,1,1
1,6,1,1,1,164,1,0,2,6,7,57,5,1,0,2
6,1,0,2,1,80,1,0,0,20,4,17,4,0,1,3
3,0,2,2,0,41,0,0,0,27,6,59,11,1,0,0
5,4,1,3,1,-4,1,1,2,25,4,52,27,1,1,2
2,11,1,0,0,5,1,0,1,19,0,52,6,0,0,2
3,3,1,0,0,52,1,0,0,11,4,57,14,1,0,1
5,9,0,3,1,-8,1,1,2,29,5,60,14,0,1,1
1,1,2,2,1,108,0,1,2,21,5,38,8,0,0,1
1,11,0,2,1,158,1,1,0,2,4,58,11,1,1,1
1,8,0,1,0,78,0,1,1,30,1,47,29,0,1,1
2,2,0,2,1,116,1,1,2,9,4,68,39,1,1,1
8,1,2,1,0,50,0,1,0,27,3,50,40,0,1,3
7,4,1,2,0,40,0,1,1,11,3,46,12,1,1,2
2,6,2,1,0,57,1,0,2,28,4,19,11,0,0,2
5,10,1,1,1,160,1,0,2,26,11,48,3,0,0,0
1,9,0,0,1,110,0,1,1,12,2,48,7,1,1,0
7,10,2,3,1,70,1,0,1,14,1,87,1,1,1,1
2,4,1,0,0,11,0,0,1,18,5,69,22,0,1,2
5,8,2,2,1,176,0,1,0,5,3,42,10,0,0,2
5,4,2,3,0,49,1,0,1,5,4,87,5,1,1,1
2,2,0,0,0,28,0,1,0,7,2,54,12,1,0,2
6,2,2,3,0,109,1,0,0,18,9,43,10,0,1,2
2,4,2,2,0,59,1,0,1,6,4,56,28,1,1,0
2,10,1,2,0,93,1,1,1,1,6,67,11,1,0,0
4,9,1,3,0,18,1,0,2,3,10,76,25,0,0,0
3,3,2,1,0,176,1,1,0,3,2,44,7,0,0,2
8,6,1,2,0,39,1,1,1,4,3,39,21,1,1,2
9,0,2,1,0,12,1,0,0,21,9,86,11,0,1,2
3,2,1,2,0,134,0,1,1,17,4,18,2,0,1,3
9,1,2,2,0,36,1,0,1,14,4,63,15,1,0,1
1,11,2,0,0,20,0,0,2,17,4,91,6,0,0,1
2,4,1,1,0,63,0,1,1,31,4,75,42,0,1,1
8,1,2,0,1,24,1,0,2,11,7,48,11,1,1,2
5,4,1,3,0,75,1,0,2,26,8,60,6,1,0,2
6,10,1,2,0,0,0,1,1,24,7,92,23,0,0,1
9,7,0,0,1,48,1,0,2,7,6,66,4,0,0,0
7,11,0,1,0,172,0,1,2,2,8,55,4,0,0,0
9,5,0,0,1,10,0,1,2,5,5,92,12,0,0,1
1,11,1,2,0,48,0,1,2,8,7,73,6,0,1,2
7,2,0,3,1,70,0,0,2,16,8,56,2,0,1,1
5,5,0,2,1,150,1,1,0,24,9,43,11,0,1,2
2,3,1,3,1,56,1,0,0,29,11,58,20,0,1,2
3,2,1,3,1,56,1,1,0,24,10,88,39,0,1,1
5,8,2,2,0,57,1,1,1,19,3,40,9,0,1,2
5,1,1,3,0,37,1,1,0,22,11,96,46,0,1,2
2,7,2,1,0,40,1,0,2,6,5,52,14,0,1,0
6,8,2,0,1,11,1,0,0,31,4,69,36,0,1,3
2,11,2,3,0,54,0,0,0,28,6,81,33,1,0,0
7,10,1,2,0,-1,0,0,2,11,4,96,14,0,1,1
4,7,1,3,1,67,0,0,1,26,2,73,19,0,1,0
7,5,2,1,1,-3,0,0,2,7,7,64,1,1,1,0
2,7,0,1,0,-10,0,0,1,31,3,65,6,1,1,1
1,8,1,1,1,166,1,1,2,4,9,61,8,1,0,2
3,4,0,3,0,33,1,0,0,6,4,48,11,1,0,1
8,11,0,2,0,178,1,0,0,30,11,69,12,0,0,0
1,10,0,3,0,124,0,0,2,1,1,53,1,1,0,0
9,11,2,0,1,111,1,1,0,11,3,51,29,1,1,0
1,1,1,1,1,54,1,1,1,24,3,56,35,0,0,0
7,2,0,2,0,97,1,0,0,26,5,61,5,1,0,1
2,7,0,2,0,146,1,1,1,6,4,62,2,1,0,0
1,10,2,2,0,39,1,1,0,23,8,56,11,1,0,1
6,6,0,3,1,74,1,1,0,26,10,64,15,0,1,0
2,8,0,0,0,99,1,1,2,14,3,48,2,0,0,2
8,8,0,3,1,29,0,0,1,15,10,97,6,0,1,0
2,4,0,3,0,31,1,0,0,29,3,46,28,1,0,0
9,9,1,0,0,169,1,1,2,29,4,55,8,0,0,2
6,6,2,2,1,1,1,0,0,30,11,62,6,1,1,0
3,10,0,0,0,75,1,0,1,26,6,85,24,0,1,3
7,3,2,3,1,103,0,1,2,3,1,54,14,1,1,2
1,7,2,2,1,157,1,0,2,17,10,54,13,0,1,1
8,11,0,3,0,58,0,0,1,19,1,68,11,0,1,0
6,3,0,1,1,14,0,1,2,9,3,60,5,1,0,1
6,0,1,3,0,179,1,0,2,1,2,76,11,0,0,2
7,7,1,1,0,65,0,1,0,8,0,59,7,1,1,1
7,9,2,3,0,33,1,1,0,27,3,51,2,0,1,1
3,4,1,3,1,-4,1,0,0,27,3,49,2,1,1,2
5,6,1,2,0,31,1,0,2,29,0,60,32,1,0,0
9,11,0,3,1,10,0,1,0,25,9,85,29,0,0,1
6,0,1,1,1,16,0,0,2,4,2,82,4,1,1,1
9,11,1,1,1,63,1,1,2,18,6,77,11,0,0,1
9,4,1,2,1,27,1,0,0,8,8,70,36,1,0,2
1,5,2,0,0,58,0,1,2,11,6,67,40,0,1,1
7,1,1,1,0,43,1,1,1,4,5,39,16,0,0,2
8,11,0,1,0,38,1,1,1,2,6,81,10,0,1,3
4,2,0,3,1,88,1,1,2,3,3,55,1,0,1,1
2,8,2,3,1,129,1,1,2,9,2,39,1,1,0,2
2,10,1,2,1,74,0,0,0,2,11,38,13,1,1,0
8,11,1,0,1,11,0,1,2,28,5,83,12,1,1,3
9,0,2,1,1,63,1,1,1,31,11,93,57,1,0,2
7,8,2,2,0,105,1,0,2,23,10,61,17,1,1,0
9,11,0,3,1,14,1,0,1,11,8,90,7,0,0,1
1,8,2,2,0,52,0,0,0,22,4,66,14,1,0,0
3,9,2,1,1,147,1,0,1,1,0,57,6,1,1,0
9,11,1,1,1,105,0,1,2,28,11,61,8,1,0,0
7,5,1,0,1,60,0,1,2,29,11,85,10,0,1,3
1,11,2,3,0,106,0,1,0,17,9,52,2,1,0,1
1,11,2,3,1,48,1,1,0,17,10,89,19,1,0,0
5,8,1,2,1,83,1,0,1,13,9,64,25,0,0,1
7,3,2,0,1,56,1,0,2,15,7,61,9,0,0,0
8,10,0,3,1,167,1,1,1,27,3,75,9,1,0,3
1,10,2,0,0,-1,1,0,2,13,4,73,6,0,1,1
2,10,2,2,0,75,1,0,0,3,2,74,4,1,0,2
1,8,1,2,0,18,1,1,2,8,4,93,29,0,1,2
2,9,0,2,0,138,1,0,2,1,1,63,1,0,1,0
3,11,1,3,0,52,1,0,2,10,0,58,16,0,0,0
8,8,2,3,1,-18,1,1,0,5,5,59,3,1,0,2
4,7,0,2,0,145,1,0,0,3,5,62,4,0,1,1
1,4,1,0,0,66,0,0,0,4,3,66,9,0,1,1
4,5,2,1,1,94,1,0,2,1,3,44,3,0,0,1
7,11,0,0,0,49,1,0,0,27,11,75,13,1,1,0
2,5,0,1,0,7,1,1,2,19,6,59,2,0,0,2
2,8,0,2,1,92,1,0,1,8,4,45,1,1,0,2
2,10,1,0,0,14,1,1,2,25,6,68,33,1,0,3
9,8,1,0,1,78,1,1,1,8,2,43,19,0,0,3
3,0,0,2,0,59,0,1,0,24,0,46,13,0,0,3
4,11,2,0,1,32,1,1,0,29,11,71,10,1,0,1
3,6,2,3,0,93,0,0,0,3,1,46,8,1,1,2
2,11,0,2,1,136,1,0,2,1,9,56,15,0,1,0
4,0,2,3,1,49,1,0,0,25,4,58,22,1,1,2
9,8,1,0,1,46,1,1,0,15,10,80,24,0,0,1
4,4,1,1,0,153,1,0,1,10,4,62,10,1,0,0
6,8,2,2,1,67,0,0,0,29,8,81,49,1,0,2
4,11,2,2,1,91,1,1,1,28,2,40,9,1,0,2
6,6,1,1,0,81,1,1,2,10,1,45,32,0,1,0
1,0,1,0,1,178,1,1,2,5,7,50,4,1,0,2
9,6,0,1,0,116,1,0,0,27,4,65,11,0,0,0
9,6,2,0,1,116,0,0,1,4,2,64,3,0,0,1
9,4,1,3,1,81,1,1,0,10,7,78,30,1,0,1
1,0,0,0,1,18,1,1,2,18,1,57,2,1,0,0
2,0,0,0,0,72,1,1,0,5,4,59,9,0,1,2
2,1,2,3,0,27,0,1,1,23,5,53,28,1,1,2
9,0,0,0,0,91,1,1,2,5,11,40,15,1,1,3
9,9,1,1,1,116,0,1,1,22,7,51,3,0,1,0
3,11,0,1,0,38,1,0,2,6,2,86,34,0,1,0
1,11,0,3,1,31,0,1,2,25,9,46,26,1,1,1
2,6,0,2,0,173,0,1,0,28,0,65,1,0,0,1
3,6,1,1,1,21,0,1,0,29,0,53,5,1,0,3
1,11,0,2,0,46,1,1,1,29,0,42,36,1,0,1
9,0,1,2,0,14,1,1,0,31,7,55,7,1,0,0
3,7,1,2,0,11,1,1,2,18,3,65,5,0,0,2
1,9,1,0,1,57,1,0,1,2,1,48,27,1,0,2
6,10,0,1,0,110,0,0,1,17,7,66,6,1,0,0
4,9,2,3,0,44,1,1,1,25,6,50,4,1,0,1
8,7,0,0,1,117,0,0,0,23,5,69,8,1,1,0
9,0,0,0,0,47,1,1,0,4,3,49,27,1,0,2
1,10,1,3,0,29,1,1,1,14,2,71,29,0,0,2
4,5,1,2,1,0,0,0,2,24,10,40,2,0,1,1
2,6,1,2,0,68,1,0,0,28,4,63,3,1,0,1
6,9,0,2,0,9,1,1,1,18,9,79,14,1,1,0
1,11,1,2,0,37,1,0,1,23,4,50,31,1,1,2
2,9,1,0,0,49,1,1,1,24,8,67,24,1,0,0
8,10,2,3,1,102,1,0,0,21,8,77,9,0,0,1
7,3,1,2,1,74,0,0,2,6,7,42,25,1,0,3
2,9,0,1,0,130,0,1,1,8,5,58,4,1,0,0
3,1,0,0,1,117,0,0,2,6,5,53,1,1,1,1
1,8,1,2,1,13,1,0,0,20,10,92,22,0,0,0
1,7,2,0,0,130,1,1,1,22,0,59,7,0,1,0
8,0,2,2,1,24,1,0,1,28,0,50,15,0,0,1
6,8,2,3,0,116,0,1,0,20,10,49,5,0,0,1
2,2,1,3,1,48,0,1,1,28,1,45,27,1,1,3
2,4,0,0,0,-7,0,0,0,23,0,53,4,1,0,3
4,9,0,3,1,8,1,1,2,17,3,77,13,0,0,0
4,4,0,2,1,116,1,0,2,7,2,53,9,0,1,1
2,8,2,0,1,32,1,1,0,25,0,81,5,1,1,2
8,7,0,0,0,58,0,0,2,6,0,79,6,0,0,3
1,6,0,2,0,135,1,1,2,1,7,52,12,0,1,1
4,11,0,0,1,84,1,1,0,17,4,70,40,0,1,0
4,6,2,2,0,32,0,0,0,25,6,58,7,1,0,2
4,0,2,2,0,116,1,1,0,2,2,65,1,0,0,2
5,5,2,3,1,40,1,0,1,27,5,70,11,1,0,1
4,4,2,2,0,29,1,1,0,27,4,41,11,0,1,2
9,1,0,2,0,62,1,1,2,25,7,75,16,0,1,1
1,8,1,0,0,37,1,1,2,11,1,54,44,0,0,2
2,7,0,3,1,145,0,0,2,8,11,57,1,0,1,0
5,0,2,1,0,35,1,1,2,13,9,80,34,0,0,0
1,11,1,2,0,8,1,0,2,19,2,99,16,1,1,3
9,3,0,2,1,112,0,0,2,6,1,41,11,1,1,1
9,7,2,2,0,78,1,0,0,31,8,74,13,0,0,1
1,8,1,0,1,140,0,0,1,26,0,49,5,1,1,0
2,3,0,2,0,-11,0,1,1,14,3,61,13,1,1,1
3,8,0,2,0,32,1,1,0,19,6,88,42,1,0,0
2,1,0,3,1,-20,0,0,0,16,7,63,7,1,1,1
2,8,0,3,1,26,1,1,2,13,5,77,32,0,1,1
1,3,1,2,1,117,0,0,1,10,2,44,34,1,1,2
1,6,2,1,0,51,1,0,2,26,11,67,14,0,1,0
6,5,0,3,0,124,0,0,0,26,2,53,1,0,1,0
2,1,2,3,1,37,0,0,0,1,3,62,13,0,1,3
6,9,2,2,1,13,1,1,2,9,11,88,18,0,0,1
4,4,0,2,0,57,1,0,0,10,1,86,24,0,1,2
3,4,2,3,1,41,0,1,0,18,6,56,13,0,1,0
3,3,2,1,1,2,1,1,1,16,3,68,10,1,0,2
9,10,0,0,1,139,0,0,0,3,0,39,29,1,0,2
7,3,0,1,0,32,1,0,1,27,9,64,12,0,1,0
1,2,1,0,0,20,1,1,2,4,5,78,6,0,1,1
7,9,0,3,1,100,1,0,2,10,1,34,13,0,1,1
4,10,1,3,0,27,1,1,2,28,10,81,26,0,0,3
2,9,1,2,1,47,1,1,0,21,3,70,13,1,1,1
2,6,1,0,1,86,0,0,0,2,2,50,10,1,1,0
5,2,1,3,0,46,0,1,0,1,3,39,18,1,1,1
4,11,1,1,0,63,0,0,2,20,4,80,14,1,1,1
6,11,0,2,1,178,0,1,1,27,0,61,4,0,0,1
6,0,2,2,1,4,1,1,1,31,4,39,8,1,0,3
1,8,1,1,1,-14,1,1,0,4,10,66,6,0,1,1
9,10,2,3,0,76,0,0,0,24,3,53,13,0,0,0
2,7,2,0,0,12,1,0,1,1,11,98,16,1,1,1
4,9,1,0,0,65,0,0,1,24,6,74,49,0,0,1
1,3,0,0,1,20,1,1,2,23,10,53,11,1,1,3
4,7,2,0,1,172,1,0,1,14,2,40,7,0,0,0
5,4,0,2,0,1,1,0,2,28,8,64,10,1,1,2
9,8,2,0,1,165,0,0,0,28,10,62,15,0,0,1
7,9,2,3,1,53,1,0,0,25,8,67,4,1,1,1
9,9,1,1,1,28,0,0,2,30,3,72,17,1,1,1
1,2,1,0,1,131,1,1,1,9,8,79,16,1,0,1
9,2,0,0,1,88,0,1,2,11,1,47,14,0,1,1
2,1,1,1,1,38,0,1,0,23,10,53,6,0,0,0
9,6,2,1,0,99,1,1,1,23,6,85,2,1,0,0
3,10,1,1,0,139,1,1,1,23,10,58,5,0,0,0
5,9,0,0,0,64,0,0,2,22,9,66,17,1,1,1
1,3,0,2,1,159,0,1,0,28,9,56,17,0,0,3
2,4,2,3,1,52,1,0,2,23,4,67,36,1,0,1
5,3,0,0,0,6,1,1,0,27,8,53,2,1,1,0
7,2,1,2,1,-3,0,0,0,25,2,59,6,0,1,3
5,10,1,2,0,78,1,0,1,29,9,94,32,1,1,0
6,0,0,1,1,81,0,0,2,14,4,57,33,1,1,0
5,5,0,1,1,54,1,0,2,16,2,68,39,0,0,1
9,2,2,2,1,57,0,1,2,2,11,80,38,1,0,3
8,3,0,1,1,-10,1,0,2,31,7,75,15,0,0,1
1,9,2,0,1,179,1,0,0,11,7,46,1,1,0,3
3,1,0,0,0,66,0,1,2,27,9,86,35,1,1,0
1,10,1,1,0,71,0,0,2,4,7,56,1,0,1,2
3,6,0,0,0,82,0,0,2,26,1,16,15,1,1,3
8,3,1,0,0,169,0,1,2,11,10,86,1,1,0,0
8,2,2,3,1,28,0,1,0,9,1,92,11,0,0,2
2,8,1,2,1,52,0,0,2,31,1,49,8,1,1,3
1,6,1,0,0,125,1,0,2,5,1,68,2,1,1,0
2,4,1,3,1,98,0,0,0,23,5,80,55,0,1,1
1,7,2,2,1,48,1,0,2,6,5,49,11,0,1,0
7,9,0,3,1,41,0,0,0,27,11,63,11,0,1,0
5,11,2,2,1,58,0,1,2,24,4,71,22,1,0,0
1,10,2,1,0,14,0,1,1,24,0,45,4,0,1,2
5,0,0,2,0,107,1,0,1,16,1,38,31,1,1,3
4,2,2,3,1,22,0,1,2,7,2,78,10,1,0,0
7,4,1,3,0,-3,0,0,1,24,6,85,19,0,1,0
4,10,2,1,0,138,1,1,2,24,10,68,17,0,0,1
1,8,2,0,1,92,1,1,0,29,1,53,18,0,1,1
6,4,1,2,0,97,1,1,2,22,7,51,1,1,1,1
3,9,0,2,0,16,1,1,2,2,3,76,22,0,1,0
9,2,1,0,1,55,0,0,0,31,11,99,25,0,1,1
9,3,0,0,0,27,0,1,2,26,1,65,4,0,1,3
5,5,1,2,1,124,1,1,1,30,2,61,7,0,1,1
4,6,2,3,0,27,1,0,0,17,4,64,23,1,0,2
1,9,2,3,0,13,1,0,1,23,4,58,1,0,1,0
7,11,1,2,0,26,1,0,1,21,8,38,20,1,1,3
1,2,1,0,1,156,1,0,2,21,10,62,4,0,1,2
7,3,2,0,1,150,0,0,1,13,8,61,13,1,1,1
9,10,2,3,1,125,0,1,0,15,10,74,4,1,1,1
1,4,2,2,1,9,1,1,2,13,9,71,8,0,1,2
2,9,1,1,0,36,1,1,2,30,6,52,8,1,1,1
1,10,2,2,0,-5,0,0,1,28,11,81,9,1,1,3
2,9,2,0,0,35,1,1,1,19,4,97,37,1,0,1
8,0,2,1,0,126,1,0,0,12,3,90,9,0,1,2
7,10,2,0,0,45,1,1,0,12,1,61,18,0,1,3
5,11,1,3,0,96,0,1,1,15,5,64,15,0,0,2
1,4,0,0,1,-2,0,0,2,1,2,75,22,1,0,2
6,10,2,2,1,87,1,0,2,1,1,97,8,0,1,2
4,3,1,1,1,166,0,1,2,6,8,46,4,1,0,1
3,11,0,0,0,177,0,0,0,18,9,71,14,0,0,0
3,9,2,3,0,72,1,1,1,10,4,49,24,1,0,0
4,11,0,1,1,82,1,0,0,4,3,63,9,1,1,1
1,8,1,2,1,124,1,0,0,1,3,73,1,0,1,0
7,5,2,3,1,15,1,0,1,22,4,59,2,1,0,1
3,0,1,0,1,51,0,1,2,3,8,73,28,0,0,2
1,7,2,2,0,49,1,1,0,5,4,75,11,0,0,2
8,1,1,3,1,144,0,1,0,18,4,53,34,0,0,2
8,6,2,3,0,10,0,1,0,5,1,95,6,0,1,3
2,6,1,0,1,35,0,0,2,2,2,86,24,0,1,3
6,4,2,1,0,141,1,1,1,10,1,88,8,1,1,3
9,10,1,0,1,51,0,1,0,25,10,58,17,1,0,1
1,9,1,3,0,18,0,1,1,15,4,51,19,1,0,2
1,2,1,2,1,124,0,0,1,4,11,48,15,0,1,0
5,7,2,1,0,19,0,0,1,25,8,81,18,0,1,3
4,2,0,2,1,115,0,0,1,7,8,44,3,0,1,3
7,9,0,0,1,25,0,1,0,29,7,65,4,1,1,1
4,3,1,3,1,43,0,0,1,10,4,38,1,1,1,2
8,7,1,3,0,67,1,0,2,8,9,60,13,0,1,0
6,0,1,3,0,65,0,0,0,18,8,81,11,1,1,0
2,7,2,0,0,64,0,0,0,15,3,56,11,0,0,0
7,10,2,1,1,160,1,0,0,10,10,54,13,1,1,1
8,10,1,1,0,131,0,0,2,30,6,44,11,0,0,0
7,9,1,1,0,127,1,1,1,16,7,67,13,0,1,0
7,6,1,2,1,111,0,0,2,25,8,41,6,1,0,0
1,9,0,3,1,134,0,1,2,28,0,42,3,1,0,2
2,4,1,3,0,6,0,0,0,25,0,48,4,1,1,2
6,7,1,3,1,4,0,0,0,25,2,90,5,1,1,1
5,9,1,2,0,-10,0,1,0,22,2,81,17,1,0,2
5,9,2,3,0,-12,1,0,0,23,2,41,14,0,0,2
8,1,0,1,1,90,1,1,0,31,4,47,9,0,1,2
4,8,1,1,1,57,1,0,2,22,4,46,6,1,0,2
1,10,1,3,0,64,1,1,1,6,2,75,18,0,0,2
1,5,1,1,1,114,1,1,2,10,3,39,9,0,0,3
3,3,2,2,1,76,1,1,0,24,2,56,4,0,0,0
7,0,2,3,1,70,1,0,1,9,5,89,4,0,1,1
9,8,1,3,1,39,0,1,2,17,3,69,1,0,1,1
2,8,1,2,0,171,0,0,0,29,0,56,1,1,0,1
7,5,1,0,1,66,1,0,1,8,9,74,17,0,1,0
7,3,1,0,0,70,0,1,2,28,4,73,4,0,0,0
5,11,1,1,1,85,0,1,0,20,11,80,14,0,1,1
9,4,0,0,1,22,0,1,0,29,7,82,19,1,0,2
1,5,0,1,0,35,1,0,0,26,10,61,6,1,0,0
1,3,0,1,1,37,0,1,1,27,10,76,32,1,1,2
4,7,2,1,0,27,0,0,0,18,9,78,17,1,1,2
1,5,1,3,0,35,0,1,1,19,3,78,38,0,1,1
4,11,2,1,0,-3,0,0,1,14,11,60,3,0,1,3
1,6,1,1,1,27,1,1,2,31,6,72,37,0,0,2
4,3,1,3,0,60,1,1,1,18,9,75,31,0,1,0
5,1,1,0,0,35,0,1,0,24,5,56,14,0,0,3
1,6,2,1,1,17,1,1,2,31,5,69,17,1,0,3
2,9,0,3,1,32,0,0,1,20,6,48,5,0,0,1
6,11,2,2,0,-11,0,0,1,31,6,56,5,0,0,3
6,10,2,3,0,82,0,0,1,8,1,57,9,0,1,0
4,3,2,2,1,8,1,1,2,3,6,81,17,0,0,0
9,3,2,2,1,66,0,0,1,3,0,40,20,0,0,0
8,10,1,3,0,10,0,0,0,14,9,87,19,0,0,2
9,6,1,2,0,47,0,1,2,19,6,80,13,0,0,1
3,2,2,0,0,31,0,1,2,25,8,47,31,0,0,2
1,3,1,3,1,34,1,1,0,24,1,55,26,1,0,1
2,7,0,0,0,138,0,0,1,21,6,55,14,1,0,1
8,8,1,2,0,59,1,1,2,21,8,82,6,0,1,0
6,11,0,3,0,82,1,1,0,29,8,59,10,1,1,0
1,7,0,3,1,55,1,0,2,21,4,40,19,0,0,3
9,6,2,1,1,100,0,1,0,4,4,51,22,0,1,0
2,0,1,3,0,-13,1,0,1,21,6,59,6,0,1,0
4,9,1,3,1,157,0,0,0,27,6,74,17,0,1,0
3,3,0,1,1,16,1,1,0,19,0,91,18,1,1,3
3,3,0,1,1,11,1,1,1,2,8,91,10,0,1,0
3,1,0,1,0,31,1,1,1,29,5,18,2,0,0,2
3,7,0,1,0,128,1,0,0,1,3,71,1,0,0,2
5,1,1,0,0,149,0,1,1,12,2,54,12,0,1,1
3,2,1,1,1,8,0,1,1,12,2,62,16,0,0,3
9,3,2,0,1,41,0,1,0,29,10,84,27,0,0,2
6,4,2,3,0,62,1,0,1,15,1,75,11,1,1,1
4,4,0,3,0,70,1,1,1,24,11,76,25,1,1,1
3,4,1,2,0,24,1,0,2,24,5,38,17,0,0,3
2,8,2,3,1,133,0,1,1,1,7,54,2,1,0,1
2,1,1,3,1,59,1,0,1,5,11,71,17,0,1,2
9,3,1,2,1,-5,0,0,1,28,10,87,9,0,1,3
2,5,1,2,0,103,1,0,1,22,0,60,9,1,1,0
4,7,1,2,1,161,1,1,1,31,2,55,3,1,0,2
1,6,2,0,1,158,0,1,0,21,0,56,4,0,0,1
2,4,2,2,0,35,0,0,0,19,0,66,3,1,1,2
9,11,1,0,0,57,1,0,2,1,1,40,19,1,1,2
1,7,0,0,0,41,1,1,0,23,3,92,15,1,1,3
1,2,2,1,1,60,1,1,1,19,1,99,37,0,0,1
4,9,1,2,1,28,1,0,1,26,4,50,28,0,0,2
9,10,0,2,0,48,1,0,1,2,0,74,17,0,0,2
2,6,1,0,1,55,1,1,0,19,10,68,5,0,1,0
9,6,2,3,0,40,1,1,1,11,10,65,9,1,1,0
8,7,2,2,0,25,1,1,1,26,8,66,4,1,0,0
8,3,1,2,1,49,1,0,1,20,9,91,2,0,1,1
5,10,2,3,0,48,0,1,2,21,3,85,39,0,0,1
4,1,0,1,0,5,0,0,1,6,2,64,14,1,0,0
3,6,1,3,1,76,0,1,0,19,8,75,26,1,1,2
1,9,2,3,1,145,1,1,1,1,5,53,12,0,0,0
9,8,2,3,1,39,1,0,0,14,1,48,12,1,0,0
4,6,0,2,0,7,0,1,0,9,10,83,32,0,0,0
4,3,1,0,0,119,0,1,1,13,4,54,4,1,0,2
7,3,2,0,1,97,1,1,0,17,7,53,9,0,0,2
6,5,2,3,0,42,1,1,2,23,10,74,4,0,1,0
9,6,1,1,1,159,0,1,0,26,7,55,13,0,1,1
3,5,2,3,1,42,0,0,2,30,3,66,24,0,1,1
3,3,1,1,1,103,0,1,2,17,7,59,4,1,1,1
2,5,0,1,1,59,1,1,2,18,6,75,20,1,1,3
7,2,2,0,0,63,0,1,0,17,11,42,7,0,0,2
9,0,1,0,1,20,0,1,0,26,1,53,22,1,0,2
7,3,0,0,0,97,1,1,0,25,5,51,13,0,1,0
9,5,0,1,0,24,0,1,2,7,5,49,25,0,0,1
4,8,1,0,0,59,0,0,2,29,4,80,26,1,0,0
7,11,0,2,0,123,1,0,0,30,7,45,16,0,0,3
1,6,1,0,0,39,0,0,2,5,6,89,36,0,1,1
3,1,0,2,0,47,0,0,1,22,9,64,6,1,0,1
9,2,1,0,1,18,0,1,1,24,3,78,6,0,0,1
1,9,1,2,1,18,0,1,1,1,4,63,28,0,0,3
1,1,1,2,0,117,0,1,1,15,0,54,9,0,1,0
2,1,0,3,0,169,1,0,0,14,8,60,23,0,1,2
2,1,0,1,0,154,0,1,2,17,6,47,11,0,0,2
7,8,2,1,0,152,0,1,1,29,6,58,5,1,1,1
2,7,2,3,1,49,1,1,0,14,9,73,21,1,1,3
7,8,2,2,0,26,1,1,1,21,7,83,8,1,1,2
9,10,0,0,0,52,0,1,2,1,6,73,40,1,1,1
9,6,1,1,1,83,1,0,2,9,6,68,25,1,0,0
6,10,2,0,1,8,0,1,2,27,4,55,12,0,1,3
3,10,1,3,1,30,0,0,1,14,8,61,16,1,0,2
9,6,2,1,0,51,1,1,0,2,1,39,28,0,0,2
2,11,1,0,0,8,0,0,0,18,9,49,5,1,1,2
4,8,1,2,1,164,1,1,2,3,10,70,9,1,1,0
2,8,0,1,0,178,1,1,0,3,6,75,13,1,0,1
1,4,1,2,0,22,1,0,2,9,8,81,14,0,0,1
7,1,1,3,0,39,0,0,2,11,2,58,5,1,0,1
5,6,0,1,0,32,1,1,2,21,3,84,7,0,1,0
1,1,2,3,1,7,1,0,2,9,4,66,24,0,1,2
9,9,0,0,0,16,1,1,0,28,8,84,22,0,1,1
1,8,1,0,1,148,0,0,2,8,4,64,8,1,0,0
1,4,1,0,1,52,0,0,0,7,3,69,23,0,1,1
9,7,0,0,0,8,1,1,0,31,4,88,16,1,1,1
3,0,2,0,0,164,1,1,0,26,1,56,4,1,0,3
2,5,2,2,0,53,1,0,0,30,3,47,10,1,1,1
1,8,2,1,0,47,1,1,1,17,8,82,24,0,1,3
2,10,1,0,0,-4,0,1,1,5,7,57,3,0,1,3
2,9,0,1,1,17,1,1,1,17,9,62,11,1,0,2
2,2,2,0,1,99,0,1,1,3,10,72,2,0,1,1
5,1,2,3,1,18,1,0,0,27,3,77,17,0,1,2
8,5,2,0,1,102,1,0,0,27,9,47,13,0,0,2
3,7,0,0,1,106,1,1,1,31,4,67,15,1,0,0
1,6,2,1,1,128,1,0,2,28,0,58,6,1,1,0
3,7,0,0,1,21,1,1,1,14,8,51,25,1,1,3
6,8,0,1,1,54,1,1,2,27,8,68,18,0,0,1
2,5,1,1,0,70,0,0,1,13,2,57,7,0,0,1
7,4,2,0,1,152,1,0,2,23,11,58,5,0,0,2
9,5,1,1,0,175,1,0,2,4,0,55,18,1,0,2
2,9,1,1,0,50,0,1,2,12,2,27,15,0,0,0
9,7,0,2,1,17,0,0,2,23,3,81,14,1,0,0
3,3,0,1,1,113,0,1,1,22,1,47,5,1,0,0
5,4,2,2,1,53,1,0,1,15,0,75,7,1,1,3
3,10,1,3,1,25,0,0,0,31,3,61,2,1,0,0
2,4,2,0,0,34,0,1,0,21,0,87,9,0,0,3
1,6,2,2,0,32,1,1,2,12,9,80,36,0,0,0
3,11,2,2,1,73,0,0,1,13,7,57,4,0,1,0
4,4,2,2,1,32,0,1,0,26,5,55,14,1,1,1
9,4,1,0,1,18,1,1,1,20,6,83,16,0,0,0
9,9,2,3,0,23,1,0,2,10,4,77,10,1,0,0
9,11,0,0,1,142,1,0,2,25,4,68,29,0,0,0
9,10,2,2,1,-2,0,0,2,25,9,75,6,1,1,3
9,6,0,1,1,62,0,1,1,30,8,65,3,1,0,0
1,1,2,2,1,33,0,0,0,18,10,89,1,1,0,0
9,11,2,0,0,109,1,0,1,15,6,74,11,1,1,3
2,0,1,2,0,-10,0,1,0,21,3,49,3,1,1,1
1,11,1,2,0,36,1,0,2,3,0,60,1,1,1,2
1,3,0,0,1,161,0,1,1,2,2,51,12,0,1,2
9,6,0,0,0,18,0,1,2,29,6,92,23,1,0,0
9,1,2,3,0,-18,0,1,1,28,9,63,8,1,1,2
4,3,2,3,0,29,1,1,2,30,7,91,23,0,1,2
4,7,0,2,1,134,0,1,1,25,7,75,24,0,1,0
2,7,0,1,0,122,1,1,2,14,9,54,1,1,1,2
8,4,2,3,1,36,1,1,1,2,8,82,2,0,0,0
6,9,0,3,1,1,1,0,0,26,8,49,7,1,0,2
1,1,1,2,0,34,1,0,0,23,0,48,16,1,1,1
2,2,2,3,0,48,0,1,1,12,5,75,39,0,1,0
2,9,0,1,1,178,1,1,2,15,7,53,21,0,0,3
1,9,2,3,1,-8,0,0,0,4,4,78,3,0,1,3
1,5,0,3,1,25,1,0,2,29,0,53,31,0,1,1
1,3,2,2,0,36,0,1,2,29,9,79,33,1,1,2
4,9,1,2,1,34,1,1,2,8,5,76,30,0,1,1
9,5,0,3,0,11,1,0,2,8,9,84,21,0,1,0
8,2,1,2,1,51,1,1,0,22,9,78,12,1,0,0
9,9,2,0,1,141,0,1,1,23,5,56,6,0,1,0
4,6,0,3,1,68,1,0,1,25,8,75,18,1,0,0
7,9,0,2,0,10,0,1,2,23,5,49,34,1,0,3
3,1,0,2,0,-14,0,1,1,24,2,59,1,0,1,0
3,4,0,0,1,70,0,1,1,22,0,61,6,0,1,2
3,7,0,1,0,173,0,1,2,8,8,41,5,1,0,0
7,4,2,3,1,160,1,1,1,28,9,60,10,0,1,1
5,7,0,3,0,30,0,0,1,4,9,75,8,1,1,2
9,9,2,1,1,38,0,1,0,14,2,54,4,1,1,3
3,2,2,2,1,171,1,1,0,4,1,55,7,0,0,3
2,9,2,1,1,148,1,0,1,10,0,38,13,1,1,3
1,11,2,1,0,107,1,1,2,20,8,75,31,0,0,1
3,6,1,0,0,91,1,0,1,13,2,41,1,0,1,3
5,9,1,0,1,55,0,1,0,1,1,50,4,0,0,0
8,6,0,0,0,80,0,1,2,11,5,38,16,1,1,1
5,2,1,3,0,41,0,1,2,16,7,50,2,0,1,2
8,1,0,2,1,165,0,1,1,25,7,70,7,1,1,0
1,11,2,3,1,135,1,1,2,8,9,47,4,0,0,3
8,7,0,0,1,65,1,1,0,24,4,58,8,0,0,0
2,9,0,3,0,103,1,0,0,24,5,67,13,1,0,0
2,3,2,2,0,56,0,0,2,13,4,39,4,1,0,0
4,3,2,3,1,-2,1,0,0,16,4,89,7,0,1,1
1,7,0,0,0,43,1,1,1,19,2,89,15,0,0,0
2,9,1,2,0,46,0,0,2,9,5,76,28,0,1,0
7,1,1,0,0,4,0,0,2,28,10,77,33,0,0,3
9,10,1,2,0,102,0,0,0,11,9,70,3,0,0,1
1,0,0,3,1,17,0,1,0,16,3,51,5,1,1,1
2,2,1,0,1,-8,1,0,1,24,0,53,15,1,0,2
2,10,1,2,1,82,0,0,0,2,0,73,9,1,0,0
1,1,1,2,1,39,0,0,2,11,1,76,4,1,0,0
4,0,2,2,1,47,1,1,0,12,8,56,31,1,0,3
4,11,2,2,0,43,1,0,2,31,11,83,43,1,1,0
2,11,0,2,1,22,0,0,1,28,5,51,28,1,1,2
5,1,2,0,1,85,1,1,0,6,4,53,11,1,0,1
1,4,1,0,0,32,1,0,2,5,6,85,32,0,0,0
1,1,0,2,0,27,1,0,1,28,7,70,15,1,0,2
2,11,0,3,1,34,1,0,0,16,10,44,2,0,0,2
2,4,1,1,0,85,1,1,2,1,2,41,4,0,0,2
4,9,2,3,0,-5,0,1,1,21,2,87,10,0,1,0
5,0,2,2,1,58,0,1,1,17,7,72,33,0,0,1
9,6,2,3,1,11,0,1,1,22,10,81,21,0,0,0
8,10,2,3,1,45,0,1,2,11,2,75,5,0,1,1
1,1,1,1,1,42,0,0,2,31,8,81,48,0,0,0
2,0,0,3,0,14,1,0,1,31,6,61,10,0,0,0
4,3,1,0,1,66,0,1,1,13,4,83,29,0,0,1
7,8,0,3,0,22,1,0,1,2,5,86,28,0,0,1
7,10,1,1,0,76,1,0,2,23,9,52,3,1,0,0
1,8,0,1,0,7,0,0,2,16,9,86,25,0,1,1
6,3,0,2,0,9,1,0,0,25,5,88,22,0,0,0
1,1,2,0,1,42,0,0,0,14,7,90,36,1,0,0
9,0,2,2,0,141,1,0,2,31,4,48,2,1,1,0
6,3,1,1,1,15,0,0,0,12,3,93,15,1,1,1
5,11,0,2,1,41,0,0,2,21,11,89,42,0,0,0
5,2,0,2,0,169,0,0,0,2,9,68,3,0,1,0
2,10,1,1,1,179,1,0,1,28,1,44,6,1,0,1
8,5,1,3,0,26,0,0,0,29,3,48,3,0,0,0
8,10,2,2,1,155,1,0,1,25,4,57,24,1,1,1
8,10,2,1,1,27,1,1,2,5,5,65,4,1,1,1
9,6,0,2,0,24,0,1,0,24,4,91,15,0,0,1
7,9,1,1,0,50,0,1,2,26,9,55,9,1,1,1
3,6,0,2,0,127,0,0,2,4,8,43,8,1,0,0
9,8,1,3,1,26,0,1,2,14,5,76,3,1,1,0
5,2,0,0,1,61,1,0,1,29,10,75,34,1,1,3
8,3,2,1,0,46,0,0,1,13,0,14,5,1,0,3
3,10,2,0,0,30,0,1,0,13,2,78,33,0,1,2
1,3,1,3,1,150,0,1,2,12,11,57,5,1,0,0
3,9,0,0,1,29,0,1,2,25,11,94,45,0,1,0
2,5,0,3,1,110,1,0,1,19,0,60,2,1,0,0
3,11,2,0,1,160,1,1,1,2,4,40,15,0,0,2
6,5,2,1,0,155,1,0,1,7,2,53,3,0,1,2
1,7,0,1,1,127,1,1,1,3,7,59,4,0,1,3
1,9,1,0,1,168,0,0,1,4,10,63,9,0,1,1
2,10,2,2,1,177,1,0,2,12,1,60,8,1,0,3
9,6,0,2,0,16,1,1,2,2,5,78,10,0,0,1
4,10,0,2,0,51,0,0,0,21,8,55,5,0,1,1
2,9,0,0,0,73,1,1,1,5,4,28,5,1,1,3
7,6,2,1,0,44,1,1,0,24,9,46,12,0,1,2
2,4,1,1,1,35,1,0,1,31,11,85,22,1,0,1
3,6,2,1,1,79,1,1,1,20,8,44,10,1,0,3
4,6,2,3,0,26,0,0,1,24,9,76,8,0,1,2
8,5,1,2,1,34,1,1,0,15,0,87,37,1,1,1
2,4,1,2,0,51,0,1,0,24,1,99,23,0,1,2
8,5,2,1,0,114,0,1,2,27,3,50,32,0,0,0
1,7,2,3,1,154,0,0,1,29,1,56,8,1,0,0
1,4,0,1,0,168,1,1,2,28,0,56,4,1,0,0
2,6,0,3,0,68,1,0,0,19,7,87,52,0,0,1
9,1,1,0,0,66,1,0,0,25,6,68,11,0,0,0
7,0,0,1,1,53,1,0,0,19,11,81,11,0,0,2
1,8,0,2,1,69,1,0,2,26,7,73,31,0,1,3
1,10,2,1,1,172,1,1,2,12,7,58,13,0,1,2
4,11,0,3,1,50,0,0,0,27,5,50,14,1,1,0
6,10,2,0,1,114,1,1,0,3,0,42,11,0,0,2
1,9,1,1,1,174,0,0,2,26,0,64,3,0,1,0
5,7,0,2,1,16,0,1,2,28,6,89,25,1,1,2
9,10,2,0,0,44,1,0,1,2,3,43,23,0,0,2
9,7,0,1,1,-1,1,1,2,6,7,70,4,0,0,1
4,4,1,3,1,2,1,1,0,27,11,80,14,0,1,2
2,3,2,3,0,42,1,0,0,3,9,57,3,0,1,2
1,2,2,2,1,42,1,1,1,20,0,53,13,0,1,2
3,6,0,0,1,54,0,1,1,24,1,46,26,0,1,3
4,11,1,3,0,22,1,1,0,15,9,80,16,1,0,0
5,11,2,3,0,46,1,0,0,28,3,52,43,1,1,2
1,7,1,2,1,26,1,0,0,19,3,47,31,0,0,3
5,6,1,1,1,25,1,0,0,25,11,86,29,1,1,3
9,5,1,2,1,92,0,0,1,30,11,72,12,1,1,0
5,5,2,2,0,46,0,0,1,19,8,59,7,1,1,2
6,0,2,2,0,76,1,0,2,19,6,80,5,0,1,1
9,5,2,2,1,61,0,1,0,27,7,39,6,1,1,1
7,6,2,3,1,159,0,0,1,21,10,65,2,1,1,0
5,2,2,2,0,100,0,1,1,23,0,50,4,0,0,0
4,4,1,1,0,146,1,0,1,21,3,68,7,1,0,2
2,3,1,0,0,20,1,0,2,2,1,53,18,0,0,3
3,10,0,2,1,142,1,0,2,4,9,69,7,0,1,0
7,8,2,3,1,36,1,0,2,16,8,69,19,0,1,2
2,1,2,0,0,23,1,0,1,20,4,82,1,0,1,2
7,2,1,3,0,165,0,1,2,8,3,51,8,0,0,1
1,6,1,3,0,121,1,0,2,1,4,51,4,0,0,1
8,3,1,3,1,117,1,0,2,23,10,65,3,0,0,0
4,10,0,1,1,14,1,0,1,21,9,49,3,1,1,2
2,7,2,1,1,46,0,0,2,31,2,51,20,1,1,1
1,4,1,0,1,43,1,1,1,2,11,74,20,1,0,1
6,11,0,0,1,12,1,1,1,29,6,58,7,0,0,0
2,0,1,1,0,79,0,1,2,20,6,68,12,1,0,0
2,0,1,0,1,95,1,0,1,28,4,58,12,1,0,2
9,6,0,0,1,38,1,0,0,28,2,85,21,0,1,0
4,3,2,3,0,27,0,1,2,14,3,75,8,1,0,0
2,10,1,0,0,69,0,0,0,22,6,71,17,0,0,1
1,0,0,3,0,39,0,1,0,6,2,61,8,1,1,0
9,8,2,2,0,28,0,0,2,7,4,82,12,0,1,1
7,9,1,0,1,125,0,0,0,13,7,64,7,1,1,0
2,3,0,3,1,-15,1,0,0,22,8,65,4,0,0,1
1,9,1,3,0,16,0,0,1,24,0,50,6,1,1,2
5,0,1,1,1,123,1,1,0,20,4,53,18,1,1,2
1,7,0,1,0,9,1,0,2,18,6,97,43,1,1,1
8,10,0,2,0,5,1,1,2,12,1,82,7,0,1,2
6,10,1,0,0,128,0,1,1,17,9,80,7,1,1,1
2,0,0,1,1,85,1,0,1,27,1,55,10,0,1,0
2,0,1,0,1,23,0,1,0,14,11,86,20,1,0,0
2,0,2,0,0,138,0,1,0,5,8,57,4,1,1,1
2,3,1,1,0,87,1,1,2,8,6,49,6,0,0,1
1,2,2,3,0,50,1,0,2,26,5,65,41,1,1,1
2,4,2,0,0,61,1,0,2,8,4,64,3,1,0,0
6,9,2,0,1,96,0,0,2,24,9,72,31,0,1,3
2,6,1,0,0,29,1,1,0,3,1,92,20,1,1,3
2,1,0,2,0,17,1,1,0,11,9,46,22,1,0,3
2,11,1,2,1,45,0,0,0,4,3,72,45,0,0,0
7,5,2,3,1,31,0,1,1,12,9,68,18,1,1,3
8,10,0,2,1,34,0,0,0,26,0,99,30,1,0,1
2,11,1,0,0,61,1,1,2,16,8,54,11,1,1,2
3,2,0,1,0,141,1,0,2,20,3,38,2,0,0,1
2,2,2,0,0,40,1,0,1,15,7,71,37,1,1,0
5,0,0,1,0,151,1,0,2,26,10,51,3,1,0,1
2,0,1,1,1,165,0,1,0,22,2,60,10,0,0,0
5,8,2,0,0,28,1,0,2,26,8,20,16,1,1,3
9,2,1,0,0,128,0,1,2,13,4,53,38,1,1,1
9,11,1,1,0,54,0,1,0,30,9,39,3,1,0,1
8,6,1,3,0,18,0,0,2,31,4,90,22,1,0,0
7,3,0,0,1,68,0,0,1,10,1,71,18,1,1,1
8,5,0,1,1,48,1,0,2,8,8,63,17,0,0,0
4,10,1,0,0,65,1,1,1,8,0,45,3,1,0,1
3,10,2,2,1,171,0,0,0,15,5,56,6,0,0,2
1,7,2,3,0,64,0,1,0,2,2,57,2,0,0,1
1,7,2,1,1,123,0,0,1,22,6,54,1,0,1,0
8,11,1,3,1,22,0,0,0,30,3,76,18,0,1,1
4,4,1,0,0,126,0,0,2,1,8,46,4,1,1,1
8,1,0,1,0,131,1,1,0,24,8,71,13,0,1,0
3,8,0,0,0,108,1,0,1,29,0,51,18,0,1,0
3,1,0,1,1,51,1,0,2,8,3,74,29,0,1,0
2,3,0,2,0,37,0,0,0,29,6,65,20,1,0,2
1,4,1,2,1,100,1,1,1,6,7,69,35,0,0,3
1,10,0,2,0,74,0,0,2,6,11,45,16,1,1,0
1,1,2,2,0,15,0,1,0,18,4,81,24,0,1,0
2,5,0,0,0,53,1,1,0,25,8,51,11,1,1,2
