1,3,2,1,1,48,0,0,0,24,11,68,9,1,1,3
1,5,1,3,1,172,1,0,1,4,9,66,5,0,0,1
1,5,1,0,1,14,0,1,2,30,7,53,16,1,0,2
1,7,0,2,0,8,0,0,2,27,6,64,63,0,0,2
1,10,1,1,0,53,0,0,2,14,11,52,10,0,1,1
1,10,0,3,1,66,1,1,0,21,10,79,34,0,1,3
1,3,2,3,0,157,1,0,2,12,3,29,35,0,0,2
1,5,0,2,0,163,0,0,1,2,4,70,17,1,1,3
1,10,2,2,1,96,1,0,1,7,1,62,23,0,1,1
1,0,2,0,0,131,0,0,0,13,9,54,24,0,1,3
1,2,1,2,1,-10,0,1,0,13,2,84,26,1,1,2
1,6,0,2,0,23,1,1,0,9,7,82,34,0,1,1
1,10,1,3,0,172,0,0,0,29,4,94,23,1,1,0
1,0,0,1,1,157,1,0,1,5,8,60,10,0,0,2
1,8,2,0,0,135,0,1,1,30,10,44,1,0,1,2
1,5,2,1,1,83,0,0,1,2,9,73,11,0,1,0
1,3,2,2,1,-10,0,0,0,13,3,84,27,1,1,3
1,5,1,1,0,116,1,0,2,7,9,26,32,0,0,3
1,5,2,2,0,149,0,1,1,12,9,70,26,0,1,1
1,6,0,2,0,163,0,0,1,1,4,69,17,1,1,3
1,0,0,1,0,130,0,0,0,13,8,54,23,0,1,3
1,9,0,0,1,68,1,0,0,12,4,69,20,0,1,3
1,8,1,0,1,147,0,1,1,28,0,84,21,1,1,1
1,8,1,3,0,173,0,0,2,15,11,75,13,1,1,2
1,6,1,1,1,87,1,1,1,4,10,88,3,0,1,1
1,4,1,3,1,173,0,0,2,24,4,24,10,0,0,2
1,1,2,3,1,117,0,0,0,2,8,46,2,0,1,3
1,2,0,3,1,125,0,0,1,16,10,58,41,1,0,2
1,5,2,3,0,112,1,0,2,14,7,61,28,1,1,2
1,3,2,1,1,48,0,0,0,24,10,69,10,1,1,3
1,2,2,0,0,91,1,0,1,20,2,38,45,0,0,2
1,6,0,3,0,53,1,0,0,13,9,98,35,1,1,1
1,5,0,0,1,117,0,0,1,2,5,82,16,1,1,2
1,3,2,3,1,121,0,0,1,3,10,55,31,1,1,3
1,2,1,3,1,148,0,0,1,13,10,58,12,1,0,2
1,0,2,3,0,49,0,0,1,4,0,94,7,1,1,3
1,5,1,1,0,-10,1,0,0,14,5,86,9,1,0,2
1,5,0,2,0,164,0,0,1,2,5,69,16,1,1,3
1,5,1,2,0,116,1,0,2,7,11,26,31,0,0,3
1,0,0,3,1,119,1,0,0,22,1,60,28,0,1,1
1,7,0,3,1,159,0,1,1,28,6,45,2,1,0,2
1,1,2,2,0,109,0,1,2,5,6,79,24,1,1,0
1,1,1,0,1,48,1,1,2,4,0,71,8,0,1,2
1,1,0,3,0,161,1,0,0,16,7,77,10,0,1,3
1,0,2,0,0,130,1,0,0,13,9,54,22,0,1,3
1,8,1,0,0,135,0,0,1,29,10,42,2,0,1,2
1,4,0,3,0,-13,1,0,2,5,0,99,15,1,1,3
1,2,2,2,1,-10,0,1,0,13,1,85,26,1,1,3
1,2,2,3,0,157,1,0,2,11,3,29,34,0,0,3
1,2,2,1,1,-5,1,1,1,4,2,74,19,0,1,3
1,9,1,0,0,139,0,1,2,24,8,71,5,1,0,0
1,6,0,2,0,83,1,1,2,8,6,52,1,0,0,0
1,7,2,3,1,163,1,0,1,20,10,64,5,0,0,1
1,0,0,1,1,8,1,1,0,17,8,90,24,0,1,0
1,6,1,3,1,25,0,1,0,6,4,52,11,0,1,3
1,2,2,3,1,-10,0,0,0,13,2,85,27,1,1,3
1,0,0,0,0,32,0,0,0,6,3,81,17,1,1,3
1,6,2,0,0,160,0,1,0,20,6,53,20,0,0,0
1,3,1,2,1,48,0,0,0,26,10,68,9,1,1,3
1,0,2,3,0,49,1,0,1,4,0,93,9,1,1,3
1,0,0,1,1,16,0,0,1,23,5,94,13,1,1,1
1,5,1,2,0,165,1,0,1,2,4,69,17,1,1,3
1,9,1,0,0,136,0,0,1,29,10,44,1,0,1,2
1,11,2,3,1,134,1,1,1,14,10,65,4,0,0,1
1,10,1,1,0,153,0,0,0,9,6,72,8,0,1,3
1,0,1,0,0,50,1,0,2,4,0,71,9,0,1,2
1,0,0,1,1,15,0,0,2,23,5,93,14,1,1,1
1,8,1,1,1,95,1,0,2,12,6,56,7,1,0,1
1,11,0,3,0,28,0,1,1,17,10,33,5,1,0,3
1,8,1,2,0,92,0,1,0,2,10,87,6,1,1,2
1,5,0,2,0,164,0,0,1,2,5,69,16,1,1,2
1,6,0,3,1,173,0,0,2,15,11,75,13,1,1,2
1,7,2,3,1,162,1,0,1,21,11,65,5,0,0,1
1,3,2,2,1,-10,0,0,0,11,2,84,26,1,1,3
1,5,2,2,0,8,1,1,0,29,4,96,34,1,1,0
1,0,1,2,1,-10,1,0,2,20,8,48,22,0,0,3
1,0,0,0,0,49,0,1,2,3,0,71,8,0,1,2
1,4,1,3,0,23,1,0,2,6,11,57,8,1,1,2
1,0,0,3,1,80,0,0,0,25,10,67,4,0,1,2
1,1,0,1,1,-19,1,0,2,23,9,75,41,0,0,2
1,0,1,2,1,167,1,0,0,22,8,63,23,1,0,3
1,9,2,2,0,4,1,0,0,29,11,92,15,1,0,1
1,6,1,3,1,159,0,1,1,28,7,44,2,1,0,2
1,1,2,1,0,-10,0,0,1,22,5,55,32,1,0,3
1,0,1,0,0,49,1,0,2,6,0,71,8,0,1,2
1,0,0,1,0,49,1,0,2,11,6,50,10,1,0,1
1,0,1,3,0,38,1,0,1,4,5,43,10,0,1,3
1,3,0,3,1,104,0,0,0,22,1,53,27,0,1,1
1,6,0,3,0,52,1,0,0,13,9,98,34,1,1,1
1,0,1,0,0,49,1,0,2,3,0,71,7,0,1,2
1,10,0,0,0,139,0,1,2,22,8,71,5,1,0,0
1,10,0,1,0,123,1,0,1,28,6,55,23,1,0,1
1,1,1,3,0,108,0,0,2,6,6,79,25,1,1,0
1,8,1,0,0,135,0,1,1,30,11,44,1,0,1,2
1,5,2,3,0,150,0,1,1,12,9,70,26,0,1,1
1,0,1,2,0,94,0,0,0,30,10,95,41,1,1,1
1,11,1,1,0,155,0,0,0,9,6,72,7,0,1,3
1,0,1,0,0,49,0,1,2,4,0,72,7,0,1,2
1,8,0,0,0,121,0,0,1,5,2,47,4,0,0,1
1,0,1,2,0,87,1,1,2,20,6,86,2,1,1,2
1,11,0,2,1,133,0,1,2,7,10,43,1,0,0,1
1,4,2,1,1,13,1,1,2,29,2,73,32,0,1,0
1,10,0,3,1,67,1,1,0,22,9,79,34,0,1,3
1,11,0,0,0,54,0,0,2,14,11,54,10,0,1,1
1,0,1,3,0,38,1,0,1,4,5,47,10,0,1,3
1,6,1,1,0,86,1,1,1,4,8,88,1,0,1,1
1,2,0,2,1,105,0,0,0,22,1,53,26,0,1,1
1,2,1,3,1,148,0,0,0,14,10,58,12,1,0,2
1,6,2,1,0,-18,0,0,2,27,10,64,13,0,0,1
1,4,0,2,0,132,0,0,0,13,10,98,37,1,1,1
1,10,2,3,0,85,0,0,1,8,5,65,9,1,1,2
1,3,2,2,0,1,1,0,0,7,6,91,1,1,0,0
1,11,0,3,1,96,1,1,2,8,6,65,5,0,1,3
1,1,2,1,1,-6,1,1,1,3,2,74,20,0,1,3
1,3,0,1,1,99,0,0,0,26,5,48,28,1,0,1
1,9,1,3,1,172,0,0,0,28,3,94,23,1,1,0
1,6,0,0,0,-17,0,0,2,27,9,64,13,0,0,1
1,2,1,2,1,17,0,1,0,30,10,80,8,1,0,1
1,0,1,2,1,3,0,0,0,27,10,66,32,1,0,3
1,1,0,3,0,178,0,0,0,16,2,62,41,1,0,0
1,0,1,0,0,130,0,0,0,12,8,53,23,0,1,3
1,10,0,2,1,67,1,1,0,22,10,79,34,0,1,3
1,7,2,3,1,163,1,0,1,21,11,64,5,0,0,1
1,0,2,3,0,42,1,0,1,2,3,98,31,1,1,0
1,2,0,2,1,5,1,1,0,8,10,33,7,0,0,3
1,0,0,0,0,31,0,1,0,5,3,81,18,1,1,3
1,6,0,2,0,164,0,0,0,2,4,69,16,1,1,3
1,5,1,0,0,-5,1,1,1,13,8,77,4,1,0,1
1,0,1,0,1,107,1,0,1,8,1,27,32,0,0,3
1,6,2,0,0,131,1,0,0,29,1,67,20,1,0,0
1,10,0,1,1,48,0,0,2,2,9,69,12,0,1,0
1,7,0,1,1,159,0,1,2,16,9,71,13,1,0,1
1,10,1,0,0,122,0,1,2,26,8,70,10,1,0,0
1,5,0,2,0,164,0,0,1,2,2,69,18,1,1,3
1,4,0,2,0,145,1,1,2,16,6,84,24,0,1,0
1,5,1,2,0,116,1,0,2,6,9,27,31,0,0,3
1,8,1,2,0,135,0,0,1,29,10,44,2,0,1,2
1,5,2,2,0,7,0,1,0,29,4,96,34,1,1,0
1,4,0,1,0,132,0,0,0,13,9,98,37,1,1,1
1,4,1,1,0,113,1,0,1,10,0,38,46,0,0,1
1,1,2,1,0,144,1,0,1,29,5,46,4,0,1,3
1,3,2,3,0,-8,1,1,2,31,0,65,7,1,0,1
1,2,2,3,0,-9,1,1,2,31,1,65,8,1,0,1
1,6,1,0,1,-8,0,1,1,20,8,80,7,1,0,0
1,5,0,2,0,144,1,1,2,14,6,85,23,0,1,0
1,10,0,0,0,139,0,1,2,22,8,69,5,1,0,0
1,0,0,2,0,17,1,1,1,18,6,69,50,0,0,1
1,9,2,0,1,61,1,0,2,26,2,60,20,0,1,1
1,6,2,3,1,178,0,1,1,9,10,64,55,0,0,1
1,7,1,2,0,81,0,0,1,5,2,47,4,0,1,2
1,4,0,0,1,103,0,1,2,14,1,45,1,0,1,2
1,4,2,1,0,25,0,1,2,5,0,48,10,1,0,0
1,11,0,3,1,96,1,1,1,8,6,65,5,0,1,3
1,3,0,1,1,98,0,0,0,26,5,48,27,1,0,1
1,0,1,2,1,95,0,0,0,30,11,95,42,1,1,1
1,10,2,1,1,167,0,1,1,25,1,51,34,1,0,1
1,2,2,0,0,-5,1,1,1,20,6,83,46,0,0,0
1,0,1,3,1,-11,1,1,2,20,8,48,23,0,0,3
1,1,1,3,0,-19,0,0,0,25,0,88,9,1,1,3
1,7,0,3,1,131,1,1,2,25,3,70,6,0,1,2
1,4,0,2,0,117,0,0,2,7,9,26,31,0,0,3
1,5,2,1,0,131,0,0,0,13,10,98,37,1,1,1
1,6,1,1,0,131,0,0,0,13,11,98,37,1,1,1
1,1,2,0,0,137,1,0,2,4,3,47,4,0,0,0
1,4,1,2,0,143,1,1,2,13,6,84,24,0,1,0
1,1,0,3,1,80,0,0,0,24,10,68,3,0,1,2
1,4,0,1,0,25,0,1,2,5,0,49,9,1,0,0
1,3,1,2,0,100,0,0,0,15,7,49,23,0,1,2
1,1,0,1,1,175,0,0,2,30,0,84,3,1,1,1
1,9,0,1,0,139,0,1,2,21,7,71,5,1,0,0
1,5,1,2,0,118,1,0,2,5,9,26,31,0,0,3
1,4,0,1,1,102,0,1,2,14,2,45,2,0,1,2
1,2,1,1,1,-6,1,1,1,3,2,73,19,0,1,3
1,8,1,0,0,139,0,1,2,22,8,71,5,1,0,0
1,6,1,2,0,84,1,1,2,7,6,51,1,0,0,0
1,4,1,2,0,116,1,0,2,7,9,27,31,0,0,3
1,2,1,3,0,150,0,1,0,18,7,65,10,0,1,3
1,11,2,0,0,151,0,0,1,10,3,79,15,1,1,1
1,2,1,3,1,121,1,1,0,28,3,72,37,0,1,1
1,2,2,3,0,157,1,0,2,10,3,29,34,0,0,2
1,9,2,1,1,173,0,1,2,17,11,46,3,0,1,3
1,4,2,1,0,26,1,0,2,18,11,97,14,0,1,0
1,6,2,2,1,179,0,0,0,9,10,64,55,0,0,1
1,10,0,3,1,96,1,1,2,8,5,64,5,0,1,3
1,2,1,2,1,-16,0,0,0,17,7,64,14,0,0,2
1,11,1,2,0,114,1,1,2,2,9,50,25,0,0,0
1,0,2,0,0,137,1,0,2,3,3,47,4,0,0,0
1,0,1,2,1,175,0,0,2,30,0,84,2,1,1,1
1,10,2,3,1,67,1,1,0,21,10,79,34,0,1,3
1,1,2,3,0,117,0,0,0,2,8,44,2,0,1,2
1,7,1,2,0,8,0,0,2,27,7,62,63,0,0,3
1,6,0,0,0,122,0,0,1,5,2,47,4,0,0,1
1,6,1,0,0,117,0,1,0,2,6,90,21,1,1,2
1,4,0,3,1,164,0,0,1,2,4,69,17,1,1,3
1,4,1,1,0,26,1,0,2,19,11,97,13,0,1,0
1,2,1,0,0,-5,1,1,1,21,6,83,46,0,0,0
1,10,1,2,1,67,1,1,0,21,11,79,33,0,1,3
1,2,1,2,1,18,0,1,0,30,10,81,8,1,0,1
1,3,1,1,0,112,1,0,1,11,0,38,45,0,0,1
1,2,2,1,1,-11,0,0,0,14,2,84,26,1,1,3
1,1,2,3,1,-10,0,0,0,12,2,84,26,1,1,3
1,4,0,2,0,114,0,0,0,23,0,34,39,0,0,1
1,6,0,1,0,131,0,0,0,12,9,98,37,1,1,1
1,11,2,2,0,14,1,1,1,18,6,43,7,0,0,2
1,10,2,1,1,59,1,0,2,26,3,60,19,0,1,1
1,0,1,0,0,129,0,0,0,14,10,54,23,0,1,3
1,2,2,2,1,-9,0,0,0,13,2,86,26,1,1,3
1,11,2,0,0,53,0,0,2,13,11,54,10,0,1,1
1,7,0,3,1,112,1,0,0,29,6,66,45,0,1,3
1,7,1,3,0,81,0,0,1,5,1,48,4,0,1,1
1,6,2,0,0,131,1,0,0,28,2,67,20,1,0,0
1,3,2,3,1,130,1,1,1,6,0,78,51,0,1,0
1,7,0,3,0,9,0,0,2,27,6,62,63,0,0,3
1,8,0,0,1,49,1,0,2,6,6,44,1,0,0,0
1,9,0,0,0,139,0,1,2,23,8,71,5,1,0,0
1,10,2,3,0,146,0,0,2,7,7,67,59,0,1,0
1,11,2,0,1,59,1,0,2,26,1,61,20,0,1,1
1,3,2,2,1,-8,0,0,0,13,2,84,26,1,1,3
1,6,0,1,1,134,0,1,1,13,7,59,3,1,0,2
1,0,1,0,1,-1,1,0,0,23,8,76,22,0,1,2
1,10,1,1,1,89,0,0,2,9,10,90,34,1,1,0
1,7,2,2,1,155,1,0,2,28,10,80,40,0,1,0
1,2,0,3,1,4,1,1,0,8,10,33,6,0,0,3
1,0,1,1,0,50,1,1,2,4,0,71,9,0,1,2
1,0,2,0,1,107,1,0,1,8,1,27,32,0,0,3
1,2,2,2,0,148,0,0,0,13,10,58,12,1,0,2
1,4,0,0,0,117,0,0,1,1,5,82,16,1,1,1
1,4,0,2,1,23,1,0,2,7,11,57,8,1,1,2
1,1,2,2,1,-9,0,0,0,13,2,83,26,1,1,3
1,4,1,3,1,22,1,0,2,7,11,56,8,1,1,2
1,8,1,2,0,80,0,0,0,28,8,63,31,0,1,1
1,10,2,0,1,60,1,0,2,26,2,60,22,0,1,1
1,8,0,2,1,-15,1,0,2,19,5,84,23,1,1,3
1,1,1,2,0,-10,0,0,0,13,2,84,26,1,1,3
1,8,0,0,1,48,1,0,2,6,5,45,2,0,0,0
1,2,2,2,1,-10,1,0,1,14,2,84,26,1,1,3
1,1,0,2,0,-19,1,1,1,23,9,75,41,0,0,2
1,1,2,0,1,107,1,0,1,8,1,27,32,0,0,3
1,3,1,3,1,6,0,0,1,4,1,83,14,1,1,1
1,5,0,3,0,116,1,0,2,7,9,26,31,0,0,3
1,7,2,2,0,174,0,1,2,4,6,47,4,0,0,0
1,9,2,1,0,96,1,0,1,7,1,62,23,0,1,1
1,0,0,0,0,31,0,0,0,5,3,83,17,1,1,3
1,4,1,2,1,125,1,1,0,30,9,77,10,1,0,2
1,11,2,0,0,152,0,0,1,12,4,79,15,1,1,1
1,0,1,0,0,85,1,1,2,20,5,86,3,1,1,2
1,2,2,2,1,-9,0,0,1,13,3,84,26,1,1,3
1,6,2,1,0,-10,1,0,0,14,4,90,29,0,1,1
1,8,0,0,0,125,1,0,1,18,9,94,10,1,1,3
1,2,1,0,1,-7,1,0,0,23,5,76,11,0,0,0
1,6,2,0,1,159,0,0,0,19,6,53,20,0,0,0
1,10,0,3,0,-13,0,1,0,27,8,90,32,0,0,1
1,11,2,2,1,159,0,1,0,24,3,90,15,1,1,2
1,5,1,2,0,8,1,1,0,30,4,96,34,1,1,0
1,10,1,2,1,89,0,0,2,7,10,90,33,1,1,0
1,5,0,0,0,120,0,0,1,5,2,47,4,0,0,1
1,3,2,3,0,150,0,1,0,18,8,65,11,0,1,3
1,4,2,1,0,130,1,1,1,31,5,60,6,1,0,1
1,7,2,2,1,155,1,0,2,27,11,80,39,0,1,0
1,10,2,0,1,106,0,0,0,16,2,73,9,1,1,3
1,1,0,1,1,104,0,0,0,22,1,53,27,0,1,1
1,0,1,1,1,107,1,0,1,8,0,27,32,0,0,3
1,5,0,2,0,165,0,0,1,2,4,68,17,1,1,3
1,8,1,0,1,135,0,0,2,29,10,43,1,0,1,2
1,10,1,0,0,54,0,0,2,15,11,54,10,0,1,1
1,2,2,3,0,113,0,1,2,13,8,44,2,1,1,3
1,9,2,3,0,145,0,0,2,7,6,67,58,0,1,0
1,0,0,2,0,142,0,0,0,25,2,45,1,0,0,0
1,11,1,2,1,164,1,1,2,25,4,78,12,1,0,0
1,6,2,0,1,7,0,0,2,9,4,50,31,0,0,1
1,1,2,3,0,23,0,0,1,18,2,24,23,0,1,3
1,7,2,1,1,104,1,0,1,11,4,61,19,0,1,2
1,3,2,2,1,-9,0,0,1,13,2,84,26,1,1,3
1,1,2,1,1,175,0,0,2,30,0,84,3,1,1,1
1,7,1,0,1,136,0,0,1,29,10,44,1,0,1,2
1,5,1,2,1,170,0,0,2,24,5,24,10,0,0,2
1,7,1,0,0,135,0,0,1,29,11,44,1,0,1,2
1,4,1,1,1,171,0,0,2,24,4,24,10,0,0,2
1,11,0,2,0,-10,1,0,2,18,5,71,5,0,0,0
1,2,2,2,1,-9,0,0,0,13,2,85,27,1,1,3
1,9,0,2,1,134,0,1,2,7,10,44,1,0,0,1
1,3,0,0,1,48,0,0,1,24,10,68,9,1,1,3
1,3,2,2,0,1,1,0,0,7,7,91,2,1,0,0
1,6,1,2,0,117,1,0,2,7,10,26,32,0,0,3
1,8,2,3,1,-18,0,0,2,8,1,62,37,1,0,3
1,4,2,3,1,125,1,1,0,30,8,77,9,1,0,2
1,4,1,1,1,48,0,0,0,23,10,68,9,1,1,3
1,4,0,3,0,144,1,1,2,13,6,84,24,0,1,0
1,7,2,0,0,-17,0,0,2,27,10,64,13,0,0,1
1,2,1,2,0,-17,0,1,0,17,7,64,14,0,0,1
1,5,1,3,1,172,0,0,1,6,9,66,5,0,0,0
1,2,0,3,1,5,1,1,0,8,10,32,7,0,0,3
1,0,1,0,0,130,0,0,0,13,10,52,23,0,1,3
1,6,0,0,1,52,0,1,1,15,3,59,10,0,1,2
1,0,2,0,0,130,0,1,0,13,9,54,24,0,1,3
1,9,1,0,0,139,0,1,2,21,9,71,5,1,0,0
1,3,2,3,0,156,1,0,2,11,2,29,34,0,0,2
1,6,1,1,0,-18,0,0,2,27,9,64,12,0,0,1
1,7,0,3,1,170,1,0,2,8,5,49,30,1,0,3
1,1,1,0,1,175,0,0,2,30,0,84,2,1,1,1
1,0,1,2,0,85,1,1,2,21,6,87,4,1,1,2
1,2,1,1,1,-18,0,0,0,17,7,64,14,0,0,1
1,4,0,1,0,113,0,0,0,23,0,34,38,0,0,2
1,4,0,1,0,131,0,0,0,13,10,98,38,1,1,1
1,10,0,1,1,-20,1,1,0,16,1,90,4,0,1,1
1,10,2,1,1,59,1,0,2,26,2,61,21,0,1,1
1,5,0,1,0,163,0,0,0,2,4,69,17,1,1,3
1,0,1,1,0,131,0,0,0,13,8,54,23,0,1,3
1,5,1,2,1,169,1,1,1,12,2,75,26,1,0,0
1,11,1,2,1,134,0,1,2,8,10,44,1,0,0,1
1,6,0,1,0,130,0,0,0,13,10,97,37,1,1,1
1,7,1,1,1,104,1,0,1,11,4,61,20,0,1,2
1,0,1,1,1,-10,1,0,1,22,5,55,32,1,0,3
1,2,2,3,0,114,0,1,2,12,7,44,1,1,1,3
1,7,1,2,1,171,0,0,2,24,4,24,10,0,0,2
1,6,1,3,0,81,0,0,0,5,1,47,4,0,1,2
1,0,1,0,0,130,0,0,0,12,9,53,23,0,1,3
1,6,2,0,0,160,0,0,0,20,6,53,19,0,0,0
1,2,2,0,0,92,1,0,1,20,2,38,46,0,0,2
1,6,1,1,0,87,1,1,1,4,10,89,1,0,1,1
1,4,1,3,1,24,1,0,2,7,11,58,8,1,1,2
1,5,1,2,0,117,1,0,2,5,8,26,31,0,0,3
1,7,1,2,0,80,0,0,0,29,9,63,32,0,1,1
1,1,2,1,0,109,0,1,0,28,5,55,27,1,1,3
1,10,0,3,1,67,1,1,0,22,10,79,35,0,1,3
1,11,0,2,0,-10,0,1,1,19,5,71,5,0,0,0
1,5,0,1,1,134,0,1,1,14,7,59,3,1,0,2
1,9,0,3,1,67,1,1,0,21,10,79,33,0,1,3
1,6,1,3,1,171,0,0,2,24,4,24,10,0,0,2
1,4,1,1,0,130,0,1,1,31,5,60,7,1,0,1
1,10,0,1,1,-18,0,1,0,25,1,94,17,1,1,2
1,11,0,0,0,134,1,1,0,23,5,51,16,0,0,3
1,10,0,1,0,72,1,0,1,12,7,56,34,0,1,3
1,6,0,3,0,93,0,0,2,4,10,69,23,1,1,1
1,4,0,0,0,116,0,0,1,3,5,82,16,1,1,2
1,0,1,0,0,130,0,1,0,11,9,54,23,0,1,3
1,6,0,2,1,52,0,1,1,15,3,60,10,0,1,2
1,10,2,0,1,59,1,0,2,28,1,60,20,0,1,1
1,6,1,0,0,118,0,1,0,2,6,92,22,1,1,2
1,1,2,2,1,-10,1,0,0,13,2,83,26,1,1,3
1,0,1,0,1,107,1,0,1,7,1,27,32,0,0,3
1,2,2,1,1,-8,1,1,1,3,2,74,19,0,1,3
1,1,0,1,1,176,0,0,2,30,0,84,2,1,1,1
1,7,1,0,0,117,0,1,0,2,6,93,21,1,1,2
1,11,0,3,1,134,0,1,2,7,10,44,1,0,0,0
1,3,2,3,0,-9,1,1,2,31,0,65,7,1,0,1
1,0,1,0,0,49,1,1,2,4,1,70,9,0,1,2
1,1,1,3,0,113,0,1,2,12,8,44,1,1,1,3
1,5,1,2,1,172,0,0,2,25,4,24,10,0,0,2
1,8,0,1,0,139,0,1,2,22,7,71,5,1,0,0
1,5,1,2,1,117,0,0,2,7,9,27,31,0,0,3
1,4,0,2,0,145,1,1,2,15,5,84,24,0,1,0
1,4,0,0,1,102,0,1,2,14,2,45,2,0,1,3
1,8,0,0,0,68,1,0,0,10,4,69,18,0,1,3
1,8,0,0,0,135,0,0,1,29,10,43,1,0,1,2
1,1,0,2,1,-19,0,0,1,23,9,75,41,0,0,3
1,0,0,3,0,117,1,0,0,22,1,60,28,0,1,1
1,11,0,1,1,89,0,0,2,7,11,90,35,1,1,0
1,3,1,3,0,149,0,1,0,18,9,65,10,0,1,3
1,2,2,2,0,-17,0,0,0,17,7,64,14,0,0,1
1,7,0,2,1,170,1,1,2,8,5,49,30,1,0,3
1,7,0,3,0,173,0,0,2,15,11,76,13,1,1,3
1,6,1,0,0,-17,0,0,2,27,11,64,12,0,0,1
1,2,1,2,1,-17,0,0,0,17,7,63,14,0,0,2
1,3,0,3,0,-13,1,0,1,4,0,99,14,1,1,3
1,10,1,0,1,135,0,0,1,29,10,44,1,0,1,2
1,0,0,2,1,7,1,0,0,17,8,90,24,0,1,0
1,4,0,2,1,96,0,1,1,15,2,59,43,1,0,1
1,2,2,1,1,-6,1,1,1,3,2,72,19,0,1,3
1,2,2,2,1,-10,0,0,0,11,2,84,26,1,1,2
1,0,0,3,1,167,1,0,0,22,8,63,23,1,0,3
1,7,1,2,0,172,0,0,2,14,11,75,13,1,1,2
1,6,0,1,0,131,0,0,0,13,9,98,37,1,1,1
1,4,0,0,0,118,0,0,1,2,5,81,16,1,1,2
1,11,2,2,0,85,0,0,1,8,5,65,8,1,1,2
1,7,0,1,0,-8,1,0,0,5,3,73,5,0,1,3
1,7,2,2,1,155,1,0,2,28,10,80,38,0,1,0
1,5,1,3,1,170,0,0,2,24,5,24,11,0,0,2
1,1,2,3,0,118,0,0,0,2,8,45,2,0,1,2
1,7,0,0,1,159,0,1,2,16,10,71,12,1,0,1
1,5,2,2,0,118,1,0,2,7,9,26,31,0,0,3
1,4,0,2,0,144,1,1,2,15,5,84,24,0,1,0
1,7,2,1,0,1,1,0,2,10,6,96,4,1,1,2
1,2,0,3,0,148,0,0,0,13,11,58,12,1,0,2
1,7,0,1,0,-8,1,0,1,6,3,73,5,0,1,2
1,1,0,2,0,-19,1,0,1,23,9,75,41,0,0,2
1,6,1,0,0,-18,0,0,2,28,10,64,14,0,0,1
1,10,2,0,1,59,1,0,2,25,2,60,21,0,1,1
1,5,1,2,0,116,1,0,2,8,9,26,32,0,0,3
1,11,1,3,0,66,0,1,1,18,0,48,5,1,0,1
1,1,0,0,1,-13,1,1,0,12,8,84,12,1,0,1
1,2,2,1,1,-6,1,1,0,2,2,74,19,0,1,3
1,1,0,1,0,0,1,0,2,23,7,83,36,0,1,0
1,4,1,3,0,113,1,0,0,23,8,90,15,0,1,2
1,6,1,2,0,79,0,0,0,28,9,63,31,0,1,1
1,0,1,1,1,-11,1,1,2,19,8,48,22,0,0,3
1,7,0,0,1,67,1,0,0,10,3,69,20,0,1,3
1,0,2,3,1,48,1,0,1,18,2,97,11,1,1,1
1,5,0,2,0,163,0,0,2,2,4,69,17,1,1,2
1,0,1,3,1,117,1,0,0,22,1,60,28,0,1,1
1,4,2,1,0,33,1,1,1,31,7,85,25,1,1,2
1,5,1,1,0,117,1,0,2,7,10,26,32,0,0,3
1,5,0,2,0,131,0,0,0,12,10,98,36,1,1,1
1,5,0,3,1,159,0,1,1,28,7,44,2,1,0,2
1,3,1,0,1,98,0,0,0,26,5,49,28,1,0,1
1,0,2,3,1,93,0,0,0,2,2,45,2,1,0,1
1,3,1,1,1,48,0,0,1,24,10,69,10,1,1,3
1,5,1,3,1,171,0,0,2,25,4,25,11,0,0,2
1,3,2,1,0,1,1,0,0,7,6,90,1,1,0,0
1,9,1,0,1,53,0,0,2,14,10,54,10,0,1,1
1,11,1,2,1,159,0,1,0,24,2,90,15,1,1,2
1,7,2,3,0,173,0,0,1,15,11,75,14,1,1,2
1,0,0,3,0,80,0,0,0,24,9,67,3,0,1,2
1,8,2,3,1,-18,0,0,2,7,0,61,37,1,0,2
1,9,0,0,0,138,0,1,2,22,8,70,4,1,0,0
1,2,0,2,1,104,0,0,0,23,1,53,26,0,1,1
1,3,0,0,0,102,0,1,2,14,1,45,2,0,1,2
1,11,1,2,0,115,1,1,2,3,10,50,24,0,0,0
1,5,1,3,0,172,1,0,1,6,9,66,4,0,0,1
1,10,0,1,1,89,0,0,2,9,10,90,34,1,1,0
1,8,2,0,0,135,0,0,0,29,9,44,1,0,1,2
1,0,1,2,1,95,0,0,0,31,10,96,41,1,1,1
1,5,0,2,0,164,0,0,1,3,2,69,17,1,1,3
1,4,2,1,1,116,0,1,2,22,0,68,27,1,1,0
1,0,0,0,0,-12,0,0,0,13,3,62,33,0,1,3
1,0,2,3,1,48,1,0,1,18,3,97,11,1,1,1
1,6,2,1,0,141,0,0,1,19,3,45,1,0,1,3
1,6,1,3,0,92,1,0,2,4,10,69,24,1,1,1
1,8,2,2,1,-18,0,0,2,7,1,62,37,1,0,3
1,10,0,3,0,68,1,1,0,21,11,79,33,0,1,3
1,0,2,1,0,49,1,1,2,4,0,71,8,0,1,2
1,4,2,1,1,25,0,1,2,6,0,49,9,1,0,0
1,3,1,3,0,151,0,1,1,18,8,65,10,0,1,3
1,2,2,2,1,-11,0,0,0,13,2,84,28,1,1,3
1,4,2,1,0,24,0,1,2,5,0,49,9,1,0,0
1,4,0,1,0,131,0,0,0,14,10,98,36,1,1,1
1,2,0,3,1,124,0,0,1,19,10,58,41,1,0,2
1,6,0,3,0,92,0,0,1,4,10,68,24,1,1,1
1,5,0,2,0,144,1,1,2,14,6,83,25,0,1,0
1,9,0,0,0,125,1,0,1,20,11,94,10,1,1,3
1,9,1,0,0,127,1,0,1,18,11,94,10,1,1,3
1,0,0,3,1,167,1,0,0,22,9,62,23,1,0,3
1,5,1,2,0,164,0,0,1,1,4,69,16,1,1,3
1,1,2,3,1,118,0,0,1,2,8,45,2,0,1,2
1,1,0,1,1,-1,0,0,2,17,7,77,18,0,1,1
1,6,0,2,0,8,0,0,2,26,6,61,63,0,0,3
1,11,1,2,0,114,0,1,1,2,10,50,24,0,0,0
1,6,2,0,0,-5,1,1,1,14,8,77,5,1,0,1
1,5,0,2,0,118,1,0,2,7,9,27,31,0,0,3
1,0,1,3,0,86,1,1,2,20,6,86,3,1,1,2
1,1,1,0,1,-7,1,0,0,23,4,76,10,0,0,0
1,7,1,2,0,74,1,1,0,11,4,57,11,0,0,1
1,2,0,1,0,154,1,0,1,17,11,67,34,0,1,3
1,10,0,3,0,67,1,1,0,22,11,79,35,0,1,3
1,1,0,0,1,50,1,0,2,11,4,50,10,1,0,1
1,4,1,3,1,171,0,0,1,23,4,24,10,0,0,2
1,3,1,2,0,113,1,0,0,23,8,89,15,0,1,2
1,5,0,1,0,131,0,0,0,14,10,98,38,1,1,1
1,0,2,1,0,-10,1,0,1,24,5,55,32,1,0,3
1,6,2,1,1,-10,0,0,0,14,4,90,31,0,1,1
1,3,0,2,1,176,1,1,0,4,11,77,10,0,0,2
1,0,0,0,0,-10,0,0,0,13,4,62,34,0,1,3
1,8,2,0,0,-17,0,0,0,15,0,46,3,0,0,2
1,0,2,0,0,130,0,0,0,14,9,54,23,0,1,3
1,0,2,2,0,-10,1,0,1,22,5,55,33,1,0,3
1,0,0,1,1,16,0,0,2,23,5,93,13,1,1,1
1,5,0,2,0,144,1,1,2,14,5,83,24,0,1,0
1,5,0,2,0,164,0,0,0,1,5,69,17,1,1,3
1,5,0,2,0,163,0,0,1,1,4,69,18,1,1,3
1,0,0,1,1,-13,1,1,0,11,8,85,12,1,0,1
1,6,1,3,1,156,1,0,2,30,3,62,9,0,1,2
1,3,1,3,0,149,0,1,0,18,8,65,10,0,1,3
1,1,1,3,0,177,0,0,2,9,10,40,49,0,0,3
1,2,1,1,1,48,0,0,0,24,10,68,9,1,1,3
1,6,0,2,0,52,1,0,0,13,8,97,35,1,1,1
1,5,0,3,0,165,0,0,1,2,4,68,17,1,1,3
1,11,2,1,0,152,0,0,1,10,4,79,15,1,1,1
1,2,2,3,0,23,0,0,1,17,2,25,24,0,1,3
1,11,1,1,1,-17,0,1,0,25,1,95,17,1,1,2
1,3,0,2,0,2,0,1,1,8,0,78,50,1,1,2
1,11,1,0,0,53,0,0,2,13,11,55,10,0,1,1
1,7,0,1,0,171,1,1,0,16,4,85,16,0,1,3
1,3,0,1,1,98,0,0,0,25,5,49,27,1,0,1
1,6,2,1,1,-10,0,0,0,14,4,90,30,0,1,1
1,7,0,2,1,130,1,1,2,25,4,70,6,0,1,2
1,5,2,0,1,84,0,0,1,2,9,73,11,0,1,0
1,1,0,3,0,102,0,1,2,21,4,77,16,0,1,0
1,6,0,0,1,53,0,1,1,15,3,59,10,0,1,2
1,0,0,0,0,48,1,0,2,11,5,51,10,1,0,1
1,1,2,3,0,41,1,0,1,2,3,98,30,1,1,0
1,11,2,1,1,167,0,1,1,24,2,51,35,1,0,1
1,0,1,0,0,132,0,0,0,13,9,54,22,0,1,3
1,5,0,1,1,87,1,1,1,5,9,88,1,0,1,1
1,5,0,1,0,132,0,0,0,14,10,98,37,1,1,1
1,4,1,3,1,6,0,0,1,3,1,84,14,1,1,1
1,9,1,0,1,126,1,0,1,18,11,94,10,1,1,3
1,5,2,3,1,171,0,0,2,24,4,23,10,0,0,2
1,1,2,3,0,42,1,0,1,2,3,96,31,1,1,0
1,1,1,0,0,91,1,0,1,19,2,38,46,0,0,2
1,3,1,0,1,48,0,0,1,24,10,68,8,1,1,3
1,5,1,3,1,171,0,0,1,24,4,26,10,0,0,2
1,2,2,1,1,-10,0,1,1,13,2,84,26,1,1,3
1,8,2,1,0,135,0,0,1,29,10,44,1,0,1,1
1,7,1,3,0,172,0,0,2,16,11,75,12,1,1,2
1,2,0,3,0,178,0,0,0,16,3,64,41,1,0,0
1,2,1,3,0,122,1,1,0,28,4,72,38,0,1,1
1,10,1,1,0,123,1,0,1,29,7,55,23,1,0,1
1,6,1,2,0,117,1,0,2,7,8,25,31,0,0,3
1,6,2,1,0,-10,0,0,0,13,4,90,31,0,1,1
1,7,0,1,1,159,0,1,2,15,9,71,12,1,0,1
1,6,2,0,0,131,1,0,0,27,1,67,20,1,0,0
1,8,2,3,1,-18,0,0,2,8,1,60,37,1,0,3
1,3,2,0,1,48,0,0,0,24,10,67,9,1,1,3
1,0,2,0,0,109,0,1,0,28,5,55,27,1,1,3
1,0,1,3,0,109,0,1,2,5,6,79,26,1,1,0
1,5,0,2,0,164,0,1,1,2,4,68,16,1,1,3
1,9,1,0,0,140,0,1,2,22,8,71,5,1,0,0
1,10,1,0,0,53,0,0,2,13,11,52,10,0,1,1
1,7,1,2,1,87,1,1,1,4,9,88,2,0,1,1
1,11,0,2,0,28,0,1,0,17,11,33,4,1,0,3
1,5,2,2,0,8,1,0,0,30,4,96,34,1,1,0
1,9,1,0,0,52,0,0,2,14,10,54,10,0,1,1
1,8,0,2,1,169,0,1,2,17,1,68,29,0,1,0
1,4,0,0,0,117,0,0,1,2,5,81,16,1,1,1
1,6,1,1,1,131,0,0,0,13,10,98,37,1,1,1
1,1,0,3,0,109,0,1,2,3,6,79,25,1,1,0
1,11,2,1,1,44,1,1,0,7,4,99,42,1,1,2
1,0,0,0,0,49,1,0,2,11,5,50,10,1,0,1
1,2,0,1,1,104,0,0,0,21,1,53,27,0,1,1
1,6,0,0,0,116,0,1,0,2,6,92,21,1,1,2
1,6,1,0,0,-5,1,1,2,13,8,78,5,1,0,1
1,7,2,1,1,87,1,1,1,4,9,88,2,0,1,1
1,5,0,2,1,96,0,1,1,13,2,58,43,1,0,1
1,5,2,3,0,149,0,1,0,12,9,70,26,0,1,2
1,1,0,3,0,160,0,0,0,20,6,51,26,0,1,3
1,9,0,3,1,68,1,1,0,21,11,79,33,0,1,3
1,2,1,3,0,148,0,0,0,13,10,57,12,1,0,2
1,7,1,2,1,169,0,1,2,17,1,67,30,0,1,0
1,5,2,1,1,83,0,0,1,1,8,73,11,0,1,0
1,4,1,2,0,145,1,1,2,14,6,84,25,0,1,0
1,4,0,1,0,113,0,0,1,24,0,34,39,0,0,1
1,2,2,3,0,148,0,0,0,12,10,58,12,1,0,2
1,8,0,1,0,-16,1,0,2,19,5,83,23,1,1,3
1,4,0,0,0,116,0,0,0,2,5,82,16,1,1,2
1,8,1,0,0,135,0,0,0,30,10,43,1,0,1,2
1,6,2,0,1,83,0,0,1,2,9,73,11,0,1,0
1,1,0,2,0,-1,1,0,2,23,7,83,36,0,1,0
1,3,1,1,0,112,1,0,1,11,0,37,46,0,0,1
1,5,1,3,1,170,0,0,2,24,4,24,11,0,0,2
1,6,1,2,0,93,0,1,0,19,2,50,5,0,0,0
1,3,2,2,1,-10,0,0,1,13,1,84,26,1,1,3
1,2,0,2,0,0,1,0,2,23,7,84,37,0,1,0
1,5,2,3,1,171,0,0,1,25,4,24,10,0,0,2
1,8,1,1,1,68,1,0,0,10,5,69,20,0,1,3
1,5,1,0,0,83,0,0,1,2,8,73,11,0,1,0
1,6,2,0,1,160,0,0,0,20,6,54,20,0,0,1
1,2,2,3,1,113,0,1,2,12,8,44,1,0,1,3
1,0,1,0,0,130,0,0,0,11,8,54,23,0,1,3
1,5,1,2,0,117,1,0,2,7,8,25,31,0,0,3
1,0,0,0,0,31,1,0,0,6,3,81,17,1,1,3
1,9,1,0,0,53,0,0,2,12,11,54,10,0,1,1
1,6,0,0,0,121,0,0,0,5,3,47,4,0,0,1
1,5,1,2,0,131,0,0,0,13,10,99,37,1,1,1
1,3,0,3,1,143,1,1,0,19,1,85,33,0,1,0
1,2,2,2,1,-10,0,0,0,12,1,85,26,1,1,3
1,10,2,1,1,98,1,1,1,13,2,58,55,0,0,2
1,2,0,2,1,104,0,0,0,22,2,52,27,0,1,1
1,10,0,0,0,125,1,0,1,19,10,94,10,1,1,3
1,10,0,1,1,91,0,0,2,7,10,89,34,1,1,0
1,10,2,0,1,53,0,0,2,14,11,54,9,0,1,1
1,6,1,3,1,171,0,0,2,24,4,23,11,0,0,2
1,3,2,2,1,-10,0,0,0,13,4,84,26,1,1,3
1,4,1,0,0,130,1,1,1,31,5,60,7,1,0,2
1,4,1,2,0,75,0,0,2,5,4,47,4,0,1,1
1,5,1,2,0,118,1,1,2,7,8,26,31,0,0,3
1,8,0,2,0,-15,1,0,2,19,4,83,24,1,1,3
1,2,2,1,1,37,0,0,0,8,6,80,43,0,1,0
1,6,0,1,0,52,0,0,2,21,7,54,24,1,1,2
1,3,2,2,1,8,0,1,2,31,1,59,2,1,1,2
1,4,0,1,0,113,0,0,0,22,0,34,39,0,0,1
1,4,1,1,0,-10,1,1,0,14,4,86,10,1,0,2
1,5,2,3,1,170,0,0,2,24,5,24,10,0,0,2
1,1,0,3,1,80,0,0,0,24,9,67,3,0,1,2
1,8,1,0,1,135,0,0,1,30,10,44,1,0,1,2
1,4,1,2,0,92,1,1,1,3,10,70,33,1,0,0
1,2,2,1,0,-5,1,1,1,20,6,83,46,1,0,0
1,7,0,0,1,159,0,1,2,16,8,70,12,1,0,1
1,3,0,3,1,-5,1,1,2,22,10,99,3,0,1,0
1,2,2,1,1,144,1,0,1,29,5,45,3,0,1,3
1,2,2,1,1,-6,1,1,1,3,1,74,19,1,1,3
1,0,1,1,0,38,1,0,1,4,6,45,9,0,1,3
1,4,2,1,1,26,0,1,2,5,0,49,9,1,0,0
1,7,0,2,1,112,1,0,0,29,7,66,45,0,1,3
1,8,0,1,1,68,1,0,0,10,5,68,20,0,1,3
1,5,1,3,0,173,0,0,2,15,11,75,14,1,1,2
1,0,1,2,0,-11,1,1,2,20,9,48,22,0,0,3
1,2,2,2,1,-9,0,0,0,14,2,83,26,1,1,3
1,10,1,2,1,89,0,0,2,8,10,90,34,1,1,0
1,7,1,1,0,-8,1,0,1,5,3,73,4,0,1,2
1,3,1,2,0,3,0,1,2,8,1,78,50,1,1,2
1,0,1,1,0,49,0,0,0,14,6,48,20,0,0,0
1,2,2,3,0,113,0,1,2,10,8,44,1,1,1,3
1,5,2,1,0,25,0,1,2,4,0,49,9,1,0,0
1,4,2,3,0,163,0,1,2,7,9,57,39,1,1,3
1,0,0,2,0,15,1,1,1,18,5,69,50,0,0,2
1,8,0,2,0,-15,1,0,2,20,5,83,22,1,1,3
1,7,1,1,1,87,1,1,1,4,7,88,1,0,1,1
1,2,0,2,0,143,1,1,0,19,1,85,34,0,1,0
1,2,1,0,0,93,1,0,1,20,2,38,46,0,0,2
1,0,0,3,1,38,1,0,1,4,7,45,10,0,1,3
1,4,0,1,0,113,0,1,0,23,0,34,39,0,0,2
1,10,2,0,0,52,0,0,2,14,11,54,10,0,1,1
1,7,1,1,1,86,1,1,1,4,9,88,1,0,1,1
1,6,1,1,1,87,1,1,1,4,9,86,2,0,1,1
1,2,2,3,0,113,0,0,2,12,9,44,1,1,1,3
1,10,1,2,0,155,0,0,0,9,5,72,8,0,1,3
1,11,2,2,0,14,1,1,1,18,6,44,6,0,0,2
1,5,0,1,0,164,0,1,1,2,4,69,18,1,1,3
1,5,1,3,0,117,1,0,2,7,9,24,31,0,0,3
1,0,0,3,1,80,0,0,0,23,11,67,3,0,1,2
1,2,1,3,1,123,1,1,0,28,3,72,37,0,1,1
1,6,0,2,0,165,0,0,1,2,4,69,17,1,1,2
1,0,1,3,0,38,1,0,1,4,6,45,8,0,1,3
1,2,0,2,0,144,1,1,2,14,7,84,24,0,1,0
1,4,1,1,0,26,1,0,2,18,11,96,14,0,1,0
1,11,0,2,1,134,0,1,2,7,9,43,1,0,0,1
1,1,0,0,0,110,1,1,2,26,9,70,39,1,1,3
1,11,1,2,1,166,1,0,2,25,4,78,13,1,0,0
1,5,0,2,0,144,1,1,2,14,6,85,25,0,1,0
1,2,1,3,0,148,0,0,0,13,10,58,12,1,0,2
1,2,2,1,1,48,0,0,1,24,10,68,9,1,1,3
1,3,2,0,1,126,1,0,0,31,2,49,16,0,0,0
1,5,0,1,1,96,0,1,1,16,2,58,43,1,0,1
1,9,1,0,0,135,0,1,1,29,10,44,1,0,1,3
1,6,1,3,0,112,1,0,2,15,8,61,28,1,1,2
1,0,2,0,0,130,0,0,0,13,10,54,22,0,1,3
1,6,1,0,0,-18,1,0,2,27,10,66,13,0,0,1
1,0,1,1,0,157,1,0,0,5,9,60,10,0,0,2
1,5,0,0,0,164,0,0,1,2,4,69,17,1,1,2
1,1,1,1,1,42,1,1,0,3,5,83,15,1,0,0
1,5,0,1,0,164,0,0,1,2,4,67,17,1,1,3
1,10,0,0,0,54,0,0,2,14,11,55,10,0,1,1
1,10,0,0,0,135,1,1,0,23,5,50,17,0,0,3
1,3,1,0,0,-10,1,0,0,14,5,86,10,1,0,2
1,1,0,0,0,110,1,1,2,26,9,71,38,1,1,3
1,2,1,0,1,49,1,1,2,4,0,71,8,0,1,2
1,2,0,2,0,104,0,1,0,22,1,53,27,0,1,1
1,2,2,2,1,-9,0,1,0,13,2,84,26,1,1,2
1,10,0,1,0,123,1,0,1,28,7,55,22,1,0,2
1,1,1,3,0,126,0,0,1,11,0,34,39,1,0,2
1,10,2,0,0,106,0,1,0,17,3,73,9,1,1,3
1,9,0,1,0,139,0,1,2,22,8,69,5,1,0,0
1,7,1,3,0,81,0,0,1,5,1,48,3,0,1,2
1,5,1,3,0,117,1,0,2,7,8,27,31,0,0,3
1,0,2,2,1,-11,1,0,2,20,8,48,22,0,0,3
1,3,1,1,1,48,0,0,0,26,10,69,9,1,1,3
1,6,1,0,1,87,1,1,1,4,9,88,3,0,1,1
1,7,0,2,0,6,0,0,2,28,6,62,63,0,0,3
1,10,0,3,1,66,1,1,0,21,11,79,35,0,1,3
1,2,2,2,1,-10,0,0,0,13,3,85,27,1,1,3
1,0,1,0,0,130,0,0,0,11,10,54,23,0,1,3
1,2,1,0,1,-8,1,0,0,22,4,76,10,0,0,0
1,1,1,3,1,5,0,0,0,27,10,66,32,1,0,3
1,0,1,3,0,50,1,0,1,4,0,93,7,1,1,3
1,8,1,3,0,173,0,0,2,15,11,75,12,1,1,3
1,1,0,1,0,-13,1,1,0,12,8,85,12,0,0,1
1,5,0,2,0,84,1,1,2,8,6,52,1,0,0,0
1,0,2,0,0,137,1,1,2,4,3,47,4,0,0,1
1,6,1,0,1,160,0,0,0,21,6,53,20,0,0,0
1,4,2,3,0,157,1,0,2,11,4,29,34,0,0,2
1,0,1,2,0,24,0,1,0,14,7,70,27,1,0,0
1,4,2,1,1,13,1,1,2,30,2,73,32,0,1,0
1,2,2,2,1,-10,0,1,0,13,2,83,27,1,1,3
1,5,1,3,1,23,1,0,2,7,10,57,8,1,1,2
1,0,2,0,0,130,1,0,0,13,9,55,23,0,1,3
1,11,0,1,1,-18,0,1,1,25,1,94,17,1,1,2
1,2,2,2,1,-10,0,0,0,13,2,85,26,1,1,3
1,4,2,3,0,148,0,1,0,12,9,70,26,0,1,1
1,8,1,2,1,-18,0,0,2,7,1,61,37,1,0,3
1,1,0,3,0,0,1,0,2,23,7,83,37,0,1,1
1,7,1,1,0,171,1,1,0,16,6,86,16,0,1,3
1,8,2,3,1,-18,0,0,2,7,2,60,37,1,0,3
1,1,1,3,0,110,0,1,2,5,6,81,25,1,1,0
1,0,1,3,1,136,1,1,2,7,9,97,22,1,1,1
1,3,1,3,1,5,0,0,1,4,1,84,15,1,1,1
1,5,1,2,0,117,1,0,1,7,8,26,30,0,0,3
1,1,1,3,0,109,0,1,2,5,8,79,25,1,1,1
1,4,1,3,1,23,1,0,2,8,11,57,7,1,1,2
1,10,1,0,0,123,0,1,2,26,8,69,10,1,0,0
1,5,0,2,1,96,0,1,2,15,3,58,43,1,0,1
1,5,2,1,0,24,0,1,2,5,0,49,9,1,0,0
1,4,1,3,0,163,0,1,2,5,8,57,39,1,1,3
1,0,1,0,0,130,0,0,0,14,9,54,23,0,1,2
1,10,2,2,0,125,1,0,2,19,2,47,5,1,0,1
1,6,2,1,0,-9,1,0,0,14,4,90,30,0,1,1
1,9,2,2,0,72,1,0,2,11,1,28,33,0,0,1
1,3,0,1,1,52,1,0,0,15,10,44,1,0,0,1
1,8,1,0,1,96,1,0,2,13,7,56,7,1,0,1
1,5,1,3,1,172,1,0,1,5,9,66,4,0,0,1
1,9,0,0,0,139,0,0,2,22,7,70,5,1,0,0
1,6,1,2,1,94,0,1,0,19,2,50,5,0,0,0
1,0,2,0,0,130,0,0,0,12,9,54,22,0,1,3
1,4,1,0,0,102,0,1,2,14,1,45,2,0,1,2
1,4,1,1,0,115,0,1,2,22,0,69,27,1,1,0
1,0,1,0,0,130,1,0,0,12,8,54,23,0,1,3
1,3,1,1,1,116,0,1,2,23,0,69,27,1,1,0
1,0,1,1,0,130,0,0,0,12,9,54,23,0,1,3
1,10,2,2,1,167,0,1,1,25,2,51,34,1,0,1
1,2,1,1,0,91,1,0,1,19,2,38,46,0,0,2
1,8,2,0,0,136,0,0,0,29,10,44,1,0,1,2
1,3,1,1,1,49,0,0,1,24,10,68,9,1,1,3
1,0,1,0,0,48,1,0,2,11,5,50,10,1,0,1
1,2,1,3,0,109,0,1,2,5,6,77,25,1,1,0
1,2,2,1,1,-5,1,1,1,3,2,74,20,0,1,3
1,3,1,3,1,24,1,0,2,7,11,57,8,1,1,2
1,9,1,0,0,125,1,0,1,19,11,95,10,1,1,3
1,5,1,0,1,48,0,0,0,24,10,68,9,1,1,3
1,1,1,3,1,3,0,0,0,28,10,66,33,1,0,3
1,7,2,2,0,173,0,1,2,5,5,46,4,0,0,0
1,11,2,1,1,44,1,1,0,7,3,98,40,1,1,2
1,0,1,0,1,129,0,0,0,13,9,54,24,0,1,3
1,7,1,1,0,7,0,0,2,27,6,62,63,0,0,3
1,0,0,2,1,168,1,0,0,22,9,62,23,1,0,3
1,8,0,1,1,68,1,0,0,11,4,69,19,0,1,3
1,7,0,3,0,132,1,0,0,8,2,63,16,0,1,3
1,11,0,3,0,28,0,1,0,18,11,33,5,1,0,3
1,2,2,2,1,-10,1,0,0,13,2,84,25,1,1,3
1,5,1,2,1,131,0,0,0,13,10,98,37,1,1,1
1,8,1,1,1,96,1,0,2,11,8,56,7,1,0,1
1,7,1,3,0,81,0,0,1,5,1,47,5,0,1,2
1,9,0,0,0,135,0,0,1,29,11,44,1,0,1,2
1,3,0,2,0,145,1,1,2,14,6,85,24,0,1,0
1,9,1,1,0,139,0,1,2,22,8,71,5,1,0,0
1,7,0,3,0,91,0,0,2,4,10,69,24,1,1,1
1,0,1,0,0,131,0,1,1,13,9,54,23,0,1,3
1,11,0,2,1,133,0,1,2,6,10,44,1,0,0,1
1,10,0,0,0,126,1,0,1,19,11,94,10,1,1,3
1,2,2,1,1,-10,1,0,0,13,2,84,25,1,1,3
1,9,0,2,1,67,1,1,0,21,11,79,35,0,1,3
1,2,2,3,0,-10,1,1,2,31,0,65,7,1,0,1
1,4,1,0,1,15,0,1,1,30,7,53,15,1,0,2
1,0,1,0,1,-10,1,0,2,1,2,64,31,1,1,3
1,3,2,1,1,-7,1,0,0,23,4,76,10,0,0,0
1,4,0,1,0,131,0,0,0,14,10,99,37,1,1,1
1,4,1,2,1,96,0,1,1,15,2,58,43,1,0,1
1,11,2,2,0,85,0,0,1,8,5,64,8,1,1,2
1,0,0,1,1,7,1,0,0,17,9,90,24,0,1,1
1,8,0,3,1,67,1,1,0,21,11,79,34,0,1,3
1,2,2,3,1,-10,0,0,0,13,3,84,26,1,1,3
1,0,1,0,0,130,0,0,0,13,9,53,22,0,1,3
1,3,1,3,0,148,0,0,0,13,10,57,12,1,0,2
1,4,0,2,0,144,1,1,2,14,6,82,24,0,1,0
1,8,2,2,0,4,1,0,0,29,11,92,14,1,0,1
1,1,0,1,1,-14,1,1,0,12,8,85,13,1,0,1
1,1,2,1,1,41,1,1,0,3,5,82,15,1,0,0
1,9,2,2,0,72,1,0,2,10,2,27,33,0,0,1
1,3,1,3,0,114,1,0,0,23,7,90,15,0,1,2
1,0,1,1,1,136,1,1,2,7,9,98,21,1,1,1
1,8,1,3,0,93,0,0,0,3,10,87,6,1,1,2
1,0,0,0,0,31,0,0,0,5,3,79,17,1,1,3
1,1,0,1,1,-14,0,1,0,12,8,85,12,1,0,1
1,3,1,1,1,48,0,0,0,24,9,69,10,1,1,3
1,10,0,1,1,-20,1,1,1,16,0,90,3,0,1,1
1,10,1,0,0,52,0,0,2,13,11,54,9,0,1,1
1,3,2,1,0,26,1,0,2,18,11,97,13,0,1,0
1,1,2,0,0,137,1,0,2,3,3,47,4,0,0,1
1,7,0,1,0,8,0,0,2,28,6,62,63,0,0,3
1,10,0,1,1,89,0,0,2,6,10,90,34,1,1,0
1,0,0,0,0,-11,0,0,0,14,4,63,33,0,1,3
1,10,1,1,0,89,0,0,2,7,10,89,34,1,1,0
1,7,2,0,0,131,1,0,0,27,1,67,21,1,0,0
1,0,1,0,0,129,1,0,0,13,9,54,24,0,1,3
1,2,0,3,1,5,1,1,0,9,9,33,7,0,0,3
1,0,1,0,0,52,1,1,2,4,0,71,8,0,1,2
1,1,1,0,1,-7,1,0,0,23,4,77,10,0,0,0
1,5,0,3,1,164,0,0,1,2,4,69,17,1,1,3
1,4,1,2,1,171,0,0,2,23,4,24,10,0,0,2
1,5,0,2,0,144,1,1,2,13,5,84,24,0,1,0
1,11,2,1,1,98,1,1,1,14,2,58,55,0,0,2
1,6,0,0,1,127,0,0,1,30,6,44,2,1,1,3
1,0,0,1,1,7,1,0,0,17,8,91,24,0,1,0
1,8,1,2,0,94,0,0,0,3,10,87,6,1,1,2
1,6,1,3,1,94,0,1,0,19,3,50,5,0,0,0
1,6,1,2,0,173,0,0,2,15,11,75,14,1,1,2
1,8,0,2,0,-15,1,0,2,19,6,83,22,1,1,3
1,1,1,3,0,109,0,1,2,5,6,79,24,1,1,0
1,0,0,1,1,7,1,0,0,17,8,90,26,0,1,0
1,4,1,0,1,-7,1,1,1,23,4,76,10,0,0,0
1,5,1,3,1,156,1,0,2,31,3,60,9,0,1,2
1,9,0,0,0,138,0,0,1,22,8,71,5,1,0,0
1,6,1,0,0,-5,1,1,2,13,8,77,5,1,0,1
1,5,0,1,0,131,0,0,0,15,10,98,38,1,1,1
1,9,0,1,0,125,1,0,1,18,11,92,10,1,1,3
1,7,0,2,0,130,1,1,2,25,3,70,6,0,1,1
1,0,1,2,0,49,1,1,2,3,0,71,8,0,1,2
1,0,1,0,0,-10,1,0,2,1,2,64,30,1,1,3
1,3,1,1,0,-6,1,0,0,23,4,76,10,0,0,0
1,8,2,0,1,147,0,1,1,29,1,84,22,1,1,1
1,3,1,2,0,104,0,0,0,16,6,88,14,0,1,1
1,11,1,3,0,170,1,0,1,13,2,78,11,1,1,3
1,0,0,0,0,50,1,0,2,12,5,50,10,1,0,1
1,6,0,2,0,51,0,0,2,20,6,54,24,1,1,2
1,2,2,2,1,-10,1,0,0,13,1,84,27,1,1,3
1,6,1,3,0,132,1,0,0,7,3,63,16,0,1,3
1,7,2,0,1,146,0,1,1,28,0,84,22,1,1,1
1,7,1,1,0,8,0,0,2,27,6,62,63,0,0,3
1,8,2,0,0,-18,0,1,1,15,0,46,2,0,0,2
1,0,2,2,0,24,1,1,0,14,6,71,27,1,0,0
1,6,1,0,0,87,1,1,1,5,9,88,1,0,1,1
1,10,1,1,0,122,0,1,2,26,9,69,9,1,0,0
1,6,1,0,1,52,0,1,1,15,3,60,11,0,1,2
1,5,0,1,1,164,0,0,1,2,4,69,18,1,1,3
1,8,1,2,0,171,1,1,0,16,5,85,16,0,1,3
1,9,0,0,0,125,1,0,1,16,11,94,11,1,1,3
1,1,2,3,0,42,1,0,1,2,3,97,30,1,1,0
1,0,0,3,0,38,1,0,1,4,6,46,11,0,1,3
1,3,1,1,1,48,0,0,0,25,10,67,9,1,1,3
1,11,0,1,1,-17,0,1,0,25,1,94,17,1,1,3
1,2,2,1,1,37,0,1,0,8,6,80,42,0,1,0
1,10,2,3,0,146,0,0,2,6,6,67,59,0,1,0
1,3,0,2,1,176,1,1,0,5,11,78,10,0,0,2
1,11,1,3,0,85,0,0,1,8,5,66,8,1,1,2
1,8,1,0,0,136,0,0,1,29,11,43,1,0,1,2
1,8,0,0,1,67,1,0,0,11,5,69,20,0,1,3
1,8,0,0,1,68,1,0,0,9,6,69,20,0,1,3
1,4,1,1,1,48,0,0,1,24,9,68,9,1,1,3
1,0,1,0,0,131,0,0,0,13,7,54,23,0,1,3
1,10,2,0,1,167,0,1,1,24,1,51,34,1,0,1
1,9,0,0,0,140,0,1,2,22,7,71,6,1,0,0
1,0,0,2,1,7,1,0,0,17,7,90,24,0,1,0
1,5,2,2,0,10,0,1,0,30,4,96,34,1,1,0
1,2,2,2,1,-8,0,0,0,13,2,84,25,1,1,3
1,3,2,2,1,-10,1,0,0,14,2,84,26,1,1,3
1,1,2,2,0,-8,0,1,1,26,3,74,11,1,1,3
1,4,0,3,0,-13,1,0,2,4,0,99,13,1,1,3
1,6,2,3,0,173,0,0,2,14,11,75,13,1,1,2
1,5,0,2,0,165,0,0,1,2,6,69,17,1,1,3
1,8,1,1,0,135,0,0,0,29,9,44,1,0,1,2
1,9,2,0,1,140,0,0,2,5,4,24,29,0,0,3
1,10,0,0,0,134,1,1,0,22,5,49,16,0,0,3
1,5,2,1,1,83,0,0,1,2,8,73,12,0,1,0
1,7,1,1,0,-5,1,1,1,13,8,77,5,1,0,1
1,0,0,0,0,-11,0,0,1,13,5,62,33,0,1,3
1,1,2,2,0,42,1,0,1,2,3,99,31,1,1,0
1,8,0,0,1,68,1,0,0,10,6,69,20,0,1,3
1,5,1,1,0,116,1,0,2,8,9,26,31,0,0,3
1,5,0,3,0,131,0,0,0,14,10,98,37,1,1,1
1,1,2,0,1,-1,1,0,0,23,10,76,22,0,1,2
1,5,1,1,1,48,0,0,0,24,9,68,9,1,1,3
1,1,1,3,0,111,0,1,2,5,6,79,24,1,1,0
1,7,2,3,0,173,0,0,2,15,11,73,13,1,1,2
1,5,1,2,0,169,1,1,1,13,2,75,26,1,0,0
1,2,1,1,1,174,0,0,2,30,0,84,2,1,1,1
1,10,1,0,0,53,0,0,2,15,11,52,10,0,1,1
1,5,0,2,1,164,0,0,1,1,4,69,16,1,1,3
1,9,2,3,0,146,0,0,2,7,7,67,58,0,1,0
1,5,1,0,1,14,0,1,1,29,7,53,16,1,0,2
1,4,0,2,0,164,0,0,1,3,4,68,17,1,1,3
1,10,0,1,0,72,1,0,1,11,7,55,34,0,1,3
1,6,0,3,0,52,1,0,0,13,8,98,36,1,1,1
1,0,1,1,0,85,1,1,2,21,6,87,3,1,1,2
1,3,0,0,0,117,1,0,1,2,5,82,16,1,1,2
1,3,1,1,1,47,0,0,0,26,10,68,9,1,1,3
1,9,2,0,0,135,0,0,1,28,10,44,1,0,1,2
1,6,1,3,0,132,1,0,0,7,2,63,17,0,1,3
1,4,1,2,0,144,1,1,2,14,6,83,23,0,1,0
1,6,2,2,0,140,0,0,1,19,3,44,1,0,1,2
1,2,0,3,1,104,0,0,0,21,1,53,27,0,1,1
1,1,0,2,0,102,0,0,2,21,4,77,17,0,1,0
1,10,1,0,0,51,0,0,2,14,11,53,10,0,1,1
1,2,2,1,0,-5,1,1,1,22,6,82,46,0,0,0
1,1,1,2,1,-17,0,0,1,17,7,64,14,0,0,1
1,8,2,0,1,147,0,1,2,28,0,84,22,1,1,0
1,3,2,1,1,126,1,0,0,30,2,50,16,0,0,0
1,6,2,0,0,117,0,1,0,2,6,92,20,1,1,2
1,5,1,3,1,171,0,0,2,23,4,24,10,0,0,2
1,0,2,1,1,-9,1,0,1,22,5,55,32,1,0,3
1,3,1,2,0,104,0,0,0,16,6,86,14,0,1,1
1,2,2,1,0,-5,1,1,1,21,6,82,45,0,0,0
1,6,2,3,0,52,1,0,0,13,8,98,35,1,1,1
1,7,2,3,0,173,0,0,2,15,11,76,12,1,1,2
1,0,1,3,0,177,0,0,2,8,10,39,50,0,0,3
1,3,2,1,1,9,0,1,2,31,2,59,1,1,1,2
1,1,2,0,0,49,1,1,2,4,1,71,8,0,1,2
1,8,0,0,1,68,1,0,0,10,4,70,22,0,1,3
1,9,0,0,0,138,0,0,2,22,9,71,5,1,0,0
1,10,1,0,0,53,0,0,2,15,11,53,9,0,1,1
1,0,1,1,0,130,0,0,0,13,9,53,23,0,1,2
1,0,2,0,0,-9,1,0,1,22,5,55,32,1,0,3
1,7,1,0,1,159,0,1,2,16,9,71,11,1,0,1
1,7,1,1,0,104,1,0,1,11,4,61,19,0,1,2
1,4,1,1,0,-10,1,1,0,14,5,87,10,1,0,2
1,2,1,3,0,126,0,0,1,9,0,34,40,1,0,2
1,6,0,3,0,91,0,0,2,4,10,69,24,1,1,0
1,9,2,2,1,173,0,1,2,17,10,45,3,0,1,3
1,5,1,1,0,131,0,0,0,13,10,99,37,1,1,1
1,1,0,1,0,154,1,0,1,17,11,67,35,0,1,3
1,10,2,0,1,59,1,0,2,28,2,60,21,0,1,1
1,3,1,1,1,48,0,0,1,24,10,68,8,1,1,3
1,6,0,0,1,121,0,0,1,5,2,47,5,0,0,1
1,10,0,0,0,125,1,0,1,17,11,94,9,1,1,3
1,3,2,2,1,9,0,1,2,31,0,60,1,1,1,2
1,11,0,3,1,96,1,1,2,8,7,64,6,0,1,3
1,6,2,2,0,8,0,1,0,30,4,95,34,1,1,0
1,3,2,2,1,9,0,1,2,31,1,60,2,1,1,2
1,11,1,3,0,171,1,0,2,13,3,77,11,1,1,3
1,8,2,0,0,-16,0,1,1,15,0,46,2,0,0,2
1,3,0,1,1,97,0,0,0,26,5,49,27,1,0,1
1,6,0,2,0,131,0,0,0,13,10,97,37,1,1,1
1,0,2,0,1,-1,1,0,0,23,10,76,22,0,1,3
1,4,1,0,1,-7,1,0,0,23,3,75,10,0,0,0
1,7,2,1,0,1,1,0,2,10,6,94,4,1,1,2
1,0,2,2,0,57,1,0,0,30,6,60,34,0,1,2
1,6,2,0,0,160,0,0,0,21,6,53,20,0,0,0
1,1,2,1,1,37,0,1,0,8,6,80,43,0,1,0
1,8,1,2,0,94,0,1,0,4,10,87,6,1,1,2
1,8,2,0,1,147,0,1,1,29,0,84,23,1,1,1
1,6,2,0,0,130,1,0,0,28,2,67,21,1,0,0
1,7,1,2,0,173,0,0,2,14,11,75,13,1,1,2
1,5,1,3,1,169,0,0,2,24,4,23,10,0,0,2
1,3,2,1,0,104,0,0,0,17,6,87,14,0,1,1
1,1,1,1,0,0,1,0,2,23,7,83,37,0,1,0
1,11,0,3,0,27,0,1,1,17,11,33,5,1,0,3
1,9,0,0,0,139,0,1,2,22,9,71,7,1,0,0
1,2,2,3,1,-10,1,0,0,13,2,84,27,1,1,3
1,2,2,2,1,-11,0,1,0,13,2,84,25,1,1,3
1,7,1,2,0,173,0,0,2,15,10,74,13,1,1,2
1,10,1,3,0,170,1,0,1,13,3,77,12,1,1,3
1,10,2,3,1,159,0,1,0,24,2,91,15,1,1,2
1,11,1,1,1,155,0,0,0,9,6,72,8,0,1,3
1,3,1,0,1,-7,1,0,0,23,2,76,10,0,0,0
1,7,1,2,0,124,0,0,1,30,0,51,1,1,1,1
1,5,0,2,1,164,0,0,1,2,5,68,17,1,1,3
1,10,0,1,1,89,0,0,2,8,11,90,33,1,1,0
1,6,2,2,1,155,1,0,2,27,11,80,39,0,1,0
1,8,2,0,1,-17,0,1,1,15,0,46,3,0,0,2
1,11,2,0,0,152,0,1,1,10,4,79,15,1,1,2
1,2,0,3,1,17,0,1,0,30,10,81,7,1,0,1
1,5,0,2,0,165,0,0,1,1,3,69,17,1,1,3
1,5,1,1,0,26,1,0,2,18,11,97,14,0,1,0
1,0,0,2,0,141,0,0,0,24,2,44,2,0,0,0
1,10,0,1,1,89,0,0,2,7,11,91,33,1,1,0
1,6,2,0,0,-18,0,0,2,27,10,63,14,0,0,1
1,3,1,0,1,47,0,0,0,23,10,68,9,1,1,3
1,1,0,3,0,143,1,1,0,18,1,85,33,0,1,0
1,0,1,3,1,3,0,0,0,27,10,67,32,1,0,3
1,10,1,2,0,125,1,0,2,19,3,48,6,1,0,1
1,3,2,1,1,49,0,0,0,24,10,68,8,1,1,3
1,7,2,0,0,-18,0,0,2,27,11,64,13,0,0,1
1,9,0,1,1,89,0,0,2,7,9,90,35,1,1,0
1,4,1,2,0,164,0,0,1,3,4,69,17,1,1,3
1,0,1,0,1,49,1,1,2,3,1,71,8,0,1,2
1,4,1,1,1,48,0,0,1,24,10,67,9,1,1,3
1,2,2,3,0,113,0,1,2,12,7,43,1,1,1,3
1,7,2,3,1,162,1,0,2,20,11,63,5,0,0,1
1,4,1,3,1,24,1,0,2,7,11,57,9,1,1,2
1,5,1,3,1,170,0,0,2,24,3,23,10,0,0,2
1,9,2,2,1,4,1,1,0,29,11,93,14,1,0,1
1,9,0,2,0,139,0,1,2,23,8,71,5,1,0,0
1,10,1,2,1,96,1,0,1,7,1,62,23,0,1,1
1,10,1,1,1,90,0,0,2,7,10,90,35,1,1,0
1,8,1,0,0,135,0,0,1,30,10,43,2,0,1,2
1,5,0,0,0,131,0,0,0,12,10,97,37,1,1,1
1,1,0,2,1,-18,1,0,1,23,9,75,40,0,0,2
1,6,0,2,1,24,1,0,0,9,7,83,34,0,1,1
1,2,1,2,0,-17,0,0,0,17,7,65,14,0,0,1
1,11,2,3,0,85,0,0,1,8,5,65,10,1,1,2
1,1,2,3,0,117,0,0,0,2,8,45,2,0,1,2
1,2,0,1,0,104,0,0,0,22,1,53,27,0,1,1
1,6,1,0,0,-7,1,1,1,13,8,77,5,1,0,1
1,5,0,3,0,164,0,1,1,2,4,69,16,1,1,3
1,8,1,1,1,96,1,0,2,12,8,55,7,1,0,1
1,1,0,3,0,102,0,1,2,21,4,76,17,0,1,0
1,10,0,1,1,-17,0,1,0,25,1,94,17,1,1,2
1,8,0,3,0,-15,1,0,2,20,5,83,23,1,1,3
1,6,2,1,0,131,1,0,0,29,1,67,21,1,0,0
1,6,0,2,1,159,0,0,1,28,7,45,2,1,0,2
1,0,2,3,0,38,1,0,1,4,5,45,9,0,1,3
1,7,0,1,0,-8,1,0,1,4,3,73,4,0,1,2
1,6,1,3,0,159,0,1,1,28,7,45,2,1,0,2
1,0,1,3,0,177,0,0,2,10,10,39,50,0,0,3
1,4,2,3,0,73,0,0,2,5,4,47,4,0,1,1
1,4,0,2,0,4,0,1,2,8,0,78,50,1,1,2
1,6,1,2,0,164,0,0,1,2,5,69,17,1,1,3
1,8,0,0,0,136,0,0,2,29,10,44,1,0,1,2
1,11,0,2,1,134,0,1,2,7,11,44,1,1,0,1
1,2,0,3,0,100,0,0,0,16,7,49,23,0,1,2
1,1,1,3,0,49,1,0,1,4,0,93,7,1,1,3
1,10,0,1,1,89,0,0,2,8,10,89,35,1,1,0
1,10,2,3,0,105,0,1,2,18,2,36,41,0,0,0
1,11,0,3,1,48,0,0,2,2,9,69,11,0,1,0
1,10,2,0,1,59,1,0,2,26,2,60,19,0,1,1
1,4,1,1,1,87,1,1,1,3,9,88,1,0,1,1
1,6,0,2,0,164,1,0,1,2,4,68,17,1,1,3
1,6,1,0,1,87,1,1,1,3,9,87,1,0,1,1
1,5,0,2,0,164,1,0,1,3,4,69,16,1,1,3
1,0,1,0,0,130,0,0,0,13,10,54,24,0,1,3
1,4,1,1,0,-10,1,0,0,14,4,86,11,1,0,2
1,10,0,1,1,90,0,0,2,7,10,90,35,1,1,0
1,1,2,0,0,111,0,1,0,28,5,55,28,1,1,3
