7,8,0,3,0,155,0,1,1,14,7,92,46,0,1,2
5,5,1,3,1,122,1,0,1,20,10,70,54,1,1,0
1,3,0,1,0,-9,1,0,2,10,7,95,38,0,1,1
1,8,0,2,1,11,1,1,2,12,10,95,24,1,0,1
9,11,0,2,0,10,0,0,2,1,4,96,57,1,0,2
2,9,0,2,1,63,1,1,0,27,3,91,15,1,0,1
2,1,0,1,1,80,0,0,1,26,4,86,35,1,1,2
1,8,2,3,0,28,1,0,1,24,5,66,53,1,0,0
5,6,2,1,1,18,0,0,1,4,8,84,63,1,0,1
6,11,0,1,0,-10,0,0,1,1,4,95,8,1,1,1
3,10,1,3,0,138,1,1,0,23,5,90,19,1,0,1
2,2,1,2,0,23,1,1,2,9,4,96,27,1,0,0
5,6,1,3,1,139,1,1,1,1,4,78,59,1,1,2
1,6,0,0,1,38,1,0,2,9,7,66,58,1,1,2
2,7,1,1,1,7,1,0,1,6,6,84,17,0,1,0
6,4,0,3,0,130,0,0,1,26,2,69,9,0,1,0
7,0,2,3,1,59,1,1,0,16,9,77,10,1,1,0
4,0,1,3,0,30,1,1,2,21,11,96,61,0,1,1
4,5,2,1,1,21,1,1,1,23,1,91,12,1,0,0
1,6,1,2,0,-8,0,0,1,1,7,83,27,0,0,1
3,2,2,0,1,18,1,0,1,20,6,92,63,1,1,2
9,4,1,1,1,104,0,0,2,8,3,87,63,0,1,1
4,2,1,3,0,137,0,0,1,23,0,58,17,0,0,0
9,0,2,1,0,33,0,0,1,19,0,84,10,1,1,1
5,0,0,0,0,85,0,0,2,28,2,64,37,0,1,1
6,2,0,0,1,48,0,0,1,27,11,54,32,0,0,0
6,1,1,1,1,95,0,1,1,15,3,84,11,1,1,0
8,1,2,3,0,33,0,1,1,26,3,76,16,0,0,2
4,5,2,1,1,18,1,1,1,5,9,97,62,0,1,0
7,3,2,3,1,3,0,0,2,21,6,86,50,0,1,1
3,1,2,1,0,43,1,1,1,18,8,75,55,1,1,2
2,4,2,3,0,2,0,0,1,30,0,71,37,0,1,1
4,1,0,0,1,159,0,0,2,30,1,71,6,1,1,2
2,4,1,0,0,77,0,0,1,29,7,53,33,0,0,2
6,10,1,3,0,67,1,0,2,11,6,71,53,1,0,0
1,1,2,3,1,30,0,1,1,15,9,98,63,1,1,2
2,0,0,1,0,-7,0,1,0,23,9,87,3,0,1,1
5,8,2,0,0,124,1,0,2,19,11,98,13,1,0,2
3,4,0,3,0,-11,0,1,2,1,5,74,1,0,0,0
9,4,1,1,0,59,1,0,2,12,5,68,24,0,0,2
4,9,0,2,1,123,1,0,1,14,6,66,59,0,1,2
4,5,2,3,0,29,0,0,2,10,10,66,59,1,0,0
5,4,0,3,1,138,1,1,2,14,6,97,51,1,0,2
6,3,1,2,1,41,1,0,0,17,4,82,6,1,1,1
1,9,2,3,1,0,0,0,1,6,0,93,3,1,1,2
4,7,0,1,0,95,1,0,1,15,8,73,3,0,0,1
2,10,1,3,0,9,0,1,1,2,11,84,13,1,0,0
6,5,0,3,1,179,1,0,1,16,10,79,62,0,0,2
5,11,0,0,0,31,1,0,1,20,10,91,1,1,1,2
6,5,0,1,1,1,0,0,2,21,6,79,36,0,0,2
4,0,1,3,1,17,0,0,1,3,9,90,44,1,0,1
5,11,2,0,1,68,1,0,2,26,6,78,8,0,1,2
7,2,0,1,0,-17,1,0,1,8,11,67,34,0,0,0
3,0,2,1,1,16,1,1,1,5,6,89,5,0,1,0
2,11,0,1,0,75,0,1,2,16,8,66,31,0,1,1
6,10,0,3,0,147,1,0,1,27,10,97,31,1,0,2
1,3,2,1,1,29,1,0,2,5,9,65,63,1,0,0
3,2,0,2,1,13,1,1,2,4,2,95,11,0,0,0
3,4,1,2,1,153,0,1,0,27,4,98,16,1,1,1
4,7,1,1,1,23,1,1,0,4,3,95,59,1,0,3
4,1,2,3,0,35,1,1,0,15,3,94,28,0,0,2
1,10,0,2,0,121,1,1,0,27,11,87,10,0,0,0
4,2,1,3,0,158,0,1,2,26,1,81,3,0,0,2
2,1,0,3,1,50,0,1,1,20,11,81,22,1,1,2
1,11,0,0,1,152,0,0,1,18,0,63,16,1,0,1
5,2,0,1,1,19,1,1,1,23,6,90,59,1,0,2
1,10,2,0,0,34,1,0,2,13,11,98,63,0,1,1
4,5,2,2,1,16,1,1,2,17,6,79,59,1,0,2
2,0,0,0,0,31,1,1,1,1,8,88,36,1,1,2
6,6,1,3,0,5,1,0,2,15,9,81,46,1,0,2
2,11,1,0,1,36,0,0,1,1,7,92,45,0,0,0
1,7,1,1,0,-5,0,1,1,5,9,96,34,1,1,2
5,9,0,0,0,18,1,0,1,12,11,64,55,0,0,1
1,9,1,3,1,137,0,0,1,4,5,89,37,1,1,1
1,2,0,1,0,57,0,1,1,28,6,70,24,0,0,0
3,3,2,2,1,6,1,1,1,3,9,86,25,1,1,1
8,6,2,0,0,69,1,1,0,3,4,79,47,0,0,2
2,8,2,3,0,-15,0,0,1,5,7,68,35,0,0,2
5,2,1,0,0,116,0,1,2,10,10,86,61,0,0,3
1,1,2,2,0,116,1,1,1,5,8,70,53,1,1,0
5,5,0,0,1,21,1,1,1,6,4,72,27,1,1,0
3,2,0,0,0,26,0,0,1,26,4,86,24,0,1,0
3,2,0,0,1,153,0,0,1,31,2,64,11,1,0,1
9,1,1,0,0,143,0,1,2,17,1,90,10,1,0,2
1,7,2,2,1,11,1,1,1,2,7,92,26,0,1,2
3,10,1,1,0,123,0,1,0,15,1,93,5,0,0,0
5,2,0,3,0,122,0,1,2,24,7,89,55,1,0,1
4,0,1,3,0,178,1,1,2,21,2,79,6,1,0,0
1,2,2,2,1,37,0,1,1,31,7,86,39,1,1,1
2,10,0,0,1,154,0,1,2,22,5,72,45,1,1,0
3,2,1,3,0,115,0,1,0,9,9,74,48,0,1,0
2,10,0,1,0,106,0,1,1,3,4,86,57,0,0,3
6,9,0,3,1,-5,1,0,2,11,5,87,29,1,0,2
2,0,2,0,1,144,1,0,0,28,9,95,18,0,1,0
2,2,2,3,1,147,1,0,0,22,11,85,12,0,1,1
9,2,2,2,1,62,0,1,1,9,4,82,61,0,1,2
8,10,1,1,0,135,0,1,0,21,0,87,1,0,1,1
9,8,1,3,1,-17,1,0,2,3,7,85,4,0,0,2
4,1,2,0,1,100,1,1,2,1,4,79,30,1,1,0
1,9,1,2,0,58,1,1,2,21,10,97,23,1,1,3
2,3,0,1,0,120,0,1,1,15,10,88,24,0,1,0
1,0,0,2,0,17,1,0,1,14,8,75,58,1,1,0
1,3,2,0,1,34,0,0,2,15,7,66,33,0,1,1
1,11,2,2,1,21,0,0,1,3,11,87,13,1,1,1
5,3,0,3,0,87,1,0,2,6,9,91,50,0,0,2
9,10,1,3,1,89,1,0,2,8,2,86,59,0,1,1
1,6,0,0,0,16,0,1,1,26,5,78,59,1,1,0
1,8,1,1,0,159,0,0,1,5,7,63,33,0,0,2
4,0,1,2,1,174,0,1,2,19,4,75,31,1,0,0
2,4,1,3,1,21,0,0,2,25,11,83,55,0,1,2
5,8,1,0,1,22,0,0,1,15,3,71,58,1,0,2
6,1,0,0,0,20,0,0,1,26,4,81,32,0,0,2
1,9,2,3,0,161,1,0,2,30,5,81,12,1,0,1
9,6,2,1,0,24,1,1,1,24,5,70,49,1,0,2
2,8,2,1,1,13,0,1,1,2,5,96,48,1,1,1
4,3,0,3,1,33,0,0,1,24,9,81,9,0,0,2
3,4,1,2,1,90,1,1,2,31,0,86,61,1,0,0
4,2,2,3,0,118,1,1,1,9,11,87,48,1,1,1
1,1,2,2,1,77,0,1,2,26,4,89,46,0,0,1
2,11,1,3,0,30,1,0,1,16,4,85,49,1,1,0
6,4,2,3,1,139,1,0,1,30,9,64,62,0,0,1
2,4,0,3,0,18,1,0,1,31,7,98,63,1,1,2
6,3,2,0,0,19,1,0,1,14,6,73,51,1,1,1
3,7,0,3,0,28,1,0,1,2,2,83,35,1,1,1
2,3,2,3,0,20,1,1,2,11,9,84,62,1,1,0
2,3,2,2,1,50,0,1,1,18,2,74,28,0,0,1
3,7,1,2,1,10,1,1,0,27,3,98,6,1,1,2
3,0,2,2,1,156,0,0,1,16,0,69,10,0,0,2
7,1,0,2,0,21,0,0,2,7,7,77,53,1,1,0
2,1,1,2,0,132,0,0,1,26,2,80,61,1,0,0
3,5,1,2,1,72,0,1,1,29,4,91,24,0,0,0
3,0,1,0,0,31,1,1,1,22,7,84,51,0,0,1
1,4,0,0,0,25,1,1,2,7,5,98,61,1,1,3
2,4,2,1,1,176,0,0,1,25,11,64,47,1,1,1
3,8,2,3,1,52,1,1,2,28,2,97,60,1,1,2
2,8,1,1,0,106,0,0,2,10,9,61,12,0,1,1
4,9,1,1,1,5,1,0,2,1,7,97,41,0,0,2
4,10,2,1,1,74,1,1,0,29,10,99,39,1,1,2
1,10,1,1,0,76,1,0,2,8,9,76,27,1,0,1
9,3,1,3,1,35,1,0,1,9,11,90,59,0,0,0
5,1,0,1,1,18,0,0,1,20,10,87,63,1,0,2
2,9,2,1,1,143,0,1,2,2,4,97,3,1,1,1
8,2,1,3,0,43,1,1,1,25,4,75,59,0,1,0
5,0,0,3,0,78,1,0,1,26,10,78,27,0,0,0
3,11,1,2,1,102,0,0,2,20,10,74,29,1,1,1
6,11,2,0,1,83,0,1,1,18,7,90,58,1,0,2
3,7,0,0,1,55,1,1,1,1,4,86,11,0,1,1
2,10,2,1,0,58,0,0,1,19,10,70,62,1,1,2
4,6,1,3,0,-6,0,0,1,5,0,82,56,0,0,2
3,9,0,2,1,23,1,1,0,20,11,94,38,0,0,2
8,2,0,1,1,18,1,0,2,23,11,63,30,1,0,0
3,4,1,1,1,23,0,1,1,24,3,94,22,1,0,0
1,1,0,3,1,127,0,0,0,9,0,86,6,1,1,0
3,3,2,0,0,50,0,1,1,25,3,65,35,1,0,3
4,0,1,1,0,150,0,1,0,2,2,99,5,1,1,2
2,6,0,0,0,103,1,1,2,9,7,75,13,0,0,1
3,4,1,3,1,173,0,1,1,9,8,80,58,1,0,2
2,10,1,1,0,29,1,1,2,29,2,89,11,0,0,0
5,8,2,0,0,-6,0,1,1,27,11,82,40,1,0,0
8,0,2,0,0,80,0,1,2,13,4,94,38,1,0,2
2,3,2,1,0,18,1,0,1,5,8,94,62,0,1,1
1,10,1,2,1,141,1,1,2,8,10,97,48,1,1,1
4,7,1,1,0,109,0,1,2,1,8,79,41,1,1,1
6,5,0,0,0,33,0,0,2,12,10,85,29,1,1,1
1,10,1,1,0,85,0,0,2,29,6,63,44,1,0,0
6,4,2,3,1,160,1,0,2,21,7,62,44,0,0,1
4,11,1,3,0,4,1,1,1,1,5,84,27,1,1,2
1,2,1,2,1,146,1,0,1,18,4,92,41,1,0,1
6,8,1,0,1,130,1,1,2,14,4,81,54,1,0,2
1,2,2,1,0,47,1,0,2,2,11,49,48,1,0,0
3,7,2,3,1,26,0,0,2,1,6,87,48,1,0,2
1,9,2,2,1,152,1,0,0,26,5,95,60,1,1,0
8,7,0,2,0,14,0,0,1,27,6,95,16,1,0,1
9,11,2,0,1,139,1,0,1,1,7,76,35,0,1,2
2,8,1,3,0,172,0,0,2,21,5,65,27,1,1,0
3,11,0,2,0,67,1,0,1,22,4,81,37,1,0,2
3,7,2,3,1,16,1,1,2,22,7,86,16,0,0,1
4,1,0,0,1,70,1,0,1,22,0,90,53,1,1,0
5,1,1,3,1,50,0,1,0,28,3,92,53,0,0,0
4,11,1,1,0,8,1,0,0,18,0,96,28,1,1,0
8,3,2,2,1,67,1,0,2,17,0,95,33,1,0,0
3,5,0,0,0,8,0,1,2,12,11,69,22,1,0,2
1,0,2,1,1,71,1,0,1,23,0,90,50,0,0,1
2,2,1,0,1,107,1,0,1,25,6,62,56,0,0,0
2,5,1,1,1,71,1,0,1,20,10,72,43,1,1,0
5,0,2,3,1,28,0,1,1,24,8,79,63,1,0,2
7,4,2,3,1,44,1,0,0,8,9,87,5,1,0,0
6,1,0,0,1,55,1,0,1,11,4,67,47,0,1,1
1,8,0,0,0,152,1,0,0,14,7,86,23,1,0,0
5,9,2,1,1,143,1,1,1,25,8,75,56,0,0,0
1,9,0,0,1,33,0,1,2,12,7,85,35,1,1,2
4,2,1,1,0,61,0,1,1,1,1,99,63,1,0,1
1,2,0,1,0,163,0,1,2,19,11,97,28,0,1,1
3,4,0,0,1,-17,0,1,1,7,7,97,14,1,0,1
5,0,0,3,1,170,0,1,1,17,9,93,31,1,1,1
7,0,0,2,1,142,1,0,0,30,7,88,51,0,1,2
6,4,0,2,1,169,1,0,1,7,4,70,32,1,1,0
4,1,0,0,0,121,1,1,2,26,5,67,22,1,0,2
1,1,0,1,0,18,1,0,1,14,5,69,63,1,0,0
9,3,2,1,1,5,1,1,1,22,7,76,36,0,0,2
1,1,1,1,1,23,0,0,1,6,5,98,39,0,1,0
2,11,0,2,0,128,0,0,1,28,0,74,59,0,1,2
8,10,1,3,1,-3,0,0,2,2,5,65,54,0,0,1
3,1,1,2,0,24,1,0,2,16,4,80,41,0,1,1
2,10,1,3,1,17,1,0,1,22,7,95,63,1,1,1
3,5,1,1,0,177,1,1,1,12,11,84,38,1,0,2
3,6,1,1,0,153,1,0,0,20,9,98,54,1,1,1
5,1,1,2,1,101,0,1,2,28,11,87,45,1,1,2
1,8,2,2,0,16,1,0,1,9,7,97,48,1,1,2
1,0,1,3,0,-9,0,0,0,13,1,82,44,0,0,3
1,4,2,3,1,2,1,0,1,2,8,74,37,0,0,2
4,1,2,1,1,178,1,1,2,15,8,83,17,0,1,1
1,11,0,1,0,71,0,1,2,30,10,80,23,0,0,2
1,6,1,1,1,130,0,1,2,5,3,89,11,1,1,0
2,2,2,0,0,18,0,0,1,10,11,86,22,1,1,2
9,1,0,3,1,175,1,0,1,24,10,86,24,1,1,1
1,3,2,1,1,98,0,0,2,2,3,63,15,0,0,2
1,1,1,2,0,61,1,0,1,15,5,66,33,1,0,2
6,9,1,2,1,112,1,1,2,13,8,70,54,1,0,0
1,3,2,0,0,28,1,0,2,3,6,99,60,1,1,2
1,2,1,2,1,62,0,1,1,1,3,86,12,1,1,1
1,9,0,3,1,84,0,1,0,24,1,90,1,1,0,2
3,0,2,3,0,118,1,1,0,21,1,96,11,1,0,0
7,1,0,2,1,22,1,1,1,5,2,99,60,1,1,0
4,5,1,2,1,159,1,0,2,18,6,71,58,1,1,0
1,4,0,0,1,16,0,1,1,5,0,85,30,1,1,1
4,1,1,3,1,112,1,0,1,1,4,96,30,1,1,1
5,1,0,3,0,-19,1,0,1,25,10,91,22,1,1,2
3,4,1,2,1,30,1,0,2,30,5,63,56,0,0,1
3,6,2,1,1,153,1,1,0,17,8,95,23,0,1,1
3,4,2,3,1,17,0,1,0,15,1,93,46,1,1,1
9,5,2,2,1,43,0,1,1,2,4,93,29,0,1,1
1,0,1,2,1,31,0,1,0,18,8,99,28,0,1,1
1,4,0,2,0,-7,1,0,2,8,0,66,7,1,0,0
5,6,0,0,1,21,1,1,2,31,1,92,39,1,1,0
2,1,0,1,0,64,1,0,1,25,4,75,21,0,0,2
6,7,1,1,0,160,1,0,1,18,5,70,53,1,1,0
5,7,2,3,1,10,1,1,0,18,0,99,26,1,1,0
2,0,2,2,1,17,1,0,1,15,7,98,51,1,1,2
2,11,2,1,0,147,0,1,2,25,11,63,27,1,1,0
3,3,0,1,0,34,0,1,1,17,10,97,13,0,1,2
5,6,1,3,0,27,1,0,1,6,4,78,3,0,0,0
5,3,0,0,1,25,1,1,2,22,0,91,51,1,1,0
3,5,0,0,1,-3,1,0,1,4,5,99,51,1,0,2
2,6,2,2,1,17,1,0,1,28,6,93,63,1,0,2
8,7,2,2,0,17,0,1,1,18,8,68,14,0,0,1
1,2,0,3,1,19,1,0,1,18,11,88,1,1,0,1
9,6,1,3,0,21,0,1,1,15,3,71,39,1,1,1
3,7,1,0,0,119,1,0,2,25,1,86,37,1,0,0
3,1,0,1,0,24,1,1,2,25,4,85,38,1,0,0
9,10,0,1,1,2,1,0,0,4,5,66,2,0,1,2
9,5,0,3,0,58,0,0,1,16,0,74,6,1,0,2
3,6,2,2,1,70,0,0,1,6,4,72,6,0,0,0
6,0,2,3,1,82,0,1,1,24,3,66,34,0,0,1
7,5,0,3,1,-10,1,1,2,25,5,82,53,1,1,2
2,5,2,0,1,155,0,0,2,29,10,70,39,0,0,1
2,2,0,0,0,33,1,0,1,6,1,99,38,1,1,2
2,3,2,1,0,61,0,1,1,24,2,90,61,1,1,2
6,9,0,2,1,-10,0,0,2,8,4,94,56,0,0,0
1,5,1,3,0,107,0,1,1,18,3,68,11,0,1,0
4,0,1,2,0,71,1,1,0,5,0,94,41,0,1,2
1,8,1,3,1,32,0,0,1,13,10,69,42,1,0,2
4,9,2,1,0,52,0,1,1,5,5,79,30,0,1,1
6,10,1,1,0,29,1,0,2,6,1,96,30,1,0,1
3,5,2,3,1,169,0,0,1,3,6,71,29,0,1,0
1,5,0,1,1,76,0,0,2,25,11,67,22,1,1,2
8,2,0,3,0,153,1,1,2,15,6,64,27,0,0,0
2,7,0,2,0,127,1,0,2,23,6,65,42,0,1,0
4,3,0,2,1,160,1,1,0,12,9,41,57,0,0,3
6,3,0,0,1,125,0,1,1,23,2,64,11,1,0,0
2,3,0,1,0,18,0,0,1,23,8,70,63,1,1,2
1,7,0,1,1,9,0,1,2,3,9,80,19,1,0,1
4,0,2,0,1,136,0,0,2,19,2,94,10,0,1,0
6,6,0,3,0,-2,1,0,2,9,11,71,57,1,0,1
4,11,0,2,0,168,0,0,2,1,11,91,44,1,0,1
5,5,1,2,0,87,1,1,2,14,11,82,46,0,1,2
9,0,0,3,0,127,0,1,1,4,9,98,46,1,1,1
5,1,0,1,1,4,0,0,0,6,5,92,44,0,1,0
5,7,2,3,1,127,1,0,1,30,9,89,37,1,1,1
1,11,1,3,1,-14,0,0,0,7,10,94,34,1,0,1
9,8,2,0,0,40,0,1,1,16,3,85,11,1,1,1
3,0,0,3,1,147,1,0,1,13,11,91,11,0,0,0
6,5,2,0,0,95,0,1,1,2,1,96,1,0,1,0
6,1,1,0,0,161,0,0,1,2,1,88,5,0,1,2
3,8,2,2,1,27,0,0,2,30,4,92,57,0,1,0
1,3,1,1,0,167,0,1,2,6,11,79,48,1,1,2
4,9,1,0,0,112,1,0,1,24,9,57,63,1,1,2
2,9,0,2,0,128,0,0,1,31,4,79,60,1,0,1
1,0,1,1,1,20,0,0,2,3,5,73,61,0,1,1
1,5,1,0,1,127,0,1,1,7,0,96,59,1,0,1
1,4,1,3,0,41,1,0,1,31,10,62,13,1,1,0
5,7,2,3,0,47,0,0,2,14,1,50,34,1,1,1
2,3,1,2,1,43,0,0,2,17,11,63,45,0,1,2
4,7,0,3,0,3,0,0,1,5,7,81,14,1,0,1
3,6,2,0,0,105,1,1,2,17,2,97,12,0,0,2
5,0,0,1,1,99,1,0,1,21,11,82,27,1,0,1
1,8,0,1,1,29,1,1,2,3,9,67,20,0,0,0
3,11,1,3,0,60,1,0,1,11,4,69,35,1,0,1
1,8,1,2,1,66,1,0,1,19,3,75,63,1,1,1
3,3,2,0,0,64,0,0,2,31,6,55,34,0,1,2
5,11,2,1,1,109,1,0,0,19,1,99,3,1,1,1
5,11,2,1,1,24,1,0,1,18,7,95,55,0,1,0
4,11,2,1,0,165,1,1,2,22,4,89,4,0,1,0
2,5,0,0,1,18,1,0,2,22,7,82,20,1,0,2
1,2,0,2,0,153,1,1,0,20,5,92,55,0,1,2
1,8,0,0,1,157,0,1,1,14,6,66,51,0,0,0
1,2,0,0,1,179,1,1,2,30,10,86,22,1,0,3
3,6,1,3,0,69,0,0,0,19,3,88,43,0,1,1
6,10,0,2,0,14,1,1,2,4,6,85,4,0,0,2
5,8,2,2,0,70,1,0,1,9,4,82,20,0,0,0
1,5,0,0,0,17,0,0,1,11,10,99,43,0,0,0
8,7,1,0,1,148,1,0,0,19,0,92,2,0,0,2
3,0,0,0,1,68,0,1,2,27,6,79,49,0,1,1
4,2,2,1,0,61,0,0,1,25,0,81,18,0,1,1
3,5,2,2,1,-8,0,0,2,3,5,62,24,1,0,2
2,11,1,3,0,74,0,0,1,16,10,81,17,1,0,1
2,9,1,1,1,78,0,1,2,18,11,83,50,1,1,0
5,5,1,0,0,157,1,0,2,17,5,65,33,1,0,1
1,9,1,0,1,41,0,1,0,5,2,93,42,1,1,0
1,3,2,1,1,138,1,0,2,20,9,74,43,1,1,0
2,2,1,2,0,121,0,1,0,31,1,92,3,1,0,1
1,4,1,0,1,20,1,0,1,2,9,69,12,0,1,0
4,5,2,2,0,21,1,0,1,20,8,64,6,1,1,0
2,6,0,0,1,13,1,1,1,5,7,92,28,0,0,0
4,1,0,0,0,28,1,1,1,9,3,92,36,1,0,2
6,6,0,3,1,118,1,0,1,8,7,66,3,0,1,2
2,1,2,0,1,-2,0,1,2,9,4,84,37,1,0,3
4,2,1,1,1,53,1,1,2,16,11,79,40,0,0,0
6,5,1,0,0,18,0,0,2,15,6,63,23,0,0,0
1,0,1,0,0,156,1,1,2,31,6,84,13,1,1,2
1,10,0,3,0,60,0,1,2,14,8,68,51,0,0,0
9,11,0,2,0,127,0,1,0,2,0,99,53,1,1,1
5,1,2,3,0,19,0,0,2,21,7,75,30,1,0,0
2,0,1,2,0,90,0,1,2,22,11,64,44,1,0,0
4,11,1,3,1,47,0,1,1,26,8,87,41,0,0,1
4,7,0,3,1,147,0,1,1,28,1,99,8,0,0,2
2,7,1,2,1,133,0,1,2,17,8,66,53,1,0,0
4,0,2,2,1,87,0,1,0,16,3,91,15,1,0,0
5,9,1,0,1,17,0,1,0,7,2,91,39,1,0,0
1,7,1,1,1,172,0,1,1,4,11,87,25,1,1,1
4,8,2,3,1,160,1,1,0,26,0,78,41,1,0,1
8,8,2,3,0,33,1,0,1,10,5,63,61,0,0,1
1,5,1,1,1,19,0,0,2,8,10,62,63,0,0,1
1,7,1,2,0,84,0,0,2,15,6,69,33,0,0,0
2,11,1,3,0,111,0,1,1,1,4,98,47,1,0,2
2,5,0,2,1,70,1,0,2,11,7,67,57,1,1,2
1,6,2,0,1,36,1,1,2,8,2,96,63,1,1,2
4,2,2,1,1,22,0,0,1,7,4,94,19,0,1,1
5,11,0,0,0,-18,0,0,1,7,5,96,14,0,1,2
1,9,1,2,1,15,0,0,2,6,6,83,5,1,1,1
1,10,1,1,1,86,1,0,1,1,0,70,45,1,0,0
2,8,1,2,0,120,1,0,1,23,2,65,52,1,0,1
3,4,0,0,0,17,1,0,1,18,7,93,24,1,1,1
3,8,2,3,1,163,1,1,2,30,7,92,35,0,1,3
9,4,0,0,0,179,1,0,2,16,4,77,60,0,1,0
5,7,2,2,1,55,0,1,2,22,2,69,53,1,0,1
5,11,2,0,1,151,0,0,1,25,3,55,59,1,0,1
3,5,0,0,1,30,1,0,1,28,4,89,55,0,1,0
9,0,0,1,1,141,1,0,2,12,11,66,41,1,0,2
3,1,2,1,0,146,1,1,0,26,10,98,44,1,0,1
1,6,1,2,1,133,0,0,1,8,11,71,16,1,1,0
4,8,1,3,1,15,0,0,1,5,9,96,1,0,1,0
6,10,0,1,1,5,1,1,2,12,7,83,28,0,0,1
5,1,2,2,0,40,1,0,1,18,8,84,19,1,0,2
1,0,1,3,1,18,1,0,1,3,11,64,27,1,0,0
6,0,2,3,1,127,1,1,1,30,6,77,56,0,1,0
5,3,2,2,1,20,1,0,2,20,5,77,63,0,1,1
3,10,2,3,1,-18,0,1,1,9,6,98,28,1,1,0
8,8,1,0,1,103,1,1,1,11,5,78,19,1,1,2
2,0,0,0,1,18,0,0,1,19,9,73,63,1,1,0
3,6,1,2,1,177,1,1,0,23,8,99,35,1,1,1
6,11,2,0,0,35,1,0,1,2,8,92,21,1,1,0
3,0,1,1,0,84,1,0,2,26,1,74,25,1,1,2
2,0,0,1,0,79,0,1,1,20,6,79,59,0,0,1
4,4,1,0,1,144,0,1,2,26,9,73,58,1,0,0
4,11,0,1,1,102,0,0,2,3,1,77,7,1,0,0
2,0,1,0,0,55,0,1,2,25,8,81,24,0,0,0
6,9,0,1,1,56,0,0,1,5,9,94,58,0,1,2
2,9,1,3,0,71,1,1,2,14,4,85,61,1,0,0
1,8,2,2,0,77,1,0,2,5,3,75,10,1,1,1
1,8,1,3,1,69,0,0,1,2,5,75,53,1,1,2
1,7,1,3,0,97,0,1,2,10,1,85,10,0,1,1
1,7,2,1,0,26,0,0,1,1,0,70,20,1,1,1
4,1,1,1,1,167,1,1,2,20,5,93,20,1,0,0
1,9,2,0,1,32,0,0,2,17,8,98,59,1,0,2
4,9,0,1,1,45,1,1,1,23,11,70,28,0,1,1
1,10,2,3,1,45,1,0,1,16,10,64,21,1,0,1
9,5,0,0,0,117,1,0,1,9,6,67,6,0,0,2
2,3,0,0,1,121,1,0,2,27,6,64,62,1,0,0
2,5,0,0,0,19,1,0,1,9,9,67,54,0,0,1
1,7,0,2,0,74,1,1,1,15,5,70,58,0,1,2
9,10,0,1,1,160,0,0,1,7,2,68,58,1,1,0
1,4,2,0,0,24,0,1,1,1,9,84,62,1,1,0
1,5,1,1,0,86,1,0,2,1,4,85,9,1,1,1
5,0,0,3,1,179,0,0,1,4,7,90,36,1,1,0
4,4,1,3,1,-19,1,0,0,25,4,82,38,1,0,1
3,1,2,1,1,179,1,0,0,27,9,87,52,1,1,2
6,1,2,1,0,23,1,0,2,29,1,90,56,0,1,1
3,0,2,0,0,34,0,0,1,24,9,90,62,1,0,1
3,6,0,0,1,-15,1,1,1,7,7,95,33,1,0,2
4,1,1,0,1,108,0,0,1,8,4,86,38,1,0,0
3,9,2,1,0,38,1,1,1,24,7,74,3,0,0,1
1,3,1,2,0,17,1,0,1,17,6,93,4,0,1,1
2,4,2,0,0,33,1,1,1,13,4,90,59,1,1,2
3,11,0,0,1,65,0,0,0,23,10,95,4,0,0,2
7,3,2,3,1,21,0,0,2,15,7,70,9,1,1,0
5,5,1,0,1,106,1,1,1,3,7,68,14,0,1,2
5,4,0,3,0,63,1,0,1,24,4,92,12,1,1,2
1,11,1,2,1,41,0,0,1,28,11,90,62,0,1,0
2,6,2,0,0,131,0,0,2,29,10,78,60,1,0,2
2,10,1,2,1,56,1,1,2,21,5,70,28,1,0,0
4,11,1,1,0,22,1,0,0,14,0,96,2,1,1,1
2,6,1,1,0,64,1,0,1,23,1,89,37,1,0,1
5,9,1,1,1,117,1,1,1,18,11,80,9,1,0,2
5,5,1,1,1,-18,1,0,1,6,7,69,11,1,0,1
4,8,0,3,1,47,1,0,2,13,9,46,28,1,0,0
3,7,0,0,1,88,0,0,1,28,4,71,30,0,0,1
1,7,2,2,0,159,1,0,2,23,0,90,62,1,1,0
6,4,2,3,1,88,1,0,2,28,10,86,9,1,0,2
7,9,1,2,1,110,1,1,2,24,2,96,7,0,0,2
1,5,2,0,0,40,1,1,2,13,2,89,59,0,1,0
5,2,1,3,1,61,0,0,2,30,1,99,59,1,1,0
8,9,2,0,1,10,0,0,2,6,11,94,4,0,1,0
5,4,0,0,0,34,1,0,1,16,9,99,62,0,1,0
3,10,0,3,0,32,1,0,2,2,1,97,22,1,1,2
8,7,1,2,0,121,1,0,2,19,5,62,37,0,1,0
2,11,1,3,1,17,0,0,1,28,11,91,63,1,0,1
5,9,0,3,0,73,0,1,1,10,0,98,13,1,1,0
1,4,0,2,0,2,0,0,2,10,9,74,24,0,1,0
5,10,2,1,1,62,1,0,2,29,1,91,18,0,1,1
7,4,1,0,0,106,0,1,1,3,1,74,50,0,1,2
4,9,0,3,1,17,1,0,1,13,11,77,63,1,1,1
4,10,0,3,0,111,0,1,0,26,1,91,60,1,1,1
2,11,0,0,1,118,1,0,2,19,7,69,63,0,0,0
2,11,0,0,0,166,0,1,2,25,5,72,35,1,0,2
4,5,1,1,1,159,0,0,1,1,11,84,10,1,1,1
1,1,2,3,0,170,1,0,2,21,6,85,31,1,1,1
1,9,1,0,0,121,0,1,2,30,11,96,52,0,1,3
1,9,1,2,0,179,1,0,1,13,11,92,51,0,0,0
2,0,1,2,1,143,0,0,2,18,5,63,53,0,1,0
1,9,2,3,0,122,0,1,0,10,5,85,59,0,1,0
3,9,1,3,1,15,1,1,2,10,11,81,37,0,0,2
3,8,1,0,0,-10,1,1,0,23,2,94,42,0,0,1
1,4,2,0,0,-16,0,1,2,9,11,96,26,0,1,0
1,4,2,3,1,120,1,1,2,25,2,92,8,1,0,0
1,5,0,0,1,39,0,1,1,3,7,82,59,0,0,1
4,5,1,0,0,54,1,1,1,28,3,97,26,1,1,1
8,9,1,0,0,56,0,1,2,3,5,79,23,1,1,3
1,6,2,2,1,179,1,1,2,20,6,83,49,1,0,2
1,4,1,2,0,82,1,0,2,7,9,63,50,0,0,1
1,4,2,2,0,33,0,1,2,16,8,78,26,1,0,2
9,5,1,2,1,19,1,0,2,20,4,87,30,1,0,2
1,5,0,0,0,31,0,1,1,7,5,99,60,1,1,0
4,8,1,2,1,166,1,0,1,27,4,88,63,1,0,1
1,11,2,0,1,5,1,1,0,21,5,95,63,0,0,2
1,1,1,1,1,17,1,0,1,3,10,88,59,1,1,0
1,8,0,2,0,20,1,0,2,3,3,71,17,1,1,1
7,4,1,0,1,48,1,0,2,23,1,73,39,1,1,1
6,3,1,2,0,159,1,0,1,1,0,97,8,0,1,1
1,6,1,0,0,-8,0,0,2,4,5,87,50,0,1,1
7,11,1,1,0,-9,0,0,2,7,9,92,57,0,0,0
1,11,0,0,0,65,1,0,1,22,11,63,49,1,1,2
6,7,2,3,1,-20,0,0,2,7,11,66,43,0,0,0
4,0,1,1,0,17,1,0,1,15,6,90,24,1,1,1
4,3,2,2,1,51,1,0,2,13,1,95,11,1,0,2
1,11,0,2,0,80,1,0,1,17,8,78,12,1,0,0
2,11,1,1,1,117,1,1,1,9,5,73,50,1,0,2
6,7,0,2,0,106,1,1,2,8,2,65,24,1,0,2
8,0,1,3,0,61,0,0,2,6,4,79,43,0,0,2
6,1,1,2,1,166,0,1,1,5,10,72,57,0,0,0
3,4,2,0,1,141,0,0,2,3,1,63,44,1,0,1
2,1,1,1,0,145,0,0,2,3,11,52,46,1,0,1
1,2,1,0,0,102,1,0,1,29,10,81,49,0,0,2
3,11,0,3,0,76,0,0,2,17,6,75,31,0,1,1
1,10,2,0,0,15,0,0,1,1,4,79,28,0,0,1
4,0,2,1,0,39,1,1,1,11,3,96,19,1,0,0
2,7,0,1,1,26,0,0,1,19,10,66,28,1,0,1
5,8,1,1,0,28,0,0,2,29,0,78,40,1,0,0
1,4,1,2,1,122,0,1,2,2,5,69,18,0,1,2
4,7,0,2,0,93,1,1,1,4,3,83,15,1,1,0
4,1,1,2,1,69,0,1,2,24,8,70,36,1,1,0
4,2,2,2,0,111,1,1,2,7,8,69,54,0,1,2
8,5,1,1,0,21,1,0,2,3,4,82,60,1,1,0
2,11,0,3,1,169,1,0,2,26,11,91,37,1,0,0
8,2,1,2,1,132,0,0,1,12,5,67,10,1,1,1
7,1,2,0,0,79,1,1,1,13,6,90,48,1,0,0
2,8,2,2,1,87,1,0,1,10,7,63,26,1,1,1
3,10,2,0,0,76,1,1,2,22,6,71,9,0,1,2
9,1,1,2,1,155,1,1,2,6,9,65,51,1,0,2
5,1,2,2,1,-10,1,1,0,19,11,83,26,1,0,1
2,3,1,2,0,20,1,0,1,31,4,87,52,1,0,1
2,2,1,3,1,152,0,1,1,28,9,82,51,0,1,2
6,6,0,0,1,163,1,0,2,18,8,64,38,0,0,1
2,10,2,2,1,35,1,0,1,29,6,85,56,1,1,2
1,0,1,0,1,38,1,0,0,2,2,42,52,1,0,2
1,6,2,1,0,137,1,1,2,15,11,92,11,0,1,3
9,4,2,0,0,-14,0,0,2,3,7,97,18,0,0,2
4,6,2,0,0,57,0,0,1,17,2,55,11,0,0,1
5,8,0,2,0,91,1,0,0,19,5,90,7,0,0,1
2,9,0,2,0,32,1,0,1,1,5,71,58,1,1,1
3,7,0,0,1,18,1,0,1,1,10,66,63,1,0,0
8,5,0,0,0,-7,0,1,2,9,6,94,27,0,1,0
1,9,0,3,0,92,0,1,1,28,5,90,21,0,0,1
4,7,1,0,1,121,0,1,1,29,5,78,8,1,1,2
1,6,0,2,0,-2,0,0,1,5,8,96,13,1,1,2
1,2,1,2,1,167,0,0,2,18,8,84,63,1,1,2
1,11,0,3,1,137,1,0,1,20,11,83,63,0,0,0
6,2,1,0,1,-14,0,0,1,3,9,76,4,1,0,0
4,2,2,2,0,37,1,1,2,29,2,91,58,0,1,1
2,11,0,1,1,-18,0,1,1,3,5,76,40,1,0,2
1,6,1,0,0,126,0,1,1,24,0,66,59,1,0,3
9,9,0,3,0,4,1,1,2,1,8,76,50,0,1,0
3,0,1,2,1,20,0,0,1,29,9,72,51,0,0,2
8,5,2,0,1,-18,1,1,1,12,11,79,45,0,0,0
2,6,2,0,1,129,0,0,1,4,1,68,30,0,0,3
5,3,0,3,1,95,0,0,2,6,8,83,23,0,0,2
2,7,1,0,1,18,0,0,1,10,9,67,63,1,1,0
3,3,2,0,0,112,0,1,1,5,2,95,26,0,1,0
2,4,1,0,1,77,1,0,0,25,1,90,57,1,1,2
2,0,1,3,1,-14,1,1,0,8,8,89,30,1,0,1
1,1,0,0,1,26,0,1,2,27,5,96,60,1,1,0
4,7,1,2,0,125,1,1,1,31,1,96,44,1,1,1
8,1,0,1,0,139,1,0,2,8,2,86,59,0,1,1
1,8,0,2,1,152,0,0,1,28,9,69,54,1,1,2
7,10,0,3,0,39,0,0,1,29,8,51,23,0,1,0
2,8,1,3,1,123,0,1,1,15,1,72,20,1,0,0
1,9,1,0,1,-8,1,0,0,1,9,96,2,1,1,2
2,4,2,3,1,62,1,1,1,11,1,80,10,1,0,1
4,11,1,0,1,170,0,1,2,1,4,81,13,0,1,1
5,10,0,0,0,134,1,0,2,23,1,65,20,1,0,1
3,3,2,3,1,139,1,0,1,1,2,80,30,1,1,0
9,8,0,0,0,18,0,0,1,31,9,93,56,0,1,1
4,0,1,2,0,28,1,1,2,19,2,97,40,1,1,1
2,10,0,0,0,0,0,0,1,20,8,66,41,1,1,0
4,0,0,1,0,114,0,1,2,31,5,65,3,1,0,2
3,6,1,1,1,95,0,0,0,28,9,90,63,0,1,2
1,5,1,2,1,152,1,0,0,22,5,92,43,0,1,1
2,0,0,0,0,174,1,0,2,16,0,88,50,1,0,2
4,1,2,1,0,168,0,1,1,4,7,83,2,1,1,0
4,1,1,3,1,17,1,0,1,28,10,79,18,1,1,2
3,8,2,0,1,54,1,1,0,27,1,93,39,0,0,1
1,0,1,3,1,-17,0,1,1,11,5,89,4,1,1,0
4,9,2,2,1,15,0,0,1,6,6,71,17,0,1,1
4,5,1,0,0,159,1,0,2,8,3,65,43,1,1,1
2,5,1,2,0,110,1,1,1,15,5,69,27,0,0,0
6,8,1,3,0,7,1,0,2,8,3,76,59,1,0,1
5,7,0,0,0,20,0,1,2,5,8,93,53,0,0,1
2,6,2,3,0,172,1,0,1,2,4,82,59,1,0,2
8,1,2,1,1,167,0,1,0,8,1,92,52,0,1,0
3,2,1,0,1,173,0,1,1,29,10,80,48,1,1,3
4,1,0,2,1,130,1,0,2,18,1,92,63,0,0,2
1,10,2,2,0,-6,0,1,1,9,5,75,14,1,0,2
2,8,1,1,0,87,1,1,0,27,1,95,12,1,0,1
6,7,2,3,0,-3,0,1,2,6,3,87,2,0,0,2
1,9,2,2,1,57,1,0,2,27,10,99,35,0,0,0
1,6,2,1,0,168,0,0,2,31,11,64,41,1,0,2
1,4,1,1,0,64,0,1,2,22,6,79,13,1,1,0
1,7,2,3,0,106,1,0,2,19,9,99,55,0,0,1
1,8,0,3,0,-5,1,0,1,7,6,68,35,0,0,1
5,6,2,0,0,21,1,0,1,8,8,75,29,1,0,2
1,2,2,3,1,121,1,1,1,31,6,83,61,1,1,2
4,7,2,2,0,103,0,0,2,8,10,65,57,0,0,0
1,5,1,1,0,153,1,0,1,3,4,92,40,1,0,0
6,8,0,1,0,57,1,1,1,24,3,89,58,0,1,2
3,9,2,1,1,110,1,0,2,24,7,69,27,0,1,0
9,0,0,2,0,-1,0,0,0,22,6,86,45,0,1,0
2,4,1,3,1,162,1,0,2,24,5,65,52,1,1,1
1,8,2,2,0,35,1,0,0,28,10,92,2,0,0,2
3,10,2,0,1,47,1,0,1,18,8,73,30,1,1,2
8,1,2,1,0,155,1,1,1,12,4,79,17,1,1,2
2,11,1,3,0,139,1,0,1,25,8,71,24,1,1,0
2,9,2,0,1,34,1,0,2,22,7,71,11,1,0,0
4,2,1,3,0,134,1,1,1,29,1,95,1,1,1,1
4,11,1,0,1,132,0,0,0,26,7,93,1,1,1,1
5,0,2,3,1,-11,1,0,1,3,4,99,11,0,0,0
4,0,1,3,0,115,1,1,2,13,5,66,10,0,1,2
1,9,1,3,1,48,1,0,0,22,11,85,26,0,0,0
2,8,2,1,0,34,1,0,1,7,6,82,56,0,0,2
5,5,1,0,1,81,0,1,1,17,9,99,62,1,1,0
2,1,2,1,1,142,1,0,2,7,8,62,58,1,0,1
7,10,0,2,1,-9,1,1,2,11,5,95,15,0,0,0
3,4,2,0,1,136,1,0,0,14,2,90,7,1,0,2
1,10,0,1,0,23,0,0,2,20,6,65,55,1,1,2
7,0,1,1,0,86,1,1,1,6,2,92,37,1,1,2
2,2,2,2,1,124,1,1,2,19,8,81,59,0,0,0
3,9,1,3,0,38,0,0,2,24,2,63,38,0,0,0
1,0,1,3,0,36,0,1,1,16,6,89,10,1,0,0
3,3,1,2,0,136,1,1,1,22,9,87,27,0,0,1
1,1,1,3,0,11,0,0,1,5,6,91,42,1,1,1
7,4,2,3,0,48,0,0,1,4,10,63,10,1,0,0
1,9,1,3,0,110,0,0,1,21,10,79,43,0,0,2
4,4,1,0,0,19,0,0,2,29,1,64,60,1,0,1
4,7,1,2,0,99,0,1,2,22,9,94,58,0,0,0
8,11,1,3,1,23,1,0,1,9,5,63,9,1,0,0
9,10,1,3,0,9,0,0,1,31,9,92,50,0,1,0
7,11,2,2,1,9,0,1,2,5,6,97,3,1,0,2
8,4,0,3,0,-19,1,1,2,6,5,62,17,0,0,2
4,8,1,0,0,2,1,0,2,13,8,95,36,0,1,0
3,8,1,1,1,23,0,1,2,20,1,90,2,0,0,1
3,0,2,3,0,74,0,0,0,20,1,88,25,0,0,2
4,4,1,3,0,175,1,1,2,16,11,96,18,1,0,3
2,7,2,0,1,20,0,1,1,1,4,96,39,1,1,0
1,1,2,1,0,128,0,1,2,24,10,74,7,1,1,2
1,2,1,0,1,94,1,0,1,22,5,77,57,1,0,0
6,0,0,3,0,177,0,0,1,12,0,96,54,1,0,0
6,3,2,2,1,-2,1,1,1,1,6,97,24,0,0,2
6,3,2,0,1,64,1,1,1,16,1,88,11,1,1,2
1,4,2,3,1,16,0,1,1,26,5,88,61,1,0,2
2,7,1,3,0,128,1,1,0,27,5,82,40,1,0,1
5,0,0,3,1,86,0,0,0,27,6,72,18,0,1,0
5,6,1,2,1,174,1,0,0,25,11,80,24,0,0,2
4,2,0,0,0,173,0,1,2,28,8,72,4,1,1,2
1,11,2,0,1,41,0,0,1,3,6,89,32,1,0,2
9,3,2,2,0,-20,0,0,1,3,9,89,12,0,0,0
2,9,2,2,0,62,1,0,1,19,8,69,35,0,1,0
6,5,2,3,1,20,0,0,2,16,11,73,45,1,1,0
1,2,1,0,1,171,0,0,1,31,6,62,46,1,0,1
6,4,2,2,1,31,1,1,1,22,0,89,55,1,1,1
7,0,2,3,1,103,0,0,1,22,4,81,42,0,1,2
2,8,0,2,1,-20,0,0,1,6,9,64,45,0,0,0
5,11,2,1,0,121,0,0,0,10,7,81,57,0,1,0
1,11,0,3,0,165,1,0,1,18,10,99,17,1,1,2
3,2,1,0,0,56,0,0,2,25,3,38,54,1,0,2
1,4,2,2,0,131,0,1,2,26,9,87,46,0,0,0
3,3,0,1,1,-5,1,1,2,16,11,87,56,1,0,0
5,3,1,0,1,110,0,1,2,4,3,92,11,0,0,3
1,3,2,0,1,168,0,0,1,6,6,78,42,0,0,2
1,4,2,3,1,52,0,1,1,25,2,99,54,0,1,0
5,8,2,0,1,163,0,1,0,1,1,71,4,0,0,3
7,3,1,3,1,35,1,0,2,22,8,91,29,0,0,0
5,4,0,0,0,90,1,0,1,8,2,63,60,0,0,3
7,10,1,3,0,24,1,1,1,11,11,79,36,0,0,1
8,1,0,2,0,-17,1,0,2,18,9,72,5,1,0,2
8,2,0,3,1,142,1,0,0,25,3,82,10,0,0,3
1,6,0,1,0,5,1,0,2,6,7,84,4,0,1,0
6,9,2,2,1,116,1,1,2,29,8,76,46,0,1,2
5,2,1,1,1,-2,1,1,2,2,4,95,38,1,0,0
9,9,1,0,1,50,1,0,1,29,5,68,20,1,0,2
9,0,0,2,1,149,0,1,1,7,4,91,21,0,1,2
5,7,1,3,0,3,1,0,1,28,5,65,41,0,1,2
1,1,1,0,0,4,0,0,2,20,6,88,31,0,1,2
8,10,2,3,1,17,0,0,2,17,1,71,10,0,0,1
2,5,0,1,0,17,1,0,1,11,6,69,63,1,0,2
1,11,1,1,1,20,0,0,1,26,5,76,62,1,0,1
2,9,0,2,0,148,1,0,1,11,7,66,42,0,1,2
4,8,2,3,1,179,0,0,2,6,4,83,22,0,0,0
9,5,2,0,0,56,1,1,0,31,10,98,30,0,1,0
8,3,0,1,0,56,1,1,2,13,11,93,54,0,1,2
5,2,1,0,0,17,1,0,1,30,7,82,61,1,1,0
3,9,2,2,1,60,1,0,1,7,4,82,19,0,0,1
1,4,0,2,0,-19,0,0,1,12,10,77,9,0,1,1
2,10,1,0,0,12,0,0,1,11,4,98,40,0,1,0
5,9,1,2,1,169,1,0,0,16,0,97,61,1,1,2
8,0,1,0,1,160,1,0,0,7,6,99,50,1,0,0
7,2,2,2,0,112,0,1,0,4,0,97,11,0,1,0
1,11,2,3,1,24,1,1,1,23,5,80,59,1,1,0
5,9,0,0,1,16,1,1,2,13,1,98,48,0,1,1
4,2,0,2,1,85,0,0,1,1,4,66,62,0,1,0
2,0,1,0,1,102,0,0,2,12,0,63,22,0,1,1
1,6,2,1,0,1,0,0,1,29,11,88,31,0,0,1
3,4,1,1,0,41,0,0,1,21,11,74,46,1,0,1
7,8,1,3,1,28,1,0,1,24,4,83,14,0,1,0
5,6,0,3,0,65,1,0,1,10,0,72,61,1,0,0
3,6,0,3,0,141,1,0,1,1,0,78,31,0,1,3
3,10,2,2,0,16,0,1,1,30,8,84,34,0,1,0
3,5,0,3,1,172,0,1,1,27,4,71,18,1,0,2
9,2,2,2,1,141,1,0,1,21,7,77,32,0,1,0
1,1,0,2,0,22,0,0,1,29,9,68,36,1,0,2
6,4,2,2,1,-14,0,1,2,1,10,63,31,0,0,0
6,8,2,0,0,-4,0,1,2,16,11,79,14,1,0,0
1,2,2,0,0,44,1,1,1,7,11,70,39,1,1,2
1,9,1,0,1,121,1,1,1,26,5,92,14,0,1,1
5,7,0,1,0,172,1,0,0,21,0,92,6,0,1,0
1,11,0,0,0,80,1,0,2,23,2,64,42,1,1,1
8,0,2,1,0,26,1,0,1,17,7,62,55,1,1,1
3,10,1,2,1,117,0,0,2,29,11,68,40,0,0,0
2,1,2,2,1,64,0,0,1,25,10,78,1,0,1,0
2,0,0,1,0,96,1,1,1,30,5,74,29,1,1,1
1,8,0,2,0,116,1,1,0,22,11,80,12,0,0,1
5,2,1,0,1,23,1,1,1,27,3,70,43,0,0,2
5,4,1,1,0,178,1,0,1,10,7,90,54,0,1,2
3,7,1,1,1,160,1,1,0,24,4,93,2,1,0,0
4,3,0,0,0,173,0,1,1,29,6,92,34,1,1,0
1,2,2,1,0,3,1,1,2,3,11,68,34,0,0,0
1,0,0,2,1,19,1,1,2,9,6,95,60,1,0,2
2,10,2,1,0,49,1,0,2,13,7,44,55,1,1,0
2,1,2,1,0,38,0,0,1,20,7,72,58,1,0,2
4,6,2,1,1,107,1,0,0,1,2,88,1,1,1,2
1,3,0,3,1,49,1,1,0,27,8,80,30,1,0,3
4,7,1,1,0,-18,1,1,1,3,5,81,42,1,1,0
1,0,0,2,0,28,0,0,2,18,2,91,61,0,1,0
8,0,2,3,1,120,1,0,1,19,5,97,6,0,1,3
4,10,2,2,1,152,1,0,1,21,11,92,23,0,1,3
1,10,1,2,1,150,0,1,2,7,11,80,61,1,1,2
2,5,0,3,0,176,1,1,2,11,8,68,37,0,1,0
2,9,0,0,1,107,0,0,2,17,0,81,51,0,1,2
9,10,2,3,0,161,1,0,2,21,8,94,3,0,1,0
2,7,2,2,0,113,1,1,0,2,2,95,42,0,1,1
8,7,1,0,1,-19,0,0,1,1,4,97,46,0,0,0
1,3,0,0,1,25,0,0,1,14,8,94,62,0,1,2
1,0,2,0,0,135,1,0,0,30,9,91,15,0,0,0
1,5,0,1,0,76,0,0,2,2,3,78,31,1,1,2
2,9,1,1,1,-19,0,0,1,2,6,90,13,0,0,1
3,9,2,1,0,-1,0,0,1,7,8,84,63,1,0,1
6,1,1,3,0,154,0,1,2,31,2,69,11,0,0,1
1,8,0,3,0,141,1,1,1,14,10,93,43,0,0,1
3,10,0,2,1,-18,0,0,1,11,0,68,5,0,0,1
2,0,0,1,0,26,1,0,2,15,4,62,58,1,0,1
4,5,2,3,1,68,1,0,1,6,6,67,61,1,0,2
1,9,0,0,0,67,1,0,1,21,6,65,21,1,0,1
6,1,1,3,1,172,0,0,2,7,0,96,6,1,1,0
1,3,0,0,1,168,0,1,2,18,5,75,28,1,1,1
4,6,0,2,1,34,1,0,1,30,6,67,11,0,0,2
3,4,0,0,0,56,0,0,1,29,11,77,17,0,0,1
6,9,2,0,1,145,0,0,2,1,3,67,45,1,1,3
9,4,2,2,1,76,1,1,2,12,8,74,8,0,1,2
8,9,1,0,0,-4,1,0,1,20,11,67,61,1,0,1
4,7,2,1,0,117,0,0,1,6,10,66,53,0,0,2
1,9,0,2,0,113,0,0,2,14,7,62,30,1,0,2
2,9,0,1,1,165,1,1,2,22,5,71,56,0,0,1
5,7,0,3,1,23,1,1,1,17,0,73,62,0,0,1
9,5,1,3,0,2,1,0,1,16,9,82,59,1,0,2
6,0,2,2,1,145,1,0,2,24,0,91,9,0,1,0
2,10,0,3,1,73,0,0,1,3,11,71,7,1,1,2
8,10,2,1,1,155,1,0,2,30,4,91,48,0,1,2
2,9,1,0,0,126,0,0,2,9,0,57,28,0,0,1
4,7,0,2,0,63,0,1,1,3,6,81,38,0,1,0
2,3,0,0,1,111,1,0,1,16,5,60,17,0,0,0
2,8,0,0,0,111,1,0,2,28,1,85,58,0,0,2
4,2,1,0,1,61,1,0,2,10,4,89,50,0,0,2
2,1,0,2,0,7,0,0,2,9,1,66,1,0,0,1
4,4,0,1,1,173,0,0,1,20,9,95,41,0,0,0
5,1,0,3,0,44,0,1,1,28,10,97,14,1,1,1
3,10,2,1,1,-10,1,0,1,2,9,68,7,1,1,2
5,3,2,0,1,57,0,1,1,31,0,95,42,1,0,2
4,8,0,3,0,-13,1,0,2,2,8,72,7,0,1,1
6,2,2,1,0,26,1,1,2,1,2,87,5,1,1,1
3,5,1,2,1,18,1,1,1,4,8,93,63,1,0,3
6,3,0,2,0,4,1,1,2,3,7,82,34,1,0,1
5,8,2,0,1,75,1,1,2,28,6,80,62,0,0,1
9,3,2,3,1,104,1,1,1,13,5,87,45,0,1,2
2,7,2,1,0,160,1,1,0,17,7,86,48,0,0,0
4,3,2,3,1,167,1,0,1,22,1,99,9,1,0,1
7,1,2,1,0,28,0,1,0,4,2,62,25,1,0,3
6,11,0,0,0,29,1,0,1,10,11,64,44,0,0,1
1,4,1,1,1,20,0,0,1,12,10,96,46,1,1,0
5,4,2,2,1,9,0,0,1,3,6,86,38,1,1,2
4,0,0,1,1,18,0,0,1,19,10,90,1,1,0,0
1,7,1,0,1,-2,1,0,1,9,9,94,8,1,1,1
3,4,0,1,1,179,1,0,0,17,9,93,62,0,0,1
3,9,0,0,1,146,1,1,0,25,0,97,5,1,0,3
8,6,1,1,1,137,1,1,2,25,5,99,62,1,1,3
1,4,0,0,1,116,1,1,0,5,1,87,2,0,1,3
4,3,0,2,0,103,0,0,2,7,1,73,6,1,1,0
5,1,1,3,0,170,0,0,1,23,2,91,9,0,1,0
3,10,1,3,1,12,0,1,2,20,6,86,43,1,1,1
4,8,2,1,0,18,1,0,1,1,5,98,63,1,0,2
1,10,2,1,0,20,1,0,2,1,6,82,63,1,1,0
9,4,2,0,0,79,1,0,2,22,9,70,48,1,1,2
1,4,0,3,0,111,1,0,2,7,8,62,50,1,1,1
3,3,2,3,0,94,1,1,1,24,9,88,62,1,1,1
1,8,1,0,0,25,0,0,1,17,4,91,62,1,0,0
4,7,1,2,0,-12,0,0,1,3,7,81,14,0,0,0
5,4,1,0,0,61,1,0,2,8,2,87,25,1,0,3
5,10,0,2,1,5,0,1,0,3,3,98,63,1,0,1
2,11,0,3,0,81,0,1,1,24,2,91,20,0,0,2
3,0,2,3,1,149,1,1,1,6,4,99,26,1,0,1
5,2,0,3,0,22,0,0,1,26,2,92,58,0,1,1
4,0,2,1,1,105,0,0,2,29,5,53,5,1,0,1
9,9,1,0,0,18,1,1,1,16,5,84,21,0,0,2
3,5,1,3,1,163,1,0,2,14,2,64,48,1,0,2
4,0,1,2,0,118,0,0,2,3,7,70,52,0,0,1
4,0,1,0,1,149,0,1,2,25,3,63,63,1,1,0
2,11,1,0,1,97,1,0,2,25,11,65,59,1,1,2
1,4,1,3,0,154,0,0,2,25,4,65,42,1,0,0
4,4,0,0,0,12,1,1,0,20,5,91,3,1,1,1
2,6,1,1,1,22,0,0,1,31,10,98,17,0,1,1
5,9,0,0,0,158,1,1,0,27,6,94,4,1,0,0
4,7,2,1,0,23,1,1,0,15,4,89,4,1,1,2
6,11,0,3,1,63,0,1,2,3,0,96,4,1,0,2
8,6,2,3,1,0,1,0,1,23,10,97,18,1,1,1
3,8,2,1,1,150,0,0,2,8,0,64,43,1,1,1
1,0,0,1,0,22,1,0,1,14,0,91,31,1,0,1
1,0,0,1,0,28,0,0,2,28,6,79,60,1,1,1
2,4,0,2,1,161,1,0,2,22,8,73,63,0,1,1
2,1,1,2,1,35,0,1,1,28,5,78,2,1,1,2
4,6,0,0,1,-4,1,0,1,1,8,96,33,1,0,0
1,6,1,1,1,40,1,0,2,17,8,69,54,0,0,0
2,9,2,0,1,6,0,0,1,4,6,83,5,1,1,1
7,7,1,3,0,-13,0,0,2,5,2,88,7,0,0,0
5,5,1,1,0,7,1,1,1,11,5,95,7,0,1,0
1,6,1,0,0,33,1,0,1,7,11,64,6,0,1,0
5,3,0,0,0,-20,1,0,2,26,8,65,60,0,0,2
3,7,1,0,0,118,0,0,2,31,9,63,32,1,1,1
5,0,0,0,1,20,1,0,1,21,11,78,7,1,1,2
6,8,1,2,0,54,1,1,1,23,0,90,45,1,1,2
3,10,0,0,0,-15,0,0,1,8,7,67,2,1,1,2
4,8,2,3,1,4,1,1,1,8,8,68,58,0,1,2
3,7,2,3,1,143,0,1,2,17,5,93,54,0,1,1
5,5,2,0,1,16,1,1,1,3,7,73,8,0,0,1
8,2,0,3,1,153,0,0,2,9,6,91,57,0,0,0
4,11,1,3,0,24,0,1,2,9,4,81,22,0,0,2
2,11,2,1,0,17,0,1,2,4,9,99,7,0,0,1
2,10,2,2,0,77,1,0,2,29,0,92,57,1,1,1
4,3,0,1,0,173,0,0,2,6,3,62,20,1,0,0
3,4,2,0,0,27,1,1,2,9,5,77,36,1,0,2
5,11,1,2,0,41,1,1,0,19,3,99,48,1,1,0
2,1,1,2,0,112,1,0,1,6,2,95,41,1,0,1
1,6,0,2,0,175,0,1,2,20,5,83,52,1,1,0
4,3,1,1,1,28,0,0,2,18,10,64,63,1,1,2
1,10,1,3,1,86,0,1,1,4,11,72,1,0,1,1
1,0,0,3,0,103,1,0,2,11,1,78,1,1,1,2
4,10,2,0,1,159,1,0,2,26,11,62,42,1,0,0
4,3,1,3,0,124,1,0,1,18,4,74,46,1,1,2
1,2,0,2,1,94,0,0,2,22,11,37,62,0,0,2
4,8,0,2,0,19,1,1,2,31,2,90,50,1,0,0
1,8,1,3,0,138,0,0,2,6,5,68,6,1,0,2
2,2,1,1,0,22,1,0,1,1,6,73,15,1,1,0
3,11,0,1,0,27,1,0,1,16,9,72,46,1,1,2
7,9,2,2,1,125,0,0,1,16,2,93,36,1,1,1
1,9,0,1,1,40,1,0,0,28,10,88,12,0,1,1
1,7,0,3,0,30,1,0,1,19,8,66,62,1,1,0
4,3,0,3,0,27,0,0,2,11,8,75,53,1,0,1
9,3,1,0,0,22,1,0,1,3,11,87,61,0,1,0
2,4,0,1,0,154,1,0,1,9,7,67,4,0,0,0
1,3,1,0,1,9,1,0,1,1,8,74,43,0,0,0
8,11,0,0,1,60,1,0,2,14,5,63,59,1,0,2
3,6,2,3,1,163,1,0,1,24,11,65,56,1,1,0
4,5,2,1,0,47,1,1,2,30,7,70,2,0,0,2
3,10,0,0,1,155,0,0,1,18,10,92,2,0,1,2
5,7,2,3,0,54,0,0,1,24,11,52,24,1,1,0
3,11,0,2,1,18,1,0,1,27,8,69,63,1,0,0
1,4,2,2,1,24,0,0,2,23,10,76,18,0,1,0
2,6,1,0,0,130,0,0,2,5,3,60,27,1,0,1
2,0,2,0,0,27,1,1,0,30,0,92,52,0,0,1
2,3,2,2,1,176,0,1,2,28,1,90,15,0,1,0
3,0,2,3,0,21,0,0,1,8,8,93,31,0,1,1
3,1,1,0,1,56,1,0,1,16,4,82,29,1,1,1
4,1,2,0,0,18,1,0,1,14,9,68,63,1,0,0
3,7,1,0,1,150,1,1,1,1,0,82,50,1,0,1
7,4,2,1,0,46,0,0,1,14,8,56,58,0,0,2
2,11,1,2,0,86,0,0,0,7,1,90,11,0,0,1
8,10,2,2,1,-3,0,0,1,2,6,77,40,0,0,1
3,11,0,1,0,156,1,1,0,25,6,93,39,1,1,3
1,11,2,2,0,178,0,1,2,1,4,84,6,0,1,0
6,1,0,2,1,-10,1,1,1,13,11,77,29,1,1,1
1,9,0,2,1,144,1,0,1,21,6,68,62,0,1,1
6,0,2,0,1,168,1,1,0,8,4,99,6,1,0,1
3,1,1,0,1,30,1,1,2,7,8,66,53,0,1,0
1,4,2,0,1,40,1,0,0,30,9,91,21,0,0,1
9,10,1,3,1,2,1,1,2,11,7,71,54,1,0,2
2,10,2,2,1,16,1,0,1,27,7,70,36,0,0,2
1,5,1,2,0,140,1,1,2,31,6,84,35,1,1,3
3,8,0,0,1,177,1,0,1,26,11,85,22,0,0,3
1,1,1,1,0,34,0,0,1,7,0,65,36,1,1,0
1,6,0,3,1,15,1,0,1,9,1,85,33,0,0,1
5,5,0,3,1,89,1,0,1,9,7,71,31,1,0,2
3,3,0,1,1,81,1,1,1,5,5,77,42,0,0,2
4,1,1,0,0,123,1,0,0,8,8,80,19,0,1,1
4,11,0,3,0,138,0,1,1,31,6,86,5,1,0,2
1,0,0,0,0,73,1,1,1,10,3,92,35,0,1,0
1,2,1,2,0,33,1,0,2,13,11,73,58,0,1,1
5,5,2,3,0,-20,1,1,1,14,7,63,62,0,1,2
2,11,2,1,1,52,1,0,1,4,1,76,50,0,0,1
3,2,0,2,0,30,0,0,1,24,4,76,48,0,1,1
2,4,2,3,1,62,1,0,1,25,7,63,48,0,0,2
6,9,1,2,0,11,0,0,0,18,0,98,12,0,1,0
5,8,1,2,1,170,0,0,2,7,8,70,51,1,0,2
7,4,2,1,1,152,1,1,1,9,9,75,42,0,1,2
4,5,0,1,0,1,0,1,1,5,10,94,63,0,0,2
1,4,0,3,0,166,0,1,2,31,9,84,51,0,1,2
1,8,1,1,1,139,0,0,1,29,8,86,35,0,0,2
3,9,2,2,0,38,1,1,1,9,3,84,53,1,0,1
6,2,0,1,0,18,0,0,1,17,3,86,29,1,0,1
4,5,2,2,1,65,0,1,1,31,6,80,62,1,0,1
2,9,2,1,1,85,0,1,1,31,0,94,18,0,0,0
2,9,2,1,0,73,0,1,0,30,11,97,7,0,0,1
3,11,1,0,1,103,1,0,1,6,1,62,44,1,0,1
2,10,1,3,0,29,1,0,2,9,7,79,47,0,0,1
8,3,1,3,1,-20,0,0,0,5,3,83,33,0,0,2
5,4,1,1,0,162,0,1,1,16,0,71,6,1,1,0
3,0,1,0,1,117,0,0,1,15,5,63,17,1,1,0
6,11,1,1,0,-15,1,0,2,3,5,94,12,0,0,1
8,9,1,2,0,-12,0,0,2,10,8,72,57,0,0,0
6,9,2,1,1,71,0,0,2,15,1,99,22,0,1,1
1,1,0,0,0,30,1,1,1,5,8,84,62,0,1,0
8,11,2,1,0,25,1,1,2,3,6,77,63,1,0,0
8,7,0,2,1,70,1,0,2,8,4,62,52,1,1,0
4,4,1,1,0,73,1,0,1,13,0,69,28,1,0,2
3,6,1,2,1,47,1,1,0,28,2,99,36,1,1,1
4,10,0,3,1,4,1,0,1,1,9,88,14,1,1,0
9,0,0,0,1,22,1,0,1,22,8,72,10,0,1,2
1,2,0,3,0,75,1,0,1,15,10,69,44,0,0,2
2,2,0,2,1,106,1,1,2,14,5,75,56,1,1,0
1,8,2,2,1,78,0,0,2,15,10,98,26,0,1,1
3,10,0,0,1,15,0,1,1,6,8,99,13,0,1,0
5,6,1,2,1,4,1,1,1,6,7,68,10,0,1,2
7,7,0,3,1,42,0,0,2,4,6,79,62,0,1,1
6,3,0,3,0,23,1,1,2,30,3,93,62,1,0,2
1,3,1,3,1,26,1,0,0,31,2,87,5,0,1,0
3,10,2,2,0,27,0,0,2,23,11,90,9,1,1,0
6,11,2,2,0,-10,1,0,1,12,8,96,58,1,1,0
3,5,0,3,0,67,1,1,2,28,0,93,4,0,0,0
6,2,0,2,0,-16,1,1,2,19,7,99,42,0,1,1
5,11,1,3,1,38,0,0,1,1,8,67,3,1,1,0
7,3,2,3,1,131,0,1,2,28,4,82,56,0,1,0
9,7,0,1,0,33,0,1,2,12,3,85,16,1,1,0
4,0,0,0,0,41,0,0,1,9,1,76,5,1,1,0
3,8,1,3,0,68,0,0,2,5,10,78,5,1,0,0
1,7,2,3,0,151,1,1,2,14,11,78,63,0,1,2
7,3,2,3,1,-5,1,1,2,2,10,86,33,0,1,0
2,8,0,3,0,23,0,1,1,12,10,97,30,0,0,0
3,1,0,0,1,22,1,0,1,1,7,86,35,0,1,2
3,8,2,2,0,129,0,0,1,1,1,82,21,0,1,2
7,1,0,0,1,108,1,1,0,19,6,81,21,1,1,2
3,1,0,2,1,21,1,1,1,22,4,88,44,1,0,1
9,4,2,3,1,137,0,0,2,9,3,91,54,0,1,2
3,9,2,2,0,151,1,1,1,26,1,92,8,1,1,2
1,8,2,1,1,9,0,0,1,5,7,75,59,0,1,0
7,9,2,1,0,38,1,0,2,12,5,71,60,1,0,2
4,2,0,1,1,161,0,0,2,2,11,87,11,0,0,2
1,7,2,1,0,176,0,0,1,22,0,69,26,0,0,2
2,5,1,0,0,11,1,1,1,1,5,93,55,1,0,1
5,4,2,3,1,123,1,0,2,7,10,77,25,1,0,2
3,1,0,0,1,120,0,0,1,25,8,90,22,1,0,2
7,1,2,1,0,116,1,1,1,18,5,80,11,0,0,1
3,4,0,2,0,117,1,1,1,5,5,71,31,1,0,2
5,11,1,3,1,23,1,1,2,17,11,94,62,0,1,0
2,8,0,3,1,-15,1,0,0,14,9,73,19,1,1,3
5,3,1,0,0,148,0,0,1,25,11,57,37,1,0,1
5,7,0,3,0,122,1,1,1,9,9,91,35,0,0,2
8,9,0,3,0,157,0,1,2,27,11,68,61,0,1,0
5,2,0,2,0,162,1,0,1,16,10,65,23,1,0,0
4,5,2,2,0,51,1,1,2,29,7,81,53,1,0,0
2,5,0,3,1,93,1,1,1,21,1,87,44,1,1,1
1,6,1,1,1,26,0,1,1,30,7,95,62,1,0,2
4,0,2,0,0,18,1,0,1,11,10,76,52,0,1,1
8,5,1,3,1,45,0,0,1,4,0,81,54,1,1,1
4,10,2,3,1,74,1,1,1,19,1,98,60,1,1,2
1,2,2,1,0,122,1,0,1,11,9,70,33,1,1,1
1,7,1,0,0,40,1,0,2,11,11,65,16,1,1,0
6,7,2,1,0,176,1,1,0,26,1,99,10,1,1,3
5,3,1,1,0,37,1,0,1,6,3,97,43,1,0,0
1,11,1,1,0,85,1,1,2,19,10,98,11,0,1,2
5,1,2,0,0,153,1,1,2,25,3,90,22,1,0,2
6,3,2,2,0,41,0,1,2,26,3,97,54,0,0,2
2,3,2,1,0,93,1,1,0,23,1,99,62,1,1,2
1,4,2,0,1,40,1,1,1,26,3,99,54,1,0,2
1,7,0,2,1,173,0,1,1,21,9,82,21,1,0,1
1,3,2,3,1,17,0,0,1,14,7,67,63,1,1,1
1,9,0,3,1,96,1,1,2,20,8,98,7,0,0,2
1,11,1,2,0,65,1,1,1,14,5,96,14,1,1,1
1,7,0,2,1,170,1,1,2,15,6,90,44,0,1,2
4,2,2,0,1,47,1,1,2,12,11,73,63,0,0,1
5,5,0,2,0,-6,1,0,2,19,5,75,28,0,0,1
9,4,2,1,0,67,1,0,2,19,0,87,23,1,1,0
7,3,0,3,1,27,1,0,1,20,8,72,38,0,0,0
7,0,2,2,1,21,0,0,1,29,4,96,58,1,1,2
2,5,0,1,0,127,0,1,1,1,3,98,8,1,0,1
1,0,1,2,1,167,0,1,0,3,0,97,51,1,0,1
5,4,0,2,0,91,1,0,1,19,9,92,57,1,1,1
1,11,2,0,1,25,1,0,1,28,5,71,13,0,0,1
7,7,0,3,1,2,1,0,2,9,7,96,53,0,1,0
1,1,2,3,1,40,1,0,2,18,6,92,38,0,0,2
2,11,2,0,1,15,0,0,1,4,8,86,45,0,0,1
2,2,0,1,0,76,0,0,2,14,11,57,42,0,1,1
8,2,1,3,0,85,0,1,1,11,0,93,13,1,1,2
2,3,0,1,1,89,1,0,1,22,4,83,25,1,0,1
5,11,2,2,1,49,1,0,1,1,2,74,43,1,0,0
1,3,0,0,1,89,0,0,2,22,4,71,32,1,0,1
3,9,2,0,0,48,0,1,1,7,3,94,46,0,0,3
8,5,0,0,0,45,1,1,1,17,6,69,47,1,1,0
4,0,0,0,1,142,1,1,1,17,11,81,28,1,1,2
1,11,0,0,0,20,0,0,1,6,7,72,14,0,0,1
9,0,1,0,0,53,0,1,0,19,0,96,4,1,0,1
3,2,2,3,1,179,0,1,1,29,3,70,49,0,1,0
1,0,0,2,1,87,0,0,2,20,9,67,6,0,0,2
1,3,2,1,1,126,1,0,2,24,1,88,22,0,1,1
9,2,2,3,1,96,1,0,2,23,5,85,47,0,0,2
3,4,2,1,1,57,1,1,2,23,3,95,59,1,1,2
1,6,2,1,1,31,1,0,2,8,3,74,8,1,0,2
1,11,0,2,0,51,1,1,2,26,7,70,1,1,0,0
9,8,1,1,1,-13,0,1,2,7,4,68,27,0,0,0
9,7,1,1,1,69,0,0,0,15,4,69,14,1,1,3
4,7,2,3,1,85,1,0,2,16,3,92,22,0,1,3
9,8,1,0,1,19,1,0,2,5,5,86,58,0,1,2
4,8,1,2,1,127,1,1,2,31,4,88,21,0,0,1
1,8,2,1,1,68,1,1,1,7,10,99,57,1,1,1
2,6,2,3,1,166,1,0,1,7,2,86,14,1,0,1
1,10,1,2,0,17,1,0,2,29,11,72,5,0,0,0
1,11,0,2,0,136,1,1,1,23,5,71,32,0,0,1
4,0,0,1,1,112,0,0,1,24,4,65,56,1,1,2
3,0,1,0,0,45,1,1,1,6,10,89,18,0,0,1
5,10,0,3,0,24,0,1,1,13,6,94,55,1,1,1
7,11,1,1,0,-20,0,1,2,11,7,98,56,1,1,2
4,8,1,1,1,41,0,0,0,1,2,87,5,1,0,2
6,2,2,1,1,149,1,0,1,25,3,91,58,0,0,1
5,5,2,3,0,88,1,0,1,3,4,96,47,1,1,0
5,11,2,3,0,60,0,1,2,7,11,77,62,1,0,1
6,0,1,2,1,3,0,1,2,18,8,94,10,1,1,2
