3,11,1,2,1,117,1,0,1,6,1,52,6,1,1,0
7,6,2,0,1,63,0,1,1,30,3,24,11,1,1,3
1,10,0,3,1,60,1,1,0,2,7,58,14,1,1,2
3,6,1,3,1,158,0,1,1,3,7,70,7,0,0,0
4,10,0,3,0,175,0,0,0,31,11,75,21,0,0,3
2,4,1,0,0,167,1,1,2,2,11,25,2,0,0,0
1,4,2,3,0,62,0,1,1,23,6,97,32,0,1,1
6,1,0,0,1,33,1,1,2,14,7,81,18,0,0,0
2,6,1,1,0,115,0,0,0,15,8,76,44,1,0,1
7,10,0,2,0,63,0,0,2,7,4,83,8,1,0,0
7,10,2,2,0,145,1,1,2,19,1,25,10,1,0,0
7,8,2,0,0,4,1,1,1,15,9,94,14,0,1,3
9,5,1,3,1,27,1,1,2,18,6,63,12,1,1,1
7,2,2,3,0,97,1,0,0,11,1,28,25,1,0,0
5,5,1,0,0,-17,0,1,0,31,6,72,27,1,1,3
5,3,1,2,0,77,1,1,1,14,7,31,3,1,0,2
4,8,2,2,0,130,1,1,0,27,5,71,31,0,1,1
2,8,1,0,1,179,1,0,1,7,3,76,12,1,1,0
8,5,2,2,0,22,1,1,0,28,7,99,24,1,1,0
7,6,0,1,1,29,1,0,1,5,5,67,26,0,0,3
1,8,0,1,0,102,0,0,0,13,1,36,2,0,1,3
9,4,1,3,1,77,0,0,2,27,2,37,35,1,1,0
7,4,0,3,0,22,0,0,2,2,4,64,37,1,1,2
3,3,0,2,1,93,0,1,1,18,5,94,56,0,0,0
4,10,1,0,0,85,1,0,1,11,5,39,12,0,1,3
3,6,0,2,1,-1,0,0,0,20,3,65,23,1,0,1
9,10,2,2,1,16,1,1,2,14,11,98,32,0,1,1
2,11,0,0,1,70,1,1,0,2,3,79,13,1,0,0
9,1,2,0,1,139,0,1,0,15,10,61,11,0,0,1
5,7,1,3,1,38,0,0,1,14,2,64,53,1,1,3
1,11,2,3,1,57,0,1,0,26,1,42,27,0,0,3
5,4,2,2,0,78,1,1,1,17,9,74,9,1,1,1
9,0,1,0,1,146,0,0,1,7,7,68,3,0,0,1
6,5,2,0,1,155,0,1,2,29,0,62,55,1,0,3
1,8,0,1,0,156,1,1,1,5,1,47,6,1,0,3
8,5,1,0,0,56,1,1,0,26,4,49,17,0,1,3
7,6,1,3,0,10,0,0,0,11,4,75,17,1,0,1
3,10,2,1,0,86,0,1,2,31,11,88,46,0,1,2
7,11,0,1,1,64,1,0,1,21,10,73,12,0,0,3
3,0,2,1,1,58,1,0,1,10,6,43,10,1,1,2
9,11,2,3,0,-11,0,0,1,31,11,70,12,1,0,0
3,8,0,2,0,47,0,1,1,14,3,53,38,0,0,0
4,4,0,0,0,31,1,0,2,15,2,53,19,0,1,2
6,4,1,1,1,165,0,0,2,3,6,23,4,1,0,0
8,4,2,0,1,7,0,0,0,19,4,84,11,1,1,3
7,1,1,0,1,35,0,0,1,20,4,36,27,0,0,2
3,4,1,2,1,96,0,1,2,12,1,78,5,1,0,0
6,9,0,1,1,99,1,0,0,31,7,96,22,1,1,1
5,3,2,1,0,65,1,1,1,13,2,88,12,1,0,0
5,11,2,1,0,87,1,0,0,29,8,69,25,0,0,1
5,0,1,0,0,105,1,1,1,3,8,85,44,0,0,1
1,9,0,0,1,107,1,0,1,26,0,54,52,1,0,0
3,8,2,3,0,102,0,0,1,3,7,34,17,0,1,3
9,7,1,1,0,156,1,1,2,3,3,38,20,0,1,1
9,3,0,1,0,3,1,1,1,26,3,85,28,0,1,1
9,11,1,0,0,32,1,1,1,17,1,98,42,0,0,1
1,5,0,0,1,48,0,1,1,12,10,63,4,0,0,1
2,3,0,2,1,156,0,1,0,16,0,57,7,0,0,3
3,1,0,0,0,64,0,0,2,15,11,74,26,0,1,1
7,9,2,0,0,157,0,0,2,21,8,63,38,0,0,2
8,0,2,0,1,99,0,0,1,25,5,73,54,0,0,0
7,8,2,2,1,63,1,1,1,17,8,90,4,0,0,1
5,6,0,2,1,139,1,0,2,15,6,85,4,0,1,0
6,11,2,3,1,174,0,1,0,14,10,95,2,0,0,0
3,2,2,2,0,148,0,1,0,20,10,99,15,1,0,0
4,6,0,0,1,18,0,0,0,26,6,77,11,1,1,0
1,6,1,1,0,42,0,0,0,14,4,38,24,0,0,3
4,6,0,0,1,78,1,1,2,7,1,91,23,0,1,0
9,1,2,0,0,21,0,1,0,31,8,49,7,0,1,1
2,8,2,3,1,23,0,0,1,2,9,49,6,0,1,1
4,7,2,3,0,33,1,0,2,15,11,95,48,0,0,0
2,9,2,1,0,28,1,1,1,26,2,15,9,1,0,2
2,5,1,0,0,-17,0,1,1,22,11,83,22,1,1,3
2,9,0,3,1,145,1,0,0,31,10,76,19,1,1,1
2,5,1,1,1,-5,1,1,0,7,0,77,26,1,0,3
6,2,1,0,0,41,1,0,0,15,0,99,21,0,0,1
5,0,1,0,1,56,0,1,1,12,7,61,24,1,1,0
6,2,2,1,1,115,1,1,2,24,8,87,53,1,0,1
6,8,2,3,0,115,0,1,0,31,1,57,3,0,1,3
1,3,1,3,1,71,1,0,2,14,5,61,7,1,0,2
9,11,0,2,1,172,1,0,1,31,9,46,8,1,0,1
4,6,2,2,1,36,1,1,0,20,9,86,16,1,1,0
6,4,1,3,0,148,0,1,2,1,11,61,29,1,0,1
1,1,2,0,1,42,1,1,1,17,10,93,12,0,1,1
3,3,1,1,1,29,1,0,2,29,2,94,25,0,1,0
4,3,2,1,1,73,0,1,1,12,0,27,9,1,1,3
7,11,2,1,1,87,1,0,2,25,3,37,30,1,1,1
9,2,0,0,0,64,0,1,2,26,6,49,13,1,1,2
8,5,2,1,1,58,0,0,2,17,2,72,20,1,1,2
9,8,2,2,0,108,1,0,0,15,1,95,4,0,0,2
5,5,0,0,1,-13,1,1,0,26,10,92,9,1,1,2
2,4,1,2,0,103,0,0,1,24,8,94,58,0,1,2
7,3,1,0,1,38,1,1,0,31,3,78,16,0,0,2
4,7,0,0,0,104,1,0,1,21,1,29,4,0,0,3
3,8,0,1,0,32,1,0,1,24,9,83,10,0,0,2
3,8,2,1,0,31,0,0,1,17,4,80,1,0,0,0
9,4,1,2,1,63,0,1,1,30,4,69,36,0,1,1
2,3,1,2,1,105,0,1,2,6,9,38,14,1,0,2
3,8,0,1,0,45,0,1,0,19,1,84,28,1,1,1
6,6,2,3,1,59,0,1,1,3,8,76,2,1,1,2
2,8,2,0,1,124,1,0,1,25,2,44,27,0,1,2
4,6,2,1,1,176,1,1,1,29,2,53,28,0,1,3
1,9,1,3,0,28,0,1,0,7,4,88,6,0,0,3
8,6,0,0,1,118,1,0,1,23,6,30,9,0,0,3
1,3,2,0,0,25,1,1,2,22,9,79,6,1,1,1
9,11,1,1,0,74,0,1,2,22,10,99,55,0,0,0
9,1,0,0,1,107,1,0,1,2,6,94,41,1,1,0
1,0,1,1,0,119,1,1,2,23,3,45,21,0,1,1
9,7,2,2,1,-1,0,0,0,22,11,79,2,0,1,1
2,8,1,1,0,172,0,1,1,11,9,52,1,0,0,3
5,1,1,3,1,13,1,1,0,17,2,63,17,0,0,3
4,1,1,2,1,47,0,1,2,22,9,84,28,1,1,0
3,9,2,2,1,101,0,1,2,17,6,67,40,0,0,0
6,11,1,1,0,71,1,0,0,3,0,68,17,0,0,0
9,3,1,0,0,45,0,0,1,18,3,81,9,1,0,0
9,8,0,1,1,-9,0,0,0,12,10,87,10,1,0,2
7,3,2,0,0,53,1,0,2,19,10,44,10,0,1,2
4,0,2,2,0,127,0,0,1,22,9,90,4,1,1,0
2,1,2,3,0,89,1,1,1,31,0,37,33,0,0,3
4,1,2,0,0,28,1,1,2,17,3,25,20,1,1,2
3,0,2,3,0,98,1,0,2,30,5,52,28,1,0,1
3,5,2,2,1,85,1,1,2,18,10,52,10,1,0,0
6,8,2,2,0,94,1,1,0,1,10,26,2,1,0,2
8,11,1,3,0,59,1,0,1,4,5,48,4,0,0,2
4,9,0,0,0,147,1,1,1,24,10,85,23,0,1,0
7,5,1,2,1,60,0,0,2,12,8,49,30,1,0,2
2,8,1,3,1,8,0,0,1,12,4,79,17,1,0,0
9,1,2,0,0,154,0,1,0,10,9,58,12,0,0,0
5,7,1,1,1,44,0,0,1,21,4,23,22,0,1,3
5,8,1,0,1,55,1,1,0,28,4,52,12,1,0,0
7,10,2,1,0,38,0,0,0,21,5,93,59,0,0,0
4,5,2,1,0,148,0,1,0,24,8,78,22,0,0,2
3,9,1,1,1,33,1,0,2,22,8,34,9,0,1,3
7,2,2,3,1,49,0,0,0,27,4,87,60,1,1,0
3,5,0,3,1,41,0,1,1,24,9,82,9,0,1,2
1,2,2,1,1,38,0,0,0,25,9,79,25,0,1,0
2,8,0,2,0,-4,1,1,2,22,10,63,18,0,1,0
3,9,0,2,0,37,1,0,1,19,11,58,7,0,0,2
7,8,0,2,1,92,1,1,2,14,6,88,41,1,1,1
4,11,1,3,1,179,1,0,1,26,1,81,8,1,0,2
1,11,1,0,0,-5,1,0,0,1,7,72,11,0,1,3
6,4,2,0,1,34,0,1,1,23,1,90,1,0,1,0
5,11,2,1,0,93,0,1,0,17,1,64,4,0,1,3
5,7,2,2,1,118,1,1,1,26,11,60,12,0,0,3
1,6,1,2,0,53,1,0,2,10,11,63,18,1,1,0
2,10,1,0,0,155,0,0,1,27,10,98,57,0,0,2
5,3,0,1,1,171,0,0,1,16,3,58,2,0,1,2
2,9,0,0,0,78,1,0,2,13,4,30,10,0,0,3
7,8,1,3,0,60,1,1,1,10,2,26,22,0,0,1
3,1,2,2,1,78,1,1,1,18,10,64,2,0,0,2
8,11,1,3,0,19,1,0,0,28,6,79,35,0,0,2
2,0,1,2,1,52,1,1,1,15,4,68,50,1,0,2
2,5,2,2,0,50,1,0,0,12,6,85,10,1,0,0
3,8,2,3,0,41,0,1,2,25,6,41,29,0,1,3
3,6,0,0,0,1,0,1,0,21,1,11,9,1,0,2
9,1,2,0,0,20,1,0,0,7,8,73,4,1,1,3
4,10,1,1,1,153,0,0,1,31,4,64,32,1,0,0
8,11,0,1,1,29,0,1,0,29,10,88,13,1,0,0
8,5,1,0,1,31,1,1,2,25,3,77,34,1,0,1
6,4,0,1,1,109,1,1,1,10,3,70,4,1,0,0
3,6,0,0,0,32,1,1,2,26,1,22,25,0,0,2
3,5,2,3,1,49,1,0,0,2,2,55,18,1,1,2
6,0,0,3,1,82,0,1,0,1,2,21,5,0,1,3
4,8,2,2,0,166,0,0,1,12,7,50,28,1,1,2
6,9,2,3,0,128,0,1,2,7,5,55,3,1,1,1
8,10,1,3,1,-7,1,0,0,7,11,75,10,1,0,1
5,7,2,1,1,130,1,0,1,20,11,66,3,1,0,1
1,11,0,0,0,15,1,1,1,1,8,97,14,0,0,1
9,10,2,3,1,84,0,1,2,11,8,67,27,1,0,0
2,10,2,0,1,36,1,1,1,15,5,77,12,1,0,0
8,0,0,3,0,172,0,1,2,16,7,50,8,0,0,2
3,4,0,1,1,57,1,1,0,30,4,68,28,1,1,2
3,5,0,2,1,80,0,0,0,27,1,26,10,0,0,3
7,1,2,3,0,173,1,1,1,15,4,63,14,1,0,1
6,9,2,3,1,8,1,0,0,5,6,24,4,1,0,3
6,6,0,0,0,119,1,1,1,4,1,97,10,0,0,1
6,4,0,0,0,92,0,1,2,14,5,70,47,1,1,0
5,11,1,0,0,87,1,1,2,12,8,59,28,1,1,2
2,5,0,0,1,28,1,1,2,6,11,79,19,0,0,2
3,7,0,1,1,120,1,0,2,13,1,32,14,0,1,1
8,9,1,1,0,87,0,1,0,29,2,80,19,1,1,3
1,11,0,2,1,20,0,1,2,25,1,90,31,1,1,3
2,3,1,3,1,13,0,0,2,12,6,79,16,0,0,0
6,8,1,1,0,158,0,1,0,11,8,34,1,0,1,3
8,7,0,0,0,22,0,0,0,27,0,39,39,1,0,3
3,6,2,2,1,99,1,1,2,5,2,50,34,0,0,1
5,10,1,0,0,63,1,0,2,8,1,90,7,1,0,0
6,4,1,0,0,111,1,1,2,10,6,51,23,0,0,0
3,10,2,3,1,65,1,1,2,4,1,51,21,1,0,2
2,3,0,1,0,21,0,0,1,26,7,64,19,1,0,1
4,1,0,1,1,84,0,0,0,13,4,35,7,0,0,2
9,4,1,1,1,84,1,1,0,16,10,42,13,1,0,3
7,2,1,1,1,141,1,1,0,8,11,41,19,0,0,3
5,3,1,1,1,131,0,0,0,14,5,86,52,0,1,2
2,4,2,3,0,143,0,1,1,8,2,34,21,1,1,1
1,1,0,3,1,119,0,0,1,28,1,35,1,1,1,1
3,10,1,0,0,72,0,0,0,20,0,56,15,0,1,1
2,5,2,0,1,64,0,0,2,25,8,82,45,1,0,1
6,11,1,2,1,8,1,0,1,3,6,73,22,0,0,1
3,3,2,3,0,172,1,0,0,15,11,66,1,0,0,3
9,1,1,1,0,11,0,1,2,3,9,67,9,0,0,1
6,8,1,0,1,163,0,1,2,19,6,70,3,1,1,1
5,6,2,2,0,18,1,1,0,20,8,74,12,1,0,1
4,10,1,3,0,109,1,0,2,20,4,52,16,0,1,0
5,11,0,3,0,122,0,0,1,30,1,19,31,1,0,3
1,4,1,1,0,-8,0,1,2,24,7,85,5,1,0,2
1,6,0,2,1,35,1,0,2,21,0,81,22,1,0,3
3,6,0,2,1,153,0,0,0,12,8,78,6,0,0,0
6,10,0,2,1,154,1,1,1,20,10,98,42,0,0,0
9,4,0,2,0,168,0,1,1,21,9,19,1,0,1,1
5,2,1,3,0,56,0,0,0,14,3,71,16,1,1,0
2,0,0,1,1,91,1,0,1,18,6,91,45,1,1,1
5,3,0,3,1,20,1,1,2,23,10,33,7,0,1,3
4,0,0,0,1,46,0,0,1,16,3,59,6,1,1,2
7,8,2,1,0,-17,1,0,2,29,3,51,11,0,1,1
9,5,0,3,0,95,0,1,1,18,9,67,33,1,1,3
5,9,1,1,1,43,1,0,1,1,3,68,7,0,1,3
1,6,2,2,0,66,0,1,2,15,5,81,61,1,1,2
8,5,1,2,0,73,0,1,1,1,11,93,46,1,0,2
1,5,2,1,0,56,0,0,2,22,5,35,23,1,1,0
5,3,1,1,0,1,1,0,1,19,0,34,28,1,0,2
8,7,2,1,0,-2,1,0,1,20,8,83,1,1,0,2
8,9,2,3,1,60,1,0,1,2,0,36,23,1,0,2
6,9,1,1,0,172,0,0,1,13,4,24,4,1,0,0
7,11,1,0,0,17,1,1,0,10,2,26,14,1,0,3
3,9,0,1,0,60,1,0,1,20,9,72,2,0,1,3
8,0,2,0,0,33,1,1,0,28,6,37,17,1,1,0
6,10,0,0,0,48,1,0,2,20,3,59,24,1,0,1
5,0,1,1,1,30,0,0,1,29,11,81,43,0,0,1
5,10,2,0,0,42,0,1,1,29,8,79,37,0,1,2
7,2,1,1,1,71,1,1,1,14,4,84,4,1,1,0
7,4,1,0,1,59,1,0,1,12,0,62,17,0,0,3
8,11,2,1,0,0,0,0,2,14,8,54,3,0,0,2
6,11,0,3,1,61,0,0,2,19,0,66,38,1,0,0
6,4,2,0,0,12,0,1,0,20,10,91,13,1,1,2
7,6,0,1,0,166,0,0,2,25,2,13,5,1,0,1
1,2,1,2,0,147,1,0,1,23,5,93,2,0,1,1
4,9,2,0,1,157,1,1,2,31,2,24,5,1,1,2
9,7,0,3,0,112,0,1,1,6,3,34,24,1,0,1
8,5,2,1,0,33,1,1,1,14,3,93,9,0,0,0
8,6,1,0,1,98,0,1,1,12,8,65,7,0,0,0
8,1,0,1,0,60,0,1,0,29,8,78,30,0,1,3
6,9,2,1,1,57,1,1,2,22,6,63,36,1,1,2
4,4,2,0,0,61,1,1,2,20,10,73,10,1,1,2
4,2,2,3,1,56,1,1,2,23,5,60,13,1,1,2
3,7,2,2,1,176,1,0,0,6,4,52,23,0,0,0
8,0,2,0,1,66,1,0,2,25,10,54,3,0,0,1
9,10,0,2,1,4,1,1,2,18,3,82,21,0,1,1
3,11,1,2,0,4,1,0,0,2,7,89,8,1,0,0
7,11,1,1,0,164,1,0,1,3,10,81,1,0,0,1
6,3,0,3,0,42,1,0,0,28,11,74,31,0,0,1
9,3,1,2,0,93,0,0,1,3,2,45,2,1,1,0
1,7,0,0,0,62,0,0,1,6,2,64,5,0,1,0
6,11,2,3,0,39,1,1,0,1,11,84,17,0,1,1
4,9,2,3,1,175,1,0,0,10,2,58,5,0,0,3
6,1,2,0,1,37,0,0,0,12,6,98,52,0,1,0
5,11,0,1,1,72,1,1,0,2,8,95,44,0,0,2
5,9,1,0,1,91,0,0,0,31,3,53,9,1,0,0
5,5,0,0,1,93,0,0,1,25,3,34,24,1,0,2
4,8,2,1,0,173,1,0,0,28,10,52,16,0,1,2
2,10,2,2,1,53,0,0,0,31,11,93,48,1,1,3
7,7,0,1,0,170,0,0,0,7,6,65,40,1,1,1
4,4,2,0,0,17,1,1,0,3,2,59,35,0,0,1
5,7,2,1,0,18,0,0,0,6,0,29,18,0,0,3
5,1,0,3,0,143,1,1,0,16,11,71,17,0,0,0
1,6,1,3,0,13,1,1,0,16,4,69,43,1,0,1
8,3,2,2,1,57,1,1,0,21,7,88,38,0,1,1
3,8,1,0,0,125,0,1,0,31,1,96,12,1,0,0
5,1,2,2,0,36,0,0,2,10,0,80,59,0,1,2
7,8,0,0,1,76,0,1,1,13,3,79,57,1,0,0
7,2,2,1,0,66,1,1,1,6,0,83,4,0,0,1
6,7,0,0,1,26,0,1,1,17,3,65,35,1,1,1
7,3,1,1,0,154,1,1,0,17,11,61,3,0,0,3
3,2,0,3,0,152,0,0,0,15,2,70,5,0,0,2
2,8,0,0,0,37,0,0,0,23,7,39,6,0,1,2
4,2,2,2,1,48,0,0,2,8,0,52,31,0,0,3
2,9,1,0,1,88,1,1,1,24,1,63,8,1,0,1
4,4,2,2,1,126,1,0,1,2,7,83,4,1,0,0
5,9,2,3,1,67,1,0,1,29,10,43,13,1,0,3
1,4,1,0,1,169,1,1,1,13,7,64,30,0,0,2
9,7,0,3,1,167,1,0,0,26,10,48,5,1,1,1
5,5,2,0,1,78,1,1,1,12,6,92,60,1,0,1
9,3,0,1,0,124,1,0,0,1,1,85,50,0,1,3
2,4,2,3,0,61,0,0,2,12,4,86,10,0,1,0
5,11,2,0,0,41,1,1,2,7,7,10,4,1,1,3
7,8,0,2,0,47,0,0,0,16,3,10,16,1,0,2
9,7,0,1,1,28,0,0,1,12,6,90,12,0,0,1
8,10,0,0,1,66,1,0,1,20,9,79,33,0,0,3
4,9,2,0,1,133,0,1,2,23,0,30,3,0,1,1
6,0,1,1,1,53,0,0,1,7,7,73,28,1,1,3
4,5,1,2,0,173,0,1,2,8,6,49,6,1,1,1
2,9,2,1,1,16,1,0,0,19,8,93,18,0,1,2
5,8,0,3,0,105,1,0,2,27,9,97,1,1,0,0
1,11,1,1,1,-8,0,0,0,11,5,64,9,1,0,3
5,5,0,1,0,134,1,0,0,16,9,79,38,1,0,3
5,5,0,0,1,66,1,0,2,6,3,51,14,1,1,1
7,10,2,3,0,121,0,0,2,6,0,67,11,1,0,0
4,8,1,0,0,40,0,0,2,21,6,56,6,1,1,0
8,3,1,3,0,56,1,1,0,5,3,62,5,0,0,2
8,9,0,3,1,61,0,0,2,21,6,83,57,1,1,2
7,0,0,0,1,140,1,0,0,25,11,79,22,1,0,1
3,4,2,2,1,44,0,1,1,19,5,37,2,1,1,2
6,3,2,2,1,60,1,0,0,13,5,71,5,1,0,2
4,2,2,1,0,39,0,1,2,25,9,94,36,1,1,0
1,4,1,3,1,178,0,1,0,8,9,89,9,0,1,2
6,5,2,0,1,60,1,1,1,21,11,94,8,1,1,1
4,2,2,0,0,91,1,1,1,25,11,90,58,1,0,2
3,4,0,2,1,144,0,1,0,8,1,72,10,0,0,2
4,10,0,2,1,91,0,0,0,15,10,93,10,0,0,0
8,11,2,1,0,114,1,0,2,29,0,29,13,1,1,0
4,4,2,1,0,87,0,0,0,11,4,53,6,0,0,1
2,5,0,0,1,122,0,0,0,8,5,49,13,1,1,2
5,7,0,2,0,30,1,0,0,13,10,40,9,1,1,1
1,8,0,1,0,37,1,1,2,6,8,60,11,0,1,1
2,1,0,1,1,121,1,0,2,18,0,62,43,0,1,1
9,3,1,0,1,152,0,0,0,20,6,83,2,1,1,0
1,8,2,1,0,119,1,0,2,23,5,64,25,0,1,0
3,9,0,1,0,110,1,1,2,3,1,92,9,1,0,1
8,4,2,1,1,104,0,1,2,13,2,67,12,0,1,2
3,4,1,1,0,6,0,1,0,15,0,45,4,0,0,0
7,9,2,1,1,159,1,0,0,10,8,77,43,0,0,3
1,2,1,1,0,29,0,1,1,7,2,31,16,1,1,0
3,11,1,3,0,93,1,1,1,17,8,60,22,1,0,2
6,7,2,1,1,157,0,0,1,22,5,46,7,1,1,2
3,4,2,3,0,135,1,1,1,13,1,27,15,0,0,3
4,1,0,3,1,41,0,1,0,30,5,71,30,0,1,2
1,0,1,3,0,179,1,1,0,29,0,58,1,1,1,3
2,6,2,3,1,158,0,1,2,23,11,85,29,1,1,0
3,9,2,2,0,8,0,1,2,1,9,91,34,1,1,0
2,10,2,2,0,169,0,1,2,16,2,65,1,0,1,2
1,8,1,2,0,37,1,1,1,17,10,92,1,1,0,0
4,3,2,2,1,113,0,0,2,6,1,72,54,1,0,2
2,0,1,2,1,28,0,0,1,30,0,27,2,0,0,1
5,7,0,0,1,80,1,1,2,19,2,36,2,0,0,2
2,2,2,0,1,168,0,1,1,1,8,26,7,0,0,3
9,9,2,1,1,57,1,0,2,28,4,52,6,0,1,0
4,1,2,0,0,57,1,0,0,24,10,76,19,0,0,0
4,3,2,3,0,149,1,0,0,13,9,85,44,0,1,3
1,0,2,3,1,140,0,0,0,9,1,34,24,1,0,0
4,1,0,2,1,48,1,0,2,8,1,31,12,0,0,2
6,8,0,2,1,61,1,1,0,26,2,57,28,0,1,1
8,5,1,2,0,119,1,1,1,25,4,96,3,1,1,3
5,11,2,3,0,129,1,0,2,15,8,59,39,1,0,3
8,10,2,3,1,40,1,0,0,24,1,60,20,0,1,1
1,6,2,0,0,109,1,1,2,2,8,47,3,1,0,1
5,0,0,2,1,24,0,1,0,15,7,51,9,1,0,0
5,1,2,1,0,37,1,1,2,20,9,63,36,0,1,2
4,11,0,1,1,16,0,0,0,20,10,73,27,1,0,2
2,2,0,2,0,112,1,0,2,11,6,24,6,1,0,2
4,0,2,0,1,15,1,0,2,14,11,57,3,0,0,1
5,7,1,0,0,13,0,0,2,24,8,90,3,1,0,0
3,4,2,1,0,104,0,0,1,8,4,44,30,0,0,0
4,9,1,2,1,-1,1,1,2,27,6,71,34,1,0,1
9,1,0,3,0,127,0,0,0,3,8,19,7,1,0,2
9,2,0,2,1,171,1,1,2,20,2,57,5,0,1,2
2,8,2,3,0,43,0,1,2,23,3,20,18,0,1,1
3,7,1,2,1,5,1,1,1,19,6,89,15,0,0,1
8,3,0,3,1,38,0,1,1,12,8,73,6,1,1,1
8,3,1,1,0,70,1,0,2,18,6,58,4,1,0,1
3,0,1,1,0,-2,0,1,1,26,1,72,37,1,1,3
7,10,0,3,1,23,1,0,0,26,7,71,4,0,1,1
6,9,2,1,1,172,1,1,1,11,7,90,1,1,1,1
1,3,2,3,0,85,0,1,0,11,5,90,4,1,1,2
4,2,1,2,1,53,1,1,0,16,10,97,41,1,1,1
8,9,2,3,1,132,0,0,0,11,3,46,16,1,0,0
2,9,0,3,1,43,1,1,2,28,5,48,36,1,0,2
2,4,1,3,1,169,0,1,1,26,10,95,25,1,1,0
8,0,2,3,1,82,0,0,2,11,8,71,35,0,0,0
2,9,2,2,1,85,1,1,0,31,7,52,5,0,1,0
6,7,1,0,1,17,1,1,2,20,6,77,26,1,1,1
7,7,0,0,0,118,1,1,2,2,5,51,6,0,0,0
3,7,1,0,1,178,0,1,0,14,2,99,3,1,1,2
2,5,0,2,1,6,1,1,1,21,11,26,1,1,0,3
1,4,1,2,1,90,1,1,1,10,7,70,3,1,1,0
7,11,2,0,0,100,1,0,1,3,3,77,1,0,0,2
2,2,1,0,0,52,1,1,2,6,3,83,6,0,0,0
4,5,0,3,1,29,1,0,0,8,7,95,26,0,0,2
5,7,1,3,0,48,1,1,1,28,5,98,31,0,0,3
4,7,1,0,0,121,1,1,2,14,9,71,12,1,0,1
3,11,1,1,1,4,0,0,1,15,4,84,14,1,0,1
8,2,1,2,0,105,1,0,1,22,6,91,7,1,1,0
9,8,0,1,1,22,1,1,2,12,1,98,25,1,0,1
5,11,1,2,0,67,1,1,2,26,2,58,54,0,0,3
9,6,2,2,1,112,0,0,0,12,4,97,8,0,0,0
7,1,0,2,1,116,0,1,0,14,8,71,21,0,1,0
7,3,2,0,1,51,0,1,1,13,2,69,46,0,0,0
9,1,1,3,0,4,1,1,0,19,6,95,14,0,1,0
8,10,2,1,0,2,0,0,0,28,3,59,20,0,1,0
3,9,2,3,0,135,0,0,1,9,6,76,9,0,0,1
3,9,1,1,0,121,1,1,1,21,0,36,12,0,1,2
2,8,1,1,0,10,0,1,0,17,2,91,29,1,0,1
8,8,2,0,1,68,1,1,0,9,6,96,41,0,1,0
7,1,0,1,0,36,0,0,0,31,10,44,14,0,1,2
1,6,0,0,1,72,1,0,0,10,0,22,4,0,0,0
5,5,0,0,1,55,0,1,2,1,8,79,37,1,1,2
8,9,0,2,0,45,0,1,1,25,5,72,33,0,0,0
1,7,0,2,0,105,0,1,0,2,6,42,18,0,1,1
9,5,1,3,1,26,0,0,1,29,2,26,32,1,0,2
5,7,0,1,1,5,0,0,0,3,9,82,1,0,1,3
7,6,1,1,0,-16,0,0,1,15,1,69,21,1,0,2
1,0,0,0,0,42,1,0,0,25,1,85,22,0,0,2
2,10,1,1,0,132,1,1,2,12,9,67,4,0,0,0
8,2,2,2,0,27,0,0,0,22,10,86,15,1,1,1
9,11,2,0,1,65,0,1,2,28,4,32,15,1,1,3
1,4,0,0,1,22,1,1,0,1,10,76,24,1,0,0
9,3,0,0,1,-13,1,0,0,19,11,73,17,1,0,2
7,11,0,2,0,177,1,0,1,13,9,77,16,1,0,2
6,5,1,1,1,-12,0,1,0,21,0,99,14,1,0,3
6,7,2,2,0,-19,0,0,2,7,1,62,8,0,1,1
1,5,0,3,0,37,0,1,0,25,1,45,42,1,0,1
2,0,0,3,0,111,0,0,0,3,11,61,3,1,0,1
1,0,1,3,0,160,0,1,1,13,11,66,31,1,0,1
7,5,1,3,1,28,0,1,2,26,0,49,5,0,0,0
6,9,0,1,0,44,0,0,0,24,2,85,4,0,1,0
4,4,0,2,1,56,1,1,2,16,0,71,8,1,0,0
3,3,0,0,0,70,1,1,2,13,6,97,45,0,0,0
9,4,2,1,0,32,1,0,1,30,7,50,14,0,1,0
9,6,1,1,0,106,0,1,2,6,3,46,6,0,1,2
1,2,0,3,1,76,1,0,2,7,1,73,12,1,0,0
9,2,2,3,1,159,1,0,0,20,7,95,60,0,0,0
1,10,1,1,0,52,0,1,2,21,5,61,40,0,0,2
4,5,2,3,0,73,1,0,0,18,5,55,4,0,1,0
6,4,0,1,1,56,0,1,1,13,1,21,6,1,1,1
7,8,2,2,0,172,1,1,0,21,1,70,10,0,0,1
6,9,0,1,1,23,0,1,1,12,2,43,21,0,0,0
5,0,1,0,0,77,1,1,2,28,6,95,41,0,1,0
9,7,2,2,1,28,0,0,1,1,7,40,1,0,1,3
9,0,1,3,1,150,1,1,2,19,8,23,3,1,1,3
9,11,2,1,1,74,0,0,0,27,1,54,9,0,1,3
4,8,1,1,1,68,1,1,2,6,9,90,34,0,1,0
5,9,1,0,0,41,1,0,1,31,11,68,13,0,1,0
2,1,2,3,0,117,0,0,0,24,10,99,49,1,0,0
4,1,0,1,1,13,0,1,2,26,11,86,1,1,0,1
6,11,2,1,1,90,1,0,1,25,3,52,17,1,1,0
5,8,1,3,0,17,0,1,1,7,9,51,22,1,0,2
6,2,0,0,0,51,1,1,2,23,11,72,27,1,0,2
6,11,2,0,1,49,0,1,1,1,1,29,4,0,0,3
7,10,2,2,0,57,0,1,2,20,11,40,13,1,1,1
4,2,0,2,0,138,1,0,0,11,0,78,2,0,1,1
9,0,1,2,1,4,1,0,1,2,8,97,26,1,0,0
8,5,2,0,1,59,1,1,1,29,9,50,20,0,0,1
3,2,2,1,1,174,1,1,2,29,3,63,31,0,0,0
9,9,2,2,1,82,0,0,1,10,0,45,21,0,0,2
7,1,2,3,1,116,1,0,2,14,8,46,10,1,1,2
3,10,0,0,0,118,1,0,2,3,0,38,14,1,0,3
3,7,1,3,0,-20,1,1,1,30,11,64,9,1,0,2
7,7,0,3,1,167,0,1,0,18,9,85,3,0,0,1
7,5,2,2,1,162,0,0,1,8,6,75,6,1,0,0
3,8,2,1,1,70,0,0,1,17,0,78,13,1,1,0
9,6,0,1,1,61,1,1,1,21,7,41,6,1,1,3
1,0,1,2,0,72,0,0,1,19,6,65,24,0,0,2
3,4,2,0,0,142,1,1,2,4,3,36,16,0,1,1
9,5,0,3,1,69,0,1,2,15,1,28,24,0,0,1
7,2,2,0,0,64,0,1,1,27,7,75,54,1,0,1
9,6,2,0,1,15,0,0,2,22,8,87,8,0,1,0
1,6,1,2,1,53,0,1,1,4,11,95,29,0,0,2
3,2,1,3,0,47,1,0,0,6,10,48,16,1,0,2
4,9,1,2,1,145,0,0,2,10,4,73,2,0,1,1
4,7,0,0,1,71,1,0,2,5,10,69,14,0,1,1
2,10,2,0,0,91,1,0,2,17,9,42,5,1,0,0
7,3,1,0,0,99,0,0,2,27,3,35,26,0,1,3
1,0,2,0,1,39,1,1,1,27,11,88,47,1,1,3
1,4,0,3,0,4,0,1,2,31,11,34,8,1,1,1
4,8,1,0,0,101,1,0,1,27,1,43,4,0,0,2
9,9,1,2,1,81,1,1,1,23,7,86,12,1,1,3
7,7,0,0,0,44,1,0,2,16,9,53,18,1,0,1
8,4,1,3,1,70,0,0,0,24,0,64,9,0,0,0
4,7,2,3,1,85,1,0,0,8,8,97,7,0,0,0
6,7,0,0,0,157,0,0,2,23,3,72,3,0,0,1
4,1,2,2,1,77,1,1,0,27,9,94,56,0,0,2
1,6,1,2,0,53,0,0,0,30,2,75,6,1,1,2
9,8,1,2,1,93,0,0,2,18,6,53,7,1,0,1
6,6,1,3,0,12,0,1,1,18,4,72,9,0,1,3
5,10,1,2,1,42,1,0,0,15,4,91,55,1,1,0
5,9,1,0,0,56,1,0,1,26,7,77,50,0,1,2
4,10,1,1,0,77,1,0,0,7,10,76,13,0,1,3
7,2,1,2,0,6,0,1,1,26,6,49,1,0,1,1
2,9,1,2,1,48,1,0,0,19,6,48,7,1,1,1
9,11,0,2,0,54,1,0,0,17,2,94,9,0,0,2
6,4,1,3,0,58,1,0,2,9,10,48,13,0,0,3
9,9,2,1,0,11,0,1,1,28,5,88,53,0,0,2
9,9,0,2,1,6,0,0,0,29,3,72,10,0,1,2
2,5,1,1,0,2,0,0,0,20,11,77,21,1,0,1
6,10,2,3,0,82,1,1,0,15,5,72,5,0,0,3
3,7,0,1,1,59,0,0,1,31,9,76,43,1,0,3
3,8,2,1,0,42,1,0,2,14,1,25,3,0,0,0
6,9,0,2,1,93,0,1,1,20,6,96,38,0,1,0
5,4,0,0,1,99,1,0,1,10,0,17,1,0,1,0
8,6,1,3,1,159,0,1,2,4,8,80,41,1,1,1
8,3,2,0,1,51,1,1,1,18,7,84,26,0,1,2
3,6,1,2,1,66,1,0,0,15,4,38,1,1,1,3
3,4,2,2,0,114,0,1,1,17,11,95,44,0,0,3
9,8,0,0,0,80,0,1,2,17,11,66,25,0,1,1
3,9,1,3,1,-7,1,0,2,28,2,98,41,0,0,3
1,1,1,2,0,-18,1,1,1,3,3,40,7,0,0,0
9,10,2,3,0,44,1,1,2,12,11,21,1,1,0,0
4,3,1,1,1,1,0,0,2,28,2,22,3,1,1,3
2,10,0,1,1,83,0,0,2,20,9,70,44,1,0,3
4,3,0,3,1,-2,1,0,2,31,4,61,6,1,1,3
5,8,0,3,1,7,0,1,2,24,2,74,9,0,1,2
6,11,0,3,0,60,0,0,0,12,4,52,17,1,1,1
8,6,0,0,0,69,0,1,2,25,5,60,29,0,1,1
2,0,2,3,1,34,0,1,0,23,2,94,55,1,0,0
8,2,1,2,1,75,1,1,1,22,4,89,8,0,0,3
7,1,2,2,1,48,0,0,2,1,1,25,16,1,0,0
6,5,0,0,0,141,0,1,0,12,1,54,11,0,1,0
7,10,2,1,0,73,0,0,2,27,9,63,29,1,0,2
2,4,1,1,0,67,1,1,0,3,2,79,48,0,1,1
3,9,2,0,0,87,1,0,2,1,3,93,62,1,1,1
4,7,0,3,0,108,0,1,1,22,5,56,1,1,0,2
1,9,2,2,1,55,1,0,2,28,4,58,46,0,0,1
8,3,1,2,0,10,1,1,1,22,6,90,6,1,0,1
5,2,2,2,1,110,1,0,0,17,3,73,54,0,1,2
5,8,0,2,0,96,1,1,1,19,11,82,25,0,0,0
9,8,1,0,0,78,0,1,2,27,4,47,11,1,1,0
7,1,2,1,1,94,1,0,2,31,0,54,11,1,1,2
7,11,2,0,0,54,1,0,0,6,4,62,19,1,0,0
3,4,1,1,0,137,0,1,1,1,3,43,6,0,1,3
7,0,2,2,1,-5,0,1,0,24,3,45,15,1,1,2
9,3,1,1,0,113,0,1,1,25,8,79,24,1,1,1
9,7,1,0,0,53,0,0,0,6,6,41,6,0,0,0
6,7,2,3,1,174,0,1,0,26,2,51,39,1,0,2
9,4,1,3,1,25,1,1,0,12,3,84,9,0,1,3
9,10,2,3,1,130,1,1,2,5,4,55,34,1,1,1
4,9,1,2,0,26,1,1,0,18,4,69,35,0,0,1
6,6,1,0,1,52,0,1,1,29,10,59,17,1,0,1
9,3,0,0,1,37,1,0,0,26,3,81,18,1,1,0
5,11,2,3,0,-2,1,0,0,24,8,77,17,1,0,1
1,7,1,0,1,110,1,0,0,21,4,59,33,0,0,1
8,11,1,0,0,41,0,1,0,21,10,98,9,0,1,1
9,6,0,2,0,136,0,0,2,14,1,12,11,0,0,3
6,8,2,1,1,122,1,0,0,9,1,24,1,1,1,0
5,9,2,0,0,166,0,1,0,16,7,96,13,0,0,0
9,9,0,2,0,116,0,0,0,23,4,46,9,0,0,0
8,8,1,3,1,118,0,0,0,17,1,51,4,0,0,3
4,5,1,0,0,170,1,0,1,19,1,33,1,1,0,1
6,11,2,0,1,115,0,1,0,25,8,99,15,1,0,1
7,10,0,1,0,35,1,0,0,28,3,74,13,1,1,3
4,11,1,0,1,141,1,1,2,19,7,65,24,0,0,2
7,7,1,1,1,31,0,1,2,18,3,29,23,0,0,1
9,3,1,3,1,69,0,1,2,12,6,53,33,1,0,2
1,0,0,0,1,178,1,0,1,20,9,28,7,0,0,2
3,3,0,1,1,19,0,0,1,31,5,68,21,1,1,3
8,8,1,2,1,122,0,1,2,5,9,88,51,1,1,3
3,5,2,3,0,51,1,1,1,24,10,83,46,1,1,3
2,11,0,2,0,-4,1,0,2,25,2,95,14,0,0,3
8,8,1,0,0,117,0,1,1,22,10,14,4,1,0,2
1,5,2,2,1,138,1,0,1,4,1,58,12,0,0,3
9,11,1,2,0,131,1,0,2,22,2,27,2,1,1,0
3,10,1,2,1,136,0,0,0,21,10,28,2,1,0,2
1,9,1,2,1,77,1,1,2,13,0,81,15,1,0,3
5,6,2,3,0,62,0,0,1,22,8,74,38,0,1,3
1,11,1,0,1,90,1,0,2,13,5,74,5,0,0,1
6,0,2,1,1,67,0,1,1,18,5,42,4,0,1,2
3,1,1,0,1,75,1,0,2,9,10,54,19,1,0,1
9,8,1,0,0,118,1,0,1,18,5,86,13,1,1,2
2,3,0,3,1,71,1,1,0,20,6,75,25,0,0,2
2,6,1,0,0,138,0,0,0,10,8,61,1,0,1,3
1,6,2,1,0,47,0,1,2,28,9,67,30,0,1,2
6,9,1,3,1,45,1,0,0,8,0,10,8,0,0,0
7,1,0,0,0,69,0,1,1,4,0,29,20,0,0,1
3,1,2,3,1,85,1,0,1,5,4,94,50,0,0,0
1,5,2,2,1,72,1,0,2,23,9,79,38,0,1,1
7,6,1,2,0,164,1,0,0,12,10,63,25,1,1,3
7,1,0,3,1,108,0,0,0,11,2,32,7,0,1,3
3,8,2,3,1,67,1,0,1,15,6,88,56,0,1,2
4,9,2,3,1,152,1,0,0,1,0,40,32,0,1,0
2,9,0,3,0,8,0,0,2,24,6,81,33,0,1,0
6,0,0,2,0,30,1,0,2,18,8,42,9,1,0,2
5,4,2,2,1,111,0,1,0,13,0,32,22,1,0,0
9,6,1,1,1,134,0,1,0,11,10,99,56,1,1,3
2,8,2,3,1,28,1,1,1,29,0,15,8,1,1,3
8,4,1,3,1,31,1,1,1,21,7,80,14,0,0,1
8,9,2,1,0,-1,0,0,1,2,7,68,18,1,0,1
7,11,2,3,1,68,1,0,0,16,0,65,48,0,1,1
7,8,1,3,1,119,1,0,1,9,5,95,9,0,1,0
9,10,0,1,0,15,1,1,0,20,4,90,14,1,1,3
8,4,1,2,0,80,1,0,1,10,0,59,6,0,0,0
8,10,2,1,0,177,1,0,2,9,0,67,19,1,1,1
9,6,0,1,1,79,1,1,0,11,6,80,2,1,1,0
4,4,1,0,0,69,1,1,1,12,11,30,14,1,0,3
2,11,0,2,0,-3,0,0,0,19,4,18,10,1,1,3
8,10,1,2,1,-3,1,0,0,1,4,92,15,0,1,0
8,4,0,1,1,107,1,1,1,22,5,61,23,0,0,3
8,8,0,3,0,179,1,1,1,5,9,81,1,0,0,3
7,7,1,3,0,15,1,1,1,26,10,69,10,0,0,2
3,11,1,0,1,60,0,1,2,26,7,62,12,1,1,2
7,3,0,1,0,48,0,0,2,2,4,60,35,1,0,1
9,0,1,3,1,122,0,0,0,17,5,40,1,0,1,0
4,10,0,0,0,4,1,0,0,22,2,30,6,0,0,2
8,3,0,3,1,164,1,1,0,29,3,61,30,0,1,3
7,5,0,3,0,155,0,0,0,10,6,83,55,0,0,3
5,1,2,0,1,-5,0,0,0,20,10,93,24,1,0,2
3,11,2,2,0,74,1,1,2,21,10,90,1,0,0,0
4,5,0,1,1,120,1,1,2,30,10,78,13,1,0,2
2,11,0,1,0,56,1,0,0,5,5,56,16,0,1,2
2,10,0,2,0,67,1,0,0,22,9,23,14,0,0,3
7,9,1,2,1,18,0,0,1,6,5,96,34,0,1,0
2,3,1,1,1,83,1,1,1,9,0,69,1,1,1,1
4,5,0,2,1,-3,0,1,1,16,2,97,3,1,1,2
5,2,1,2,1,72,0,1,1,27,1,30,30,0,0,3
2,6,0,2,0,113,1,1,0,5,5,71,1,1,0,2
8,4,1,2,0,107,0,0,2,2,5,67,40,1,1,2
9,3,2,2,0,61,0,0,2,31,4,48,24,0,1,3
4,5,1,2,1,130,1,1,2,28,10,64,10,1,0,1
1,10,0,0,0,67,0,1,0,12,3,60,4,0,1,3
5,4,2,1,0,179,1,1,1,15,1,90,13,1,1,2
7,8,1,2,1,137,1,0,2,24,4,57,24,1,1,1
5,6,0,2,1,145,0,1,0,4,11,28,10,0,0,2
5,4,0,2,0,120,1,1,1,2,5,74,11,1,0,0
5,11,0,1,0,60,0,0,2,16,0,59,52,0,0,0
8,4,0,1,1,39,0,1,0,9,0,83,59,1,1,2
5,11,1,2,0,114,1,1,0,29,5,64,6,1,0,1
8,8,2,0,0,107,1,0,2,27,7,35,24,1,0,3
8,11,1,2,0,166,1,0,1,28,5,46,13,0,0,3
1,5,0,3,1,28,0,0,1,7,8,87,21,1,0,2
1,1,1,0,1,147,0,1,0,26,5,65,13,0,0,2
2,1,1,0,0,52,0,1,2,24,8,38,21,1,0,3
1,1,0,0,1,114,1,0,2,4,8,40,6,0,0,1
5,6,2,3,0,94,0,0,1,23,6,55,23,1,0,1
5,6,0,3,1,88,0,0,2,18,10,73,31,0,0,3
5,6,0,1,1,29,1,0,0,21,5,72,17,0,1,0
9,3,1,3,0,12,1,0,2,8,7,72,20,0,1,0
9,4,2,2,0,131,0,1,1,17,8,62,3,0,1,2
1,10,0,0,0,-18,1,1,0,25,10,92,5,1,0,1
5,2,2,3,0,-2,1,0,0,22,4,87,35,1,0,0
2,6,2,3,1,5,0,0,2,15,3,67,27,1,1,1
3,9,1,2,0,12,0,1,0,3,0,88,43,0,1,2
2,1,0,3,1,116,0,1,2,21,5,35,13,1,0,2
9,3,2,1,1,57,0,1,1,2,8,98,40,0,1,1
6,9,2,2,1,33,0,1,0,25,7,79,24,0,1,2
9,1,1,3,1,115,0,1,0,11,11,56,24,1,0,2
2,2,2,1,0,80,0,0,0,28,9,57,19,1,0,3
9,1,1,1,1,24,0,0,0,29,11,63,7,0,0,2
9,7,2,3,0,67,0,0,1,26,11,21,11,0,1,2
5,3,1,2,0,138,1,1,2,18,3,50,1,1,1,3
8,9,0,2,0,-17,1,1,0,12,0,69,14,0,0,3
5,4,1,0,1,95,0,0,1,18,5,40,2,0,1,3
4,2,1,0,0,9,1,1,0,27,11,57,23,0,0,1
4,3,0,1,0,160,0,1,0,9,10,72,8,1,1,2
3,1,0,0,1,45,1,1,1,1,7,48,10,0,0,2
1,3,2,1,0,17,0,1,1,2,1,88,2,1,1,3
7,3,2,0,1,52,0,1,2,15,8,63,35,1,0,0
7,6,0,1,0,7,1,0,2,25,2,21,4,1,1,0
6,3,1,2,0,54,0,1,0,17,7,59,3,1,1,0
1,10,0,0,1,42,0,1,1,11,8,88,41,0,0,3
1,3,2,0,1,86,1,1,2,19,7,86,6,0,1,3
2,11,0,2,0,42,1,1,2,24,3,97,29,1,0,1
5,8,0,0,0,82,0,1,0,11,6,84,22,1,0,0
6,2,0,0,1,135,0,0,2,28,5,86,62,1,1,2
4,1,1,0,0,36,1,0,2,12,8,61,10,1,1,2
4,3,2,3,0,11,1,1,1,26,11,67,39,0,0,3
9,11,0,1,1,153,0,1,1,10,2,64,13,0,1,1
8,9,0,0,1,96,1,1,1,1,7,25,7,1,0,3
7,3,2,0,1,35,0,0,0,7,1,99,14,0,1,2
8,3,0,1,1,152,1,0,2,4,2,56,11,0,0,3
1,5,2,3,1,-14,0,0,1,29,0,76,21,0,0,2
6,1,2,0,0,91,1,0,2,5,11,26,13,0,0,2
3,1,1,2,0,79,1,1,2,28,6,81,51,1,1,0
2,6,1,2,1,-9,1,0,0,2,7,73,8,1,1,0
6,7,2,2,1,135,1,0,1,13,5,62,15,0,0,2
3,10,0,3,0,71,0,1,0,26,3,36,27,0,0,3
1,2,1,2,1,66,1,1,1,14,3,70,11,0,1,0
2,3,2,0,0,106,0,0,2,22,8,88,36,0,1,0
5,0,2,1,0,44,0,1,0,12,6,49,7,0,1,3
6,7,0,1,0,22,0,1,1,27,4,56,42,0,1,3
4,2,1,2,0,16,1,0,0,12,0,36,20,0,0,1
1,10,0,2,0,36,1,0,2,18,2,19,17,0,1,2
9,2,1,3,1,149,0,1,0,8,2,63,1,0,1,1
2,11,2,3,1,170,0,0,1,15,10,36,5,0,1,3
2,4,2,3,1,98,0,1,0,17,10,63,3,1,1,2
7,5,2,1,0,170,1,1,0,2,10,78,38,0,0,3
5,1,0,1,0,73,1,0,2,30,5,40,22,0,0,1
2,4,1,0,0,-10,0,1,0,26,9,58,9,0,0,1
1,8,1,2,0,122,1,1,0,1,7,58,9,1,0,2
5,5,1,1,0,85,0,0,0,16,5,20,21,0,0,3
3,10,0,2,1,70,0,1,2,27,5,74,52,1,1,0
3,0,2,2,1,157,1,1,1,16,7,92,9,1,1,1
4,9,2,2,1,33,1,0,2,26,4,37,22,0,1,2
9,4,0,3,1,76,0,0,0,10,8,24,4,1,0,0
3,7,0,1,0,103,1,0,2,21,9,73,10,0,1,2
5,2,2,1,0,103,0,0,1,30,6,65,49,0,1,2
7,3,2,0,1,32,0,1,1,26,1,14,11,1,1,2
2,2,2,1,0,49,1,1,0,13,11,90,19,0,0,0
4,1,1,3,0,11,0,1,1,8,0,83,2,0,1,2
7,11,1,2,0,104,1,1,2,25,11,45,15,0,1,2
4,1,1,1,1,125,1,0,1,15,9,87,13,0,1,0
5,7,0,2,0,65,0,0,2,20,2,72,60,0,0,1
1,4,1,1,1,119,1,1,0,18,3,98,10,0,0,1
7,1,2,1,1,65,0,0,1,3,11,76,17,1,1,1
4,10,1,0,0,83,0,0,0,21,9,65,17,0,0,1
4,5,1,2,0,82,0,0,1,7,1,42,23,0,1,2
9,5,2,3,1,5,0,1,1,23,0,55,9,0,0,2
5,1,2,1,0,148,1,1,1,15,3,89,10,1,1,0
9,4,2,3,1,41,1,0,2,1,5,54,13,0,1,1
6,10,0,3,0,19,0,1,0,31,3,91,5,0,1,3
3,7,0,2,0,38,1,1,0,8,9,41,16,0,1,3
3,5,1,0,1,168,0,0,1,3,6,54,31,1,1,1
6,11,0,3,1,106,0,1,2,28,7,70,49,1,0,1
5,3,1,0,1,170,1,0,0,28,6,81,18,0,0,0
5,4,0,0,0,56,1,1,2,24,1,5,8,1,1,3
4,7,2,1,0,39,0,1,1,18,10,92,15,0,0,2
9,8,0,3,0,64,1,1,0,30,0,37,4,0,1,3
9,11,0,3,1,46,1,0,2,31,3,78,29,1,1,2
4,2,1,2,1,127,1,1,2,23,7,88,4,0,0,3
8,9,2,3,0,58,1,0,0,11,4,24,21,1,0,2
5,3,2,2,1,177,1,0,2,8,4,60,45,1,0,0
5,7,0,1,1,24,0,1,0,19,5,91,7,0,1,2
6,11,2,1,0,27,0,1,2,6,2,54,4,1,0,2
3,0,0,0,0,0,0,1,1,29,7,28,5,1,1,3
8,11,2,0,0,101,1,1,2,21,0,59,58,1,0,1
3,6,2,2,0,53,1,1,1,27,8,96,43,1,1,2
3,3,2,0,1,76,1,0,0,31,0,60,19,0,0,2
3,1,1,2,0,86,0,1,2,27,8,37,6,0,0,0
2,10,2,3,1,44,0,0,0,13,7,46,5,1,1,2
2,11,2,0,0,135,0,0,0,3,2,40,6,0,0,1
4,9,0,0,0,15,0,0,1,1,7,91,12,1,1,1
4,8,2,0,0,1,1,0,0,18,6,78,10,1,0,3
3,9,0,2,0,64,1,1,1,3,5,68,13,1,1,0
8,5,1,1,0,70,1,1,0,20,11,19,7,1,1,1
8,0,0,1,1,26,1,1,1,9,11,76,23,1,0,2
3,2,1,2,1,64,1,1,2,18,8,63,35,1,0,2
3,11,1,0,0,69,1,0,2,25,5,53,46,0,0,3
6,8,2,3,0,68,1,0,0,31,0,21,3,1,0,0
8,5,1,2,0,57,1,0,1,30,7,98,34,0,0,2
6,5,0,3,1,70,1,1,0,18,9,78,29,1,1,1
8,0,1,0,1,48,1,0,1,14,4,47,4,0,0,3
4,11,2,1,1,-1,1,0,2,7,4,68,13,1,0,3
5,9,0,0,0,88,0,0,1,6,3,55,10,1,0,0
8,7,1,3,0,42,0,1,1,21,5,38,25,0,0,2
4,0,1,3,1,24,1,0,1,12,4,54,5,1,1,3
6,10,0,0,0,146,0,1,0,26,7,86,11,1,0,2
3,9,2,2,0,38,1,0,1,24,11,52,17,0,1,1
2,3,2,2,0,175,1,0,1,10,2,59,10,0,0,3
2,4,0,0,0,176,0,1,2,11,3,50,39,1,1,3
4,7,2,3,0,48,0,0,1,19,0,32,34,0,0,0
8,4,1,1,0,38,0,1,1,11,1,99,8,0,0,0
7,6,1,0,1,178,0,0,0,17,0,47,1,0,1,0
3,2,2,3,1,32,1,1,0,9,8,58,13,1,0,1
9,8,1,1,1,70,1,1,1,10,10,74,13,0,1,0
9,9,2,1,0,108,1,1,1,26,11,85,42,1,0,2
5,6,2,2,0,144,0,0,2,11,10,48,2,0,0,2
8,10,2,0,1,26,0,0,0,20,2,67,11,1,0,2
2,9,2,2,1,46,1,0,0,25,3,25,6,0,1,2
6,4,2,0,0,56,0,1,0,29,3,47,3,0,0,3
3,5,1,0,0,172,1,1,1,23,0,66,7,1,0,1
4,10,1,1,1,39,1,0,0,31,3,56,17,1,0,1
8,2,2,2,1,12,1,1,2,14,9,80,37,0,0,1
7,3,1,2,0,57,0,1,0,21,5,45,37,1,1,3
2,4,1,1,1,143,1,1,2,31,11,65,18,0,1,3
4,4,1,0,1,11,1,1,0,4,10,86,11,0,0,3
1,0,0,2,1,152,0,1,2,4,2,38,27,0,0,1
4,4,2,1,0,44,0,1,2,29,4,65,18,0,0,1
4,4,0,3,1,63,0,0,0,28,7,35,11,1,0,2
4,11,0,3,1,61,0,0,1,11,5,96,35,1,0,0
7,10,0,0,1,36,1,1,1,30,9,52,12,0,1,2
1,9,0,0,1,14,0,0,1,24,5,96,4,0,1,2
8,5,0,0,0,43,1,0,2,18,3,22,19,0,0,2
7,0,0,3,1,113,1,0,0,8,0,79,3,0,0,1
8,3,0,1,0,138,0,0,2,9,0,42,27,0,1,2
6,2,2,3,1,103,0,1,1,31,6,79,33,0,0,1
6,11,2,3,1,149,1,0,2,26,3,37,9,1,1,1
7,11,2,1,0,178,0,1,0,28,1,46,37,0,0,3
5,11,0,0,0,53,0,0,2,12,1,73,28,0,0,1
1,1,1,1,1,169,1,1,2,19,3,96,12,1,1,0
1,11,0,1,0,29,1,0,0,14,6,58,33,1,1,2
9,7,1,1,0,38,0,1,0,30,5,39,7,1,1,2
1,11,2,2,0,153,0,0,0,16,11,49,2,1,0,2
6,9,0,3,1,13,0,1,2,25,0,25,29,0,0,2
1,11,1,0,1,130,0,1,2,25,0,42,32,1,1,1
2,10,2,3,1,7,1,0,0,4,9,96,6,0,0,0
2,8,1,1,1,59,1,0,0,2,5,55,4,0,0,1
8,3,2,3,1,58,0,1,1,21,5,47,8,0,1,1
6,10,1,2,0,74,0,1,2,31,3,56,57,1,1,3
3,4,2,1,0,55,0,1,0,16,7,72,16,1,0,2
9,8,0,3,0,57,1,0,2,31,7,72,32,0,0,1
3,1,1,3,0,171,1,0,1,1,0,38,29,0,0,3
4,10,1,1,1,25,1,1,1,21,11,68,37,1,0,3
4,9,0,0,1,50,1,1,0,22,9,78,13,0,0,3
7,6,2,1,1,51,1,0,1,10,1,26,6,1,1,0
1,11,2,0,1,99,1,0,0,29,11,97,21,0,0,0
6,2,0,0,0,-15,0,0,0,13,0,47,1,0,1,2
5,9,0,1,1,29,0,1,1,14,4,79,14,0,1,0
1,11,0,0,1,139,1,0,2,18,1,76,9,1,1,1
4,3,2,1,1,157,1,0,0,1,4,45,3,1,0,0
1,5,0,1,1,139,0,1,0,29,5,58,7,1,1,1
1,5,1,0,0,43,1,0,2,5,4,48,14,0,1,2
5,1,1,0,1,-12,0,1,2,15,6,98,17,0,1,3
7,5,1,0,0,46,0,1,1,13,11,46,15,0,1,2
4,1,2,2,1,175,1,0,1,2,0,33,23,1,0,2
1,3,1,2,1,107,0,1,2,28,11,93,1,1,0,1
1,10,1,1,0,64,1,0,1,22,0,54,15,0,0,2
9,0,2,3,1,9,1,0,2,2,6,92,35,0,0,2
6,11,0,2,0,109,1,1,2,1,0,87,1,0,1,2
2,0,2,1,0,24,1,1,0,31,3,63,10,0,0,1
9,4,0,0,0,95,1,0,0,10,6,73,40,1,0,0
6,8,0,0,1,47,1,1,2,25,6,96,40,0,0,2
7,5,1,3,1,169,0,1,1,3,11,88,43,1,1,3
6,9,1,3,1,96,1,0,0,5,6,75,5,0,1,2
2,4,1,3,0,118,1,1,1,16,6,93,5,1,0,0
8,8,2,1,1,98,1,0,2,29,2,36,22,0,0,2
9,9,2,3,0,42,0,0,1,12,2,33,29,0,0,3
2,9,0,2,1,101,1,0,1,26,7,18,6,0,0,2
9,5,2,1,0,85,0,1,2,6,0,49,20,0,0,0
5,8,0,2,1,37,1,1,1,31,5,62,1,1,1,0
2,0,2,3,0,19,0,0,2,27,1,15,16,0,1,0
9,2,2,2,1,163,1,0,1,8,4,43,22,1,0,2
9,8,1,0,0,7,1,0,2,28,6,42,10,1,0,2
5,7,1,0,1,136,1,1,0,1,2,88,56,0,1,3
9,8,0,1,0,117,1,0,1,4,0,88,5,1,1,0
4,4,1,0,0,116,0,1,0,20,11,43,6,1,1,2
4,7,0,0,0,76,1,1,0,18,0,60,2,1,0,0
2,8,2,1,1,56,1,1,0,27,6,89,55,0,0,1
3,8,0,3,0,103,0,0,1,11,0,84,4,1,0,0
1,6,0,2,1,34,1,0,1,20,11,45,8,1,1,0
9,2,2,3,1,16,0,0,1,30,1,74,17,0,0,1
3,11,1,0,0,98,1,0,1,7,3,20,6,1,1,3
8,2,1,2,1,178,1,1,1,10,4,47,28,1,1,2
3,2,2,2,0,93,0,0,1,1,11,16,2,0,1,2
7,5,0,3,1,73,1,0,1,19,5,61,45,1,0,3
3,10,0,3,1,63,1,0,0,10,7,84,34,0,0,2
3,0,1,1,1,4,0,1,0,22,5,98,17,0,0,2
5,3,1,1,0,2,0,0,0,17,3,54,14,0,0,2
7,4,0,1,1,62,1,0,2,21,6,25,3,0,1,1
5,6,2,2,1,60,1,1,1,17,2,71,60,0,0,3
7,7,1,2,1,71,0,1,2,18,0,54,25,1,1,2
8,4,2,1,0,125,0,1,2,19,9,35,20,0,1,3
3,0,1,2,1,17,1,1,0,22,6,73,34,1,0,2
8,9,1,1,0,40,0,0,2,30,1,53,8,1,0,2
5,3,0,3,1,29,1,1,0,29,10,4,1,0,1,2
7,5,0,3,0,7,1,0,1,25,8,73,19,0,0,3
5,2,2,2,0,36,0,1,1,28,7,48,8,1,0,0
1,4,0,2,1,54,0,0,0,22,6,79,8,1,0,0
6,10,1,0,1,76,0,0,0,1,8,78,39,0,0,3
9,9,1,1,1,90,0,1,1,16,7,58,36,0,1,3
2,2,0,0,0,96,1,0,1,31,1,67,17,0,1,0
2,2,1,2,0,179,0,0,0,30,1,73,7,0,0,0
9,3,2,3,1,163,0,0,1,10,9,96,50,0,1,1
6,0,0,2,0,93,0,0,2,18,2,74,52,1,1,0
2,5,1,1,1,162,0,0,0,1,4,66,43,0,0,0
2,0,1,2,0,29,1,0,0,20,3,91,13,0,1,1
9,3,0,1,1,52,0,1,2,27,6,53,5,1,1,0
4,0,1,2,0,23,0,0,0,23,11,54,11,1,0,0
8,7,2,3,0,14,1,0,2,20,5,66,39,0,1,2
7,9,0,3,1,70,1,0,2,14,4,71,18,1,1,1
1,9,2,1,1,173,0,0,1,10,11,85,45,1,0,1
7,0,1,1,0,54,0,0,2,20,8,67,32,0,0,1
9,11,2,2,0,109,0,0,2,14,3,38,33,1,0,2
6,7,2,0,0,62,0,1,1,15,9,96,10,0,0,0
1,5,1,3,1,39,1,0,0,28,2,61,25,1,0,1
5,2,0,2,1,28,1,1,0,19,0,61,18,1,1,2
7,7,1,0,0,166,1,1,1,14,5,83,59,0,1,2
1,0,1,3,0,38,0,0,0,28,3,61,6,1,1,3
2,10,0,2,1,105,0,1,2,19,8,96,61,1,0,1
4,4,1,3,1,165,0,0,2,14,5,29,3,1,1,0
3,6,1,3,1,33,1,0,0,29,8,64,44,1,0,3
3,4,1,2,0,26,0,0,1,22,5,81,16,1,1,2
9,8,1,0,0,85,1,1,0,23,7,63,9,1,1,1
6,6,0,2,1,31,1,1,0,6,5,88,19,1,1,1
9,11,1,2,1,123,1,1,0,7,11,29,5,0,0,2
4,1,1,1,1,24,0,0,0,6,6,71,3,0,0,2
2,11,1,1,1,21,1,0,2,18,8,23,2,1,0,1
5,8,1,2,0,5,1,0,0,26,2,30,19,0,0,2
8,9,0,0,0,163,1,1,2,19,6,98,5,0,0,2
1,8,1,0,1,148,1,0,1,3,6,48,8,0,0,1
2,5,1,2,1,67,0,0,0,10,6,48,14,0,0,0
1,10,0,3,0,115,0,0,0,15,9,27,14,1,0,3
9,8,1,3,0,127,1,1,1,10,3,36,19,1,0,3
5,0,0,3,1,99,1,0,1,13,6,35,14,0,0,3
2,0,1,1,1,161,1,0,0,31,8,53,15,0,1,3
9,7,1,2,1,23,0,0,0,17,8,95,15,1,0,2
2,7,2,1,1,66,1,0,2,23,10,87,34,1,1,1
5,11,0,2,1,155,0,1,1,9,2,77,8,0,0,3
3,0,1,0,0,92,0,1,0,16,0,27,3,0,1,1
4,0,2,3,1,39,1,0,2,19,6,37,6,1,1,1
2,8,0,0,1,61,1,1,2,2,3,65,18,0,1,0
3,10,1,0,1,72,1,1,0,22,10,89,27,1,1,3
5,0,1,2,0,84,0,0,2,27,9,80,19,1,1,1
3,7,0,1,0,121,0,1,0,6,11,52,9,1,0,0
6,2,2,2,1,159,1,1,1,10,10,9,1,0,0,2
4,9,1,2,0,155,1,1,1,1,0,67,12,0,0,0
4,10,0,0,1,165,0,1,1,22,6,89,16,1,0,0
9,9,2,0,0,57,1,0,0,30,7,70,21,0,0,3
8,11,0,2,0,29,1,0,1,22,7,80,10,1,0,2
9,11,1,1,1,92,1,0,0,20,7,79,39,0,1,3
8,0,2,3,0,62,1,1,1,26,11,38,15,0,1,1
9,6,2,2,1,5,0,1,0,23,4,90,29,0,1,0
7,3,1,3,0,71,1,0,0,5,9,72,14,0,0,2
8,10,2,2,0,40,1,0,2,22,7,68,53,1,1,3
6,0,2,3,0,31,0,1,2,29,4,23,20,0,0,2
8,2,2,3,0,174,1,1,0,19,3,73,11,1,1,1
1,10,0,1,1,165,1,1,2,13,3,53,4,0,0,2
8,8,2,3,1,132,1,0,2,20,3,49,22,0,1,1
9,4,1,2,0,91,0,1,1,30,8,40,8,1,0,2
6,4,0,0,1,155,0,1,1,4,0,74,11,1,1,0
5,9,1,2,0,32,0,0,1,21,8,68,27,1,1,3
2,8,1,2,0,158,0,1,1,11,9,79,11,1,0,0
6,2,1,2,0,-6,0,1,1,20,10,79,12,0,0,1
3,1,1,3,1,39,1,1,2,7,6,53,27,0,0,2
5,9,2,0,0,117,1,1,2,15,0,31,18,1,1,3
2,3,1,3,0,107,0,1,1,27,11,97,55,1,0,2
4,3,1,0,1,135,1,1,1,24,0,73,5,0,0,2
4,2,2,1,0,123,1,0,1,26,3,19,12,1,0,3
7,11,0,1,1,13,1,1,2,28,7,93,35,1,1,0
5,10,2,3,0,105,0,1,0,22,3,73,3,1,1,2
6,8,0,3,1,39,0,0,2,5,1,84,38,0,1,2
5,5,0,2,0,12,1,0,2,25,1,58,6,0,0,2
4,3,0,2,0,179,0,1,0,27,3,81,3,1,0,2
7,5,1,0,1,173,1,0,0,4,6,91,17,0,0,0
9,10,1,2,1,85,1,0,0,24,9,66,20,1,1,2
5,4,2,3,0,175,0,0,1,10,9,45,7,0,0,1
5,0,1,1,1,64,1,1,2,23,9,57,6,1,1,0
2,8,1,0,0,14,0,0,0,11,3,11,1,0,0,3
6,10,0,1,0,88,0,0,2,10,8,44,16,0,0,2
2,2,1,2,0,53,0,0,0,16,3,92,16,1,1,0
8,9,0,0,1,3,1,0,1,27,7,86,35,0,0,1
6,10,0,0,0,174,1,0,1,7,10,8,4,0,0,2
7,11,1,2,0,40,0,0,2,31,5,41,36,1,0,0
7,11,0,3,1,141,1,0,2,3,11,53,7,0,1,2
7,4,2,0,0,70,0,0,1,11,6,51,16,1,0,0
4,11,1,1,1,-1,1,0,0,25,3,73,32,0,0,2
9,7,1,1,1,91,1,0,0,9,1,64,11,0,1,3
3,7,2,3,1,127,1,1,2,20,8,56,22,1,0,3
3,10,0,3,0,177,0,1,1,15,8,87,59,0,0,3
5,11,1,1,1,54,1,1,0,4,2,74,11,1,0,2
9,7,2,3,1,106,1,0,2,22,6,84,56,0,1,3
9,1,0,2,0,154,0,1,1,22,11,17,7,0,0,3
9,4,1,3,1,120,0,1,2,12,10,32,3,1,1,0
1,2,0,1,0,101,0,0,0,4,2,89,5,1,1,1
8,8,1,1,1,97,1,0,0,26,2,35,16,0,0,3
1,10,1,1,1,35,1,1,0,25,9,62,16,0,1,1
5,5,2,3,1,131,1,1,1,18,5,81,11,0,0,2
6,6,1,0,1,-17,1,0,0,6,0,63,2,1,1,1
3,4,1,1,1,177,1,0,0,25,3,27,7,0,1,3
1,5,0,3,0,-5,0,1,0,28,7,31,6,0,1,3
5,1,1,1,0,96,1,1,1,29,2,54,43,1,1,0
2,2,0,2,1,142,1,1,0,17,4,62,9,0,1,2
3,6,2,1,0,41,1,1,1,5,6,75,37,0,1,2
3,8,1,0,1,86,1,0,2,11,0,74,31,1,1,2
1,11,0,2,0,50,0,1,2,11,1,64,17,0,0,0
6,3,1,0,0,129,0,0,1,19,4,49,5,0,0,1
5,1,2,1,1,58,1,0,2,22,3,66,55,0,0,0
2,6,0,0,0,131,0,0,0,30,10,88,24,0,0,0
6,2,1,0,0,161,1,0,1,2,10,98,54,1,0,1
6,4,1,2,1,46,0,1,1,16,0,77,23,0,1,3
3,5,2,3,1,104,0,0,0,24,11,66,13,1,1,0
3,8,0,3,1,129,0,0,0,15,3,54,41,1,1,2
9,5,2,3,0,64,1,1,2,12,0,96,13,1,0,3
8,5,0,0,0,43,0,1,0,30,1,60,46,0,0,0
2,5,2,3,0,121,0,1,1,24,1,76,4,0,0,2
5,2,2,2,0,175,0,0,2,7,9,83,47,0,1,1
3,2,0,0,1,168,1,0,1,9,8,85,2,1,1,3
8,3,0,1,0,23,0,0,0,18,11,95,50,1,0,2
2,7,0,2,1,147,0,0,1,10,6,91,58,1,0,3
6,7,0,1,0,38,0,0,0,22,7,65,4,1,1,1
9,0,2,1,1,59,1,1,2,13,7,81,47,1,1,1
2,7,1,0,0,98,0,0,0,3,10,92,42,0,1,3
7,7,0,2,1,16,1,0,1,3,3,97,4,1,0,0
3,1,1,0,1,149,1,1,1,5,6,72,12,1,0,1
1,2,2,1,0,167,1,0,0,12,1,61,4,1,0,2
1,1,1,3,0,20,0,1,0,27,5,37,6,0,1,2
6,8,1,2,0,124,1,1,0,15,3,91,4,0,0,0
7,6,2,3,1,112,0,1,2,1,10,39,11,0,0,1
3,1,1,0,0,45,1,0,2,15,3,37,1,1,0,0
4,10,1,0,0,117,0,0,0,19,8,71,18,0,1,0
8,4,0,2,1,175,0,0,1,23,8,32,6,0,1,1
2,1,1,0,1,147,0,1,0,12,7,59,16,1,1,2
9,4,2,0,1,112,0,0,0,17,7,98,58,0,0,0
8,5,0,1,0,-1,1,1,1,30,3,91,20,0,1,2
9,2,0,3,1,68,1,1,2,25,8,55,12,1,1,2
2,2,2,1,1,69,0,0,0,10,3,55,27,0,0,0
9,10,2,0,0,117,0,0,0,6,4,38,25,1,0,1
2,7,1,3,1,81,0,0,0,18,1,13,18,1,0,2
6,1,2,0,1,27,1,0,0,22,4,78,55,0,0,0
2,3,0,0,1,45,0,1,1,21,10,87,20,0,0,0
8,2,2,2,1,24,1,0,1,9,3,68,9,1,1,1
9,9,0,0,0,74,1,0,2,11,5,95,14,0,1,1
5,2,2,1,0,50,1,0,1,22,10,79,23,0,1,1
9,6,1,3,0,33,0,1,0,27,1,24,23,0,1,3
4,6,0,3,1,61,1,0,1,2,1,96,23,0,1,2
6,11,0,0,0,3,0,1,2,8,8,73,10,1,1,1
9,7,1,2,1,41,0,1,0,29,2,64,16,0,0,0
9,8,0,2,1,12,1,0,2,26,6,62,15,1,0,3
8,10,2,1,0,169,1,0,0,19,5,66,38,0,1,0
2,0,2,3,0,77,1,0,1,3,1,97,25,0,1,1
2,8,0,2,1,55,0,0,1,22,7,61,14,0,1,2
3,10,1,2,0,103,1,1,0,27,9,94,12,1,0,2
8,8,1,3,1,51,0,0,2,28,8,35,14,1,1,3
4,3,0,2,1,174,0,0,1,11,8,48,14,1,1,2
6,10,2,2,0,29,0,0,2,22,8,36,26,0,0,1
8,3,2,1,0,26,1,0,1,21,6,89,55,0,1,0
8,5,2,2,0,33,0,1,0,27,6,91,31,0,1,1
3,1,0,1,0,71,1,1,2,6,9,46,14,0,1,2
3,4,1,2,1,-15,0,1,0,7,11,81,3,0,1,2
3,5,1,2,0,87,1,0,1,27,3,48,15,0,1,2
9,1,1,2,0,100,0,0,1,26,0,74,1,1,1,1
4,8,2,0,0,157,0,1,1,31,10,77,43,0,0,3
5,4,0,2,0,7,1,0,0,30,4,32,6,0,0,1
4,3,2,1,0,44,0,1,0,7,8,11,4,0,0,0
9,8,2,1,1,7,1,0,0,31,8,63,23,0,0,2
