1,4,0,1,0,109,0,1,2,26,2,57,20,0,1,3
1,2,1,2,1,72,0,0,0,12,7,77,15,1,1,1
1,0,1,3,0,44,0,0,0,29,6,72,14,1,1,0
1,8,2,1,0,-19,0,0,2,2,1,99,12,1,1,0
1,7,2,2,1,72,0,1,2,26,4,75,8,0,1,0
1,10,0,1,0,99,1,1,0,28,9,55,2,0,1,3
1,9,2,1,1,-19,0,0,2,2,1,99,12,1,0,1
1,6,1,0,1,57,1,1,2,12,2,74,14,1,0,2
1,10,2,0,1,117,0,0,2,30,0,76,2,0,1,1
1,1,1,2,0,44,0,0,1,29,6,72,13,1,1,0
1,9,0,1,0,56,0,1,1,20,9,84,24,1,1,2
1,11,1,1,0,56,1,0,1,18,0,78,18,0,0,2
1,9,0,1,1,56,1,1,1,20,9,84,24,0,0,1
1,5,1,2,1,66,0,0,2,15,7,75,5,1,1,3
1,7,2,3,0,102,1,1,2,25,7,62,16,0,1,2
1,6,0,0,0,-8,1,1,2,4,10,90,8,1,0,2
1,10,0,3,0,126,0,1,1,26,7,77,5,0,1,2
1,3,2,3,0,64,1,1,2,7,2,69,16,0,1,0
1,8,2,3,0,102,1,0,2,25,6,61,16,0,1,2
1,6,0,1,1,55,0,1,2,12,0,91,26,1,0,2
1,4,2,1,1,61,1,0,1,4,4,69,19,0,1,1
1,7,1,0,1,3,0,0,1,23,3,92,10,1,0,1
1,5,1,2,1,54,0,1,1,10,8,78,16,0,0,2
1,11,1,2,0,127,0,1,2,27,6,78,6,1,1,3
1,0,0,2,1,44,0,0,1,29,5,72,13,1,1,0
1,1,1,1,0,73,0,1,0,12,8,77,15,1,1,1
1,10,2,1,1,-18,1,0,0,2,8,99,11,1,0,1
1,7,1,2,0,46,0,1,1,31,5,73,23,1,0,1
1,11,1,3,1,120,1,0,2,17,6,75,16,0,0,1
1,4,1,2,0,77,0,1,0,9,0,74,4,0,1,1
1,5,1,2,1,54,1,1,1,10,7,77,16,0,1,1
1,1,0,2,1,73,0,1,0,12,7,77,15,1,1,0
1,4,2,1,1,72,1,0,0,24,11,87,21,1,1,0
1,8,1,0,1,60,0,0,0,18,4,78,15,1,1,3
1,9,0,1,1,57,0,1,1,20,9,84,24,0,0,1
1,7,0,2,1,54,0,1,2,12,0,91,26,1,0,1
1,0,2,2,1,73,0,1,0,12,7,77,15,1,1,0
1,11,2,3,1,109,0,0,0,22,10,74,17,0,0,3
1,0,0,2,1,6,1,0,0,26,10,75,5,1,1,3
1,8,0,3,0,-4,0,1,2,1,9,78,2,0,1,1
1,0,2,1,0,17,1,1,1,27,9,78,5,0,1,1
1,5,0,2,1,66,0,0,2,14,7,74,5,1,0,3
1,5,1,0,1,133,0,0,1,17,5,82,13,1,0,3
1,5,1,3,1,67,0,0,2,13,7,74,5,0,1,3
1,6,2,2,1,54,0,1,1,10,7,77,16,1,0,1
1,4,1,2,1,131,0,1,2,21,7,82,5,1,1,0
1,7,2,0,1,65,0,0,1,13,1,75,4,0,1,2
1,4,2,1,1,71,1,1,0,24,10,86,21,1,1,0
1,6,0,2,1,55,1,1,2,12,0,91,25,0,0,0
1,6,1,3,0,82,1,0,2,8,7,93,29,1,1,2
1,8,2,3,1,72,0,1,2,26,4,75,7,1,1,0
1,2,0,0,0,173,0,1,2,4,6,84,2,1,0,2
1,9,1,3,0,69,1,0,1,27,6,74,8,0,1,1
1,4,2,0,1,71,0,0,0,25,10,86,21,1,1,0
1,9,2,3,0,102,1,1,2,25,7,61,16,0,1,3
1,9,2,0,0,89,0,1,2,29,5,44,1,1,1,3
1,10,0,1,0,99,1,1,1,28,9,55,2,0,1,3
1,9,0,1,0,18,1,1,1,16,7,97,28,1,0,1
1,5,1,1,1,55,0,0,1,10,7,77,16,0,0,1
1,5,0,2,0,110,0,1,2,26,3,57,20,0,1,3
1,2,2,3,0,65,0,1,2,7,2,70,17,1,1,0
1,9,1,3,0,71,1,0,2,27,6,74,8,0,1,0
1,10,2,0,1,116,1,1,2,27,3,57,10,0,0,2
1,1,1,2,1,73,0,1,0,11,6,77,15,0,1,1
1,7,2,2,0,45,0,1,1,31,5,73,22,0,0,0
1,10,2,1,0,-18,1,1,0,3,8,99,12,1,0,1
1,7,2,2,1,72,0,1,1,26,4,75,7,1,1,1
1,2,2,3,0,64,0,1,2,7,2,70,16,0,0,0
1,9,2,3,1,-7,1,1,1,9,1,98,16,0,1,0
1,1,0,2,1,73,1,1,0,12,7,77,15,1,0,1
1,6,0,2,1,55,0,1,2,12,0,93,26,1,0,1
1,5,1,2,0,110,0,1,1,27,2,57,20,0,1,3
1,10,2,3,1,108,0,1,1,23,10,74,17,0,0,3
1,9,0,1,0,144,0,0,2,23,11,89,3,1,1,1
1,5,1,2,1,65,0,0,2,14,7,74,6,1,1,3
1,11,2,3,1,-6,0,0,1,8,1,98,16,0,1,0
1,4,0,1,1,62,0,0,1,4,4,69,20,0,1,2
1,7,1,2,1,72,0,1,2,26,4,75,8,1,1,0
1,9,0,2,0,57,0,1,1,20,9,84,24,0,0,1
1,9,1,0,1,56,1,1,0,8,1,76,3,0,0,0
1,1,1,1,1,73,0,1,0,12,8,77,15,1,0,1
1,6,2,1,1,113,1,1,1,6,3,80,13,0,0,1
1,5,1,1,1,66,0,0,2,14,7,75,4,0,1,3
1,8,0,3,1,163,0,0,2,7,2,72,8,0,0,1
1,6,0,2,1,56,0,1,2,11,0,91,26,0,0,0
1,3,1,1,1,173,0,0,0,29,1,93,11,0,0,1
1,9,1,0,1,118,0,0,2,30,2,75,2,0,1,1
1,8,0,3,0,-4,0,1,2,1,10,77,1,0,0,1
1,9,1,1,0,46,1,1,1,30,8,81,30,1,0,1
1,4,2,2,0,77,0,1,0,10,0,74,5,1,0,1
1,10,2,1,1,108,0,0,0,23,10,74,17,0,0,3
1,10,0,3,0,126,0,1,2,27,7,78,5,1,1,2
1,10,1,0,0,55,1,0,2,17,0,78,18,0,0,3
1,9,1,1,0,56,0,0,1,20,10,84,24,0,0,1
1,1,1,3,0,45,0,0,1,28,5,72,13,1,1,0
1,9,0,1,0,56,0,1,2,20,9,83,24,0,0,2
1,11,2,3,1,108,0,0,0,23,11,73,17,1,0,3
1,1,0,2,0,6,1,0,0,26,10,75,5,0,1,3
1,6,0,2,0,54,0,1,2,12,0,91,25,0,0,1
1,3,0,3,1,31,1,0,1,31,8,71,7,0,1,0
1,0,0,1,0,15,0,0,0,2,10,36,6,1,0,3
1,10,2,3,1,-6,1,1,1,9,1,97,15,0,1,0
1,5,1,2,1,66,0,1,2,16,7,74,5,0,1,3
1,11,2,0,0,62,0,0,1,19,1,75,12,0,0,1
1,6,0,0,0,98,1,0,2,29,4,60,15,0,1,1
1,5,1,2,0,66,0,0,2,14,7,74,5,1,0,3
1,0,2,3,1,98,1,1,2,31,11,61,10,1,0,1
1,4,2,1,1,63,1,0,0,4,4,69,20,0,1,3
1,9,1,0,1,118,0,0,2,30,0,75,2,0,1,1
1,10,0,3,1,125,0,1,2,27,7,77,5,0,1,2
1,1,2,3,0,97,1,1,2,31,11,60,10,0,0,2
1,11,2,2,1,109,0,0,0,23,11,74,17,0,0,3
1,7,2,1,1,65,1,1,1,13,2,75,4,0,1,2
1,10,2,2,1,-6,1,1,1,9,0,98,16,0,1,0
1,7,2,0,1,60,0,0,0,18,3,78,15,1,1,2
1,7,0,1,1,55,0,1,2,12,0,92,26,0,0,1
1,7,1,2,1,46,0,0,1,31,5,73,22,0,0,0
1,9,0,2,0,56,0,0,1,20,9,85,24,0,0,1
1,8,2,2,0,102,1,1,2,25,7,60,16,0,0,3
1,9,2,0,1,118,0,0,2,30,1,75,3,0,1,2
1,6,0,2,1,55,0,1,2,12,1,91,26,0,0,2
1,10,2,3,0,-6,1,1,1,9,2,98,16,0,1,0
1,4,2,1,1,62,1,0,1,5,4,69,18,0,1,2
1,11,2,3,1,108,0,1,0,22,10,75,17,0,0,3
1,1,0,1,0,16,0,1,0,2,10,35,6,1,0,3
1,2,0,3,1,89,0,0,0,2,0,92,27,1,1,1
1,2,1,3,0,44,0,0,1,29,5,71,13,1,1,0
1,11,2,3,1,108,0,1,0,23,10,73,17,0,0,2
1,7,1,0,1,60,0,0,0,18,3,79,15,1,1,3
1,1,1,2,1,73,1,1,0,12,7,78,15,1,1,2
1,9,0,1,1,144,0,1,2,23,11,89,3,1,1,1
1,1,1,2,1,72,0,1,0,12,6,77,14,1,1,1
1,5,0,0,1,44,0,1,1,21,8,78,23,0,1,2
1,0,1,3,1,45,1,0,1,29,5,72,13,1,1,0
1,4,2,2,0,78,0,1,0,9,0,73,5,0,0,1
1,10,2,0,1,118,0,0,2,30,1,75,1,0,1,1
1,3,1,1,0,77,0,1,0,9,0,74,4,0,0,1
1,3,2,3,0,-1,0,0,2,13,5,94,17,1,0,1
1,5,0,2,1,54,0,1,1,10,8,77,16,0,1,1
1,10,1,0,0,55,0,1,1,18,0,78,18,0,0,3
1,4,2,2,0,77,0,1,0,9,0,74,4,0,0,0
1,8,0,0,0,56,0,0,1,20,9,84,24,0,0,1
1,4,2,1,1,63,1,0,1,4,4,70,20,0,0,2
1,10,0,1,0,56,0,0,1,19,9,84,24,0,0,1
1,10,0,3,1,127,0,1,2,27,6,78,6,1,1,3
1,3,2,3,1,0,0,0,2,13,6,94,18,1,0,1
1,5,1,3,1,54,0,1,1,10,7,79,16,0,0,1
1,3,2,3,0,97,1,1,2,31,11,61,10,1,1,1
1,8,0,3,1,163,1,0,2,7,2,72,8,1,0,1
1,1,0,2,0,59,0,1,0,5,1,79,21,0,0,2
1,7,2,0,0,60,0,1,0,18,3,78,15,1,1,3
1,1,1,2,0,58,0,1,0,4,1,79,20,0,0,2
1,2,1,3,1,73,0,1,0,12,7,77,15,0,1,1
1,2,2,3,0,64,0,1,2,8,2,70,16,0,1,0
1,8,2,3,0,102,0,1,2,25,7,61,16,0,1,1
1,9,2,0,1,118,0,0,2,30,1,76,3,0,0,2
1,7,0,0,1,60,0,1,0,18,3,79,15,1,0,3
1,9,2,0,1,117,0,1,2,30,1,76,2,0,1,2
1,7,1,1,1,60,0,1,0,17,2,78,15,1,1,3
1,9,1,0,1,118,0,0,2,30,1,76,3,0,1,2
1,4,2,2,1,72,1,0,1,25,11,86,21,1,1,0
1,7,2,2,0,102,1,0,2,25,7,62,16,0,1,2
1,10,1,3,1,68,0,1,2,18,0,82,22,0,1,2
1,2,0,1,0,49,1,1,0,13,0,80,9,1,1,2
1,0,1,2,0,59,1,0,0,5,1,79,20,0,0,1
1,7,1,1,1,60,0,1,0,18,2,78,15,1,0,3
1,5,1,3,1,54,0,0,1,10,7,77,16,0,0,1
1,8,2,0,1,117,0,0,2,30,1,76,2,0,1,2
1,3,0,3,1,31,1,0,1,30,8,71,7,1,1,1
1,7,2,1,1,65,0,0,1,13,1,75,5,0,1,2
1,1,1,1,0,59,1,1,0,4,1,79,20,0,1,2
1,4,2,2,1,72,0,0,0,25,11,86,21,1,1,0
1,7,0,3,0,62,0,0,1,19,8,98,29,0,0,2
1,4,2,2,0,77,0,0,0,8,0,74,4,0,0,0
1,5,1,2,0,54,0,0,1,10,7,77,17,0,0,1
1,6,1,1,0,168,0,0,0,1,5,97,9,1,1,1
1,4,1,2,1,54,0,1,1,11,7,78,16,0,0,1
1,7,1,2,1,46,0,0,1,31,5,73,22,1,0,0
1,10,2,2,1,-7,0,0,1,9,1,98,16,0,1,0
1,5,0,2,0,111,0,1,1,26,1,57,20,0,1,3
1,4,2,1,1,71,1,0,0,23,11,86,21,1,1,1
1,7,0,3,1,62,0,0,1,20,8,98,29,0,1,2
1,0,0,0,0,16,0,0,0,1,9,35,6,1,0,3
1,7,0,3,0,62,0,0,1,20,9,98,29,0,1,3
1,3,1,2,1,66,0,0,2,14,7,74,5,0,1,3
1,7,2,1,0,-19,0,0,2,2,1,99,12,1,1,1
1,5,1,1,1,66,0,0,2,15,7,75,5,0,1,3
1,2,2,3,0,64,1,1,2,6,2,69,17,0,0,0
1,6,1,2,1,55,0,0,2,12,0,92,26,0,0,1
1,7,1,2,1,54,0,1,1,10,6,77,16,0,0,1
1,10,1,2,0,67,0,1,2,18,0,82,23,1,1,3
1,7,0,2,0,46,0,0,1,31,5,73,22,1,0,0
1,6,1,2,1,67,0,0,2,14,7,74,5,1,1,3
1,11,0,1,0,104,1,1,0,22,1,68,4,0,1,3
1,1,2,3,0,97,0,1,2,31,11,60,9,1,0,1
1,10,1,0,0,55,0,0,1,18,0,78,18,0,1,3
1,10,0,3,0,125,0,1,2,27,7,77,5,0,1,1
1,2,2,2,0,96,1,1,2,31,11,61,10,1,0,1
1,10,0,0,0,57,1,1,1,18,0,78,18,0,0,3
1,5,0,2,1,109,0,0,1,26,2,57,19,0,1,3
1,2,0,0,1,49,1,1,0,13,0,80,9,0,1,2
1,7,0,0,1,99,1,1,1,29,7,58,14,0,1,3
1,6,1,2,0,54,1,1,1,10,7,77,16,0,0,1
1,4,2,2,0,79,0,1,0,9,0,74,4,1,0,1
1,3,2,2,1,62,1,0,1,4,4,68,20,0,1,2
1,4,2,1,0,71,1,0,1,25,10,86,21,1,1,0
1,10,1,3,1,49,1,0,1,17,4,88,28,0,1,0
1,7,0,2,1,55,0,1,2,12,1,92,26,0,0,1
1,6,0,3,1,56,0,1,2,12,1,91,26,0,0,1
1,5,2,1,1,113,0,1,1,6,3,80,13,1,1,1
1,4,2,1,0,61,1,0,1,4,4,69,20,0,1,1
1,4,2,3,0,77,0,1,0,10,0,74,4,0,0,0
1,11,1,3,1,-7,1,0,1,9,1,98,16,0,1,0
1,5,2,2,1,67,0,0,2,14,7,74,5,0,1,2
1,1,2,3,0,98,1,1,2,31,11,61,10,1,0,3
1,7,2,3,0,72,1,1,2,26,5,75,7,1,1,0
1,4,2,2,1,71,1,0,0,25,11,87,21,1,1,0
1,3,1,1,1,174,0,0,0,29,2,93,11,0,0,1
1,0,0,2,0,16,0,0,1,2,10,35,6,1,0,3
1,9,0,1,1,144,0,0,2,23,11,89,3,1,1,0
1,1,2,3,0,64,0,1,2,6,2,68,17,0,1,0
1,4,1,2,1,66,0,0,2,14,8,73,5,0,1,3
1,9,0,2,0,56,0,1,2,20,9,84,24,0,0,2
1,11,2,3,1,109,0,1,0,23,10,74,17,1,0,3
1,11,0,0,1,102,1,0,0,8,6,94,28,0,1,3
1,10,0,2,1,127,0,1,2,27,6,79,5,1,1,2
1,10,1,0,0,57,0,0,1,18,0,78,18,0,0,2
1,10,2,3,0,68,0,1,2,19,0,82,22,0,1,3
1,7,0,0,1,-8,1,1,2,4,11,90,8,1,0,1
1,7,0,3,1,55,0,0,2,12,0,91,26,0,0,1
1,1,0,1,0,61,0,0,1,1,8,97,17,1,0,1
1,11,0,2,0,127,0,1,2,27,7,79,6,1,0,3
1,4,2,2,0,77,0,0,0,10,0,74,3,0,0,1
1,5,1,0,1,87,1,0,0,10,2,77,22,0,0,3
1,7,1,3,0,62,0,1,1,20,8,98,29,0,1,2
1,1,2,2,1,73,0,1,0,12,8,77,15,1,1,1
1,0,2,2,0,59,1,1,0,4,1,79,20,0,0,2
1,11,1,2,1,127,0,1,1,27,6,79,6,1,1,2
1,9,2,3,1,-7,1,0,2,9,1,98,16,0,1,0
1,5,1,2,1,65,0,0,2,14,7,75,5,0,0,3
1,1,2,3,0,97,1,1,2,31,11,61,10,1,0,1
1,9,2,1,0,89,0,1,2,29,6,42,1,1,1,3
1,5,2,2,1,55,0,1,1,10,7,77,17,0,0,1
1,9,0,2,0,55,0,1,1,19,9,84,24,0,0,1
1,10,1,1,0,56,1,0,1,18,0,78,18,1,0,2
1,7,0,3,0,-5,0,1,2,1,9,78,1,0,0,1
1,8,1,2,0,53,0,0,1,13,7,74,12,1,1,3
1,0,1,3,0,44,0,0,2,28,5,72,13,1,1,0
1,8,1,0,0,123,1,0,1,13,8,74,9,0,0,2
1,8,2,2,0,104,1,1,2,25,7,62,16,0,1,2
1,7,1,0,1,61,0,1,0,18,3,79,16,1,1,3
1,4,2,1,1,71,1,0,0,25,10,86,21,0,1,1
1,4,1,2,1,73,0,1,0,12,7,77,15,1,1,1
1,7,0,3,0,62,1,0,1,20,8,99,29,0,1,2
1,9,1,0,0,118,0,0,2,31,1,76,2,0,1,1
1,1,1,3,1,73,0,1,0,11,7,77,15,1,1,0
1,7,0,0,1,100,1,1,1,28,8,57,14,0,1,3
1,3,0,2,1,31,1,0,1,30,8,71,7,0,0,1
1,9,0,0,0,56,0,1,0,20,9,84,24,0,0,1
1,7,2,3,0,72,0,1,2,26,6,75,7,1,1,0
1,1,1,2,1,72,0,1,0,13,7,77,15,1,1,2
1,5,1,2,1,66,1,0,2,14,6,73,5,0,1,3
1,2,2,0,1,59,1,0,1,30,0,84,21,0,0,0
1,7,2,1,1,65,1,0,1,15,1,75,4,0,1,2
1,5,2,3,0,129,1,0,2,20,9,79,1,1,1,1
1,2,2,3,0,64,0,1,2,7,1,70,17,1,1,0
1,7,0,2,1,55,0,1,2,13,0,91,26,0,0,1
1,6,1,1,1,66,0,0,1,14,7,74,5,0,1,3
1,3,1,1,1,70,1,0,0,25,11,86,21,1,1,0
1,1,2,2,1,72,0,1,0,12,7,77,15,1,0,1
1,2,2,1,1,58,1,1,1,28,0,84,21,0,0,0
1,5,1,3,1,66,0,0,2,14,7,73,5,0,0,3
1,7,1,2,1,60,0,1,0,18,3,78,14,1,1,3
1,9,1,2,1,121,0,1,2,30,2,91,9,1,0,0
1,10,2,3,1,-6,1,0,1,7,1,98,15,0,1,0
1,10,1,0,0,56,1,0,1,17,2,78,18,0,0,3
1,9,1,2,0,7,1,1,2,3,9,76,9,1,1,2
1,1,2,2,0,60,1,0,0,5,1,79,20,0,0,2
1,5,0,1,1,66,0,0,2,13,7,74,5,0,1,3
1,7,0,3,0,62,0,0,1,20,8,97,29,0,1,3
1,7,1,0,1,60,0,1,0,15,3,78,15,1,1,3
1,3,2,0,1,59,1,1,0,29,0,84,21,0,0,1
1,1,2,3,0,98,1,1,2,31,11,61,10,1,0,1
1,7,0,0,0,-8,1,1,2,4,11,91,8,1,0,1
1,4,1,1,0,62,1,0,1,4,4,69,20,0,0,2
1,7,1,3,1,73,1,1,2,26,4,75,7,1,1,0
1,11,0,3,0,126,0,1,2,27,7,77,6,0,1,2
1,5,0,2,0,108,1,1,1,26,2,57,19,0,1,3
1,0,2,1,1,16,1,1,0,27,8,78,5,0,1,1
1,10,0,2,0,126,1,1,2,27,7,77,5,1,1,2
1,7,1,0,1,59,0,1,1,18,3,78,15,1,1,2
1,3,1,3,1,49,0,0,2,16,11,89,27,0,1,2
1,8,2,2,1,73,0,0,1,23,6,81,20,0,0,3
1,7,1,1,0,46,0,1,1,31,5,73,23,1,0,1
1,11,1,3,1,-6,1,0,1,10,1,98,16,0,1,0
1,7,2,3,1,71,0,1,2,25,4,75,7,1,0,0
1,6,0,2,1,55,1,1,2,12,1,91,26,1,0,1
1,9,1,0,1,60,0,0,0,18,3,78,15,1,1,3
1,4,2,1,1,62,1,0,1,3,4,68,20,0,1,2
1,4,1,2,0,54,0,1,1,10,6,77,16,0,0,1
1,10,0,3,0,126,1,1,2,26,7,77,5,0,1,2
1,9,1,0,1,118,0,0,2,30,1,75,2,0,0,1
1,10,1,2,0,68,0,1,2,17,0,82,23,0,1,3
1,5,0,1,1,109,0,1,1,26,1,57,20,0,1,3
1,11,1,1,0,104,0,1,0,22,2,69,4,0,1,3
1,6,1,2,0,46,0,1,1,31,4,74,22,1,0,0
1,5,1,2,1,54,0,1,1,10,8,77,15,0,0,2
1,2,2,3,0,97,1,1,1,31,10,61,10,1,0,1
1,1,2,2,1,73,0,1,0,12,7,77,15,1,1,1
1,7,2,3,1,72,0,1,2,25,4,75,7,0,1,1
1,11,0,3,0,126,1,0,2,27,7,77,5,0,1,1
1,1,1,1,1,73,0,0,0,12,8,77,15,1,1,1
1,4,1,2,1,71,1,0,0,25,11,86,20,1,1,0
1,1,1,1,0,58,1,1,1,5,1,79,20,0,0,2
1,9,0,1,0,56,0,1,2,21,9,83,24,0,0,1
1,3,2,3,0,64,0,0,2,7,2,69,17,0,1,0
1,11,1,2,1,127,0,1,2,27,6,79,6,1,0,3
1,4,0,2,1,71,1,0,0,25,11,86,21,1,1,0
1,10,1,1,0,161,0,1,1,9,8,96,14,1,1,3
1,5,1,0,0,87,1,0,0,10,2,77,22,1,1,2
1,5,1,2,1,54,0,1,1,10,6,77,17,0,0,1
1,9,2,1,1,46,1,1,1,30,7,81,30,1,0,2
1,2,0,0,0,49,1,0,0,13,0,80,9,1,1,1
1,7,1,3,0,46,1,0,1,31,5,73,22,1,0,0
1,11,0,1,1,102,1,0,0,8,6,95,28,0,1,3
1,7,0,1,1,100,1,1,1,28,7,58,14,0,1,2
1,8,0,3,0,-4,0,1,2,1,9,78,1,0,0,1
1,3,1,1,0,173,0,1,1,29,2,93,11,0,0,1
1,10,2,1,1,-18,1,1,0,1,8,99,11,1,0,1
1,11,0,2,1,127,0,0,2,27,7,79,6,1,1,2
1,7,2,3,1,73,0,0,2,26,4,75,6,1,1,0
1,5,1,3,1,54,1,1,1,10,6,77,16,0,0,1
1,6,0,2,1,54,0,0,2,12,0,91,25,0,0,1
1,0,1,3,1,44,0,0,1,28,5,71,13,1,1,0
1,5,2,2,0,66,0,0,2,14,7,74,5,1,1,3
1,4,2,1,1,63,1,1,1,4,4,69,20,0,1,3
1,10,1,0,0,56,0,0,1,17,0,78,18,0,0,2
1,4,1,2,1,54,0,0,1,9,7,77,16,0,0,1
1,1,0,0,1,61,0,0,1,1,8,98,17,1,0,0
1,4,2,1,0,71,1,0,0,26,11,86,21,0,1,0
1,5,1,2,1,65,0,1,2,14,7,74,5,1,1,3
1,8,2,2,0,102,0,0,2,25,7,61,16,0,1,3
1,8,1,0,0,122,0,0,1,12,7,74,9,0,0,2
1,2,1,2,1,74,0,1,0,12,7,77,15,1,1,2
1,11,1,2,1,127,0,1,1,27,6,78,6,1,1,3
1,0,2,2,1,73,0,1,0,12,7,77,15,0,1,1
1,5,1,3,0,110,0,1,1,26,2,57,20,0,1,3
1,10,1,0,0,55,1,0,1,18,0,77,18,0,0,3
1,1,1,2,1,58,1,0,0,5,1,79,20,0,0,2
1,11,0,3,1,127,0,1,1,28,6,79,6,1,1,3
1,5,2,3,1,54,0,1,1,10,7,77,15,0,0,1
1,10,1,2,0,126,1,0,2,27,7,77,5,0,1,2
1,5,1,2,1,67,0,0,2,14,8,74,4,0,1,3
1,4,2,1,1,63,1,0,1,4,5,69,20,0,0,2
1,0,0,2,1,73,0,0,0,12,7,77,15,1,1,1
1,1,0,2,0,59,1,1,0,5,1,79,21,0,1,2
1,4,2,2,1,71,1,0,0,25,11,87,22,1,1,0
1,11,2,3,1,-6,0,0,1,9,2,98,16,0,1,0
1,5,1,3,1,65,0,0,2,14,7,74,5,0,0,3
1,7,2,3,1,72,1,0,2,26,4,75,6,1,1,0
1,6,0,3,1,55,0,1,2,12,0,92,26,0,0,0
1,5,1,2,1,66,0,0,2,14,7,73,6,1,1,3
1,1,1,2,1,59,1,0,0,5,1,79,21,0,0,2
1,5,1,2,0,54,0,0,1,11,7,77,16,0,0,1
1,4,1,3,1,54,0,1,1,10,7,78,16,0,0,1
1,1,0,2,0,59,1,1,0,5,0,80,20,0,0,2
1,10,2,3,0,-5,1,0,1,9,2,98,16,0,1,0
1,4,2,2,0,77,0,1,0,11,0,74,4,0,0,1
1,10,2,1,1,-17,1,1,0,2,9,99,12,1,0,1
1,7,2,1,0,46,0,1,1,31,5,73,23,1,0,0
1,7,0,3,0,-5,0,1,2,1,10,78,2,0,0,1
1,7,1,0,1,59,0,1,0,18,3,78,14,1,1,3
1,1,1,2,0,59,1,1,0,5,1,79,21,0,0,1
1,5,1,2,1,53,0,1,1,10,7,78,16,0,0,2
1,9,2,1,0,89,0,1,2,29,6,44,1,1,1,2
1,4,2,0,1,71,1,1,0,25,11,87,21,1,1,0
1,4,2,1,1,71,1,0,1,26,11,86,20,1,1,0
1,10,2,3,1,108,0,1,0,23,10,74,16,0,0,3
1,7,0,2,1,54,0,1,2,11,0,91,26,0,0,1
1,1,2,1,0,60,1,1,0,5,1,79,20,0,0,2
1,1,0,2,1,6,1,0,0,27,10,75,6,0,1,3
1,7,0,3,0,-5,1,1,2,1,10,79,1,0,1,1
1,1,1,1,1,118,1,0,1,31,5,61,7,0,0,1
1,8,2,2,0,103,1,1,2,25,8,60,16,0,1,2
1,2,0,0,0,48,1,1,0,13,0,80,9,1,1,1
1,6,0,1,1,55,0,1,2,12,0,91,26,0,0,3
1,1,2,0,1,17,1,1,1,27,8,79,5,0,0,1
1,1,1,2,0,73,0,1,0,12,6,77,14,1,1,1
1,10,2,0,1,116,1,0,2,27,2,57,10,0,0,2
1,7,2,1,1,65,1,0,0,13,1,75,4,1,1,2
1,1,0,1,0,61,1,0,1,1,8,97,17,1,0,0
1,1,1,2,1,59,1,1,0,4,1,79,20,0,0,1
1,5,1,2,1,65,0,0,2,13,7,74,6,0,1,3
1,3,1,0,0,143,0,1,0,9,11,99,23,0,1,0
1,10,2,0,1,56,1,1,0,8,1,76,3,1,0,0
1,0,1,2,0,60,1,1,0,5,1,79,20,0,0,3
1,5,0,0,1,133,0,0,1,17,6,81,13,0,0,3
1,8,2,3,0,104,1,1,2,25,7,61,16,0,1,2
1,8,2,2,1,102,1,1,2,25,6,61,16,0,1,3
1,6,0,2,0,109,0,1,1,27,2,57,20,0,1,3
1,7,0,3,1,-4,0,1,2,1,10,78,3,0,1,1
1,3,2,2,0,77,1,1,0,9,0,74,4,0,0,1
1,3,0,3,0,111,1,1,0,30,3,77,16,1,1,3
1,5,1,0,1,133,0,0,1,16,5,81,13,0,0,3
1,2,2,3,0,97,1,1,2,31,10,60,10,1,0,1
1,4,0,2,0,118,0,0,1,31,10,86,5,0,0,3
1,0,1,3,1,45,0,0,1,29,5,72,13,1,1,0
1,11,1,2,1,50,1,0,1,17,4,88,28,0,1,1
1,4,0,1,0,118,0,1,1,31,10,87,5,0,0,2
1,6,0,0,1,57,1,1,2,11,2,74,13,0,0,2
1,1,1,1,1,58,1,1,0,5,1,79,20,0,0,2
1,9,0,2,0,8,1,1,2,3,9,76,10,1,1,3
1,8,2,3,1,74,0,0,0,23,6,82,20,0,0,3
1,8,1,2,0,56,0,0,1,13,7,74,11,1,1,3
1,5,1,0,1,133,0,0,1,17,5,81,13,1,0,3
1,5,0,0,0,45,0,0,1,21,7,78,23,0,1,2
1,4,0,2,0,109,0,1,1,26,1,56,20,0,1,3
1,9,1,2,1,46,0,1,1,31,5,73,22,1,0,0
1,8,2,1,0,102,1,1,2,25,7,62,17,0,1,2
1,1,0,1,1,2,1,1,2,13,3,90,4,1,0,0
1,4,1,2,1,71,1,0,0,25,11,86,21,1,0,0
1,8,0,1,0,56,0,1,1,20,8,84,24,1,0,1
1,2,1,3,0,59,0,1,0,5,1,79,20,0,0,2
1,1,1,2,1,73,1,1,0,12,6,77,15,1,1,2
1,3,0,3,0,111,1,0,0,29,3,77,15,1,1,3
1,9,2,3,1,108,1,0,0,23,10,74,17,0,0,3
1,2,2,3,0,65,0,1,2,7,2,69,17,0,1,2
1,4,1,2,1,66,0,1,2,14,8,74,5,0,1,3
1,4,2,2,0,77,0,1,0,11,1,74,4,0,0,1
1,5,1,2,1,65,0,0,2,14,6,74,5,0,1,3
1,5,2,2,0,77,1,1,0,10,0,74,4,0,0,1
1,10,1,3,0,126,1,1,2,27,7,78,5,0,1,1
1,8,2,3,1,74,1,0,1,23,6,81,20,0,0,2
1,8,2,1,1,-19,0,0,2,2,1,99,12,0,0,1
1,5,1,2,0,55,0,1,1,9,7,77,16,0,0,1
1,10,0,2,0,126,1,1,2,27,7,78,5,0,0,2
1,5,1,2,0,109,1,1,1,26,2,57,20,0,0,3
1,9,2,0,1,117,0,0,2,29,1,76,3,0,1,1
1,10,2,2,1,-6,1,0,1,9,1,98,15,1,1,0
1,4,1,2,0,66,0,0,2,14,8,74,5,0,1,3
1,6,1,1,1,55,0,1,2,13,0,91,26,0,0,1
1,7,1,2,0,46,0,1,2,31,7,73,22,1,0,0
1,11,0,3,1,128,0,1,2,27,6,79,6,1,1,2
1,1,0,2,1,7,1,1,0,26,10,75,5,0,1,3
1,8,2,2,0,102,0,1,2,26,7,61,17,0,1,2
1,9,2,0,1,56,0,1,0,8,1,75,3,1,0,0
1,5,1,2,1,54,0,1,1,9,7,77,17,0,0,2
1,4,2,1,1,71,1,0,1,25,11,86,21,1,0,1
1,9,2,2,1,121,0,0,2,30,2,90,9,1,1,0
1,7,2,0,1,60,0,1,0,17,3,78,15,1,1,3
1,8,1,2,0,46,0,1,1,31,5,73,22,1,0,1
1,9,0,1,1,18,0,1,1,16,7,97,28,1,0,1
1,4,2,1,1,71,0,0,0,25,11,87,21,1,1,1
1,9,2,1,1,118,0,0,2,30,1,75,2,0,1,0
1,8,2,2,0,102,0,1,2,25,7,60,16,0,1,3
1,10,2,0,1,-18,1,1,0,1,8,99,12,1,0,1
1,8,2,2,0,-8,0,0,1,17,6,99,22,1,1,2
1,11,2,2,1,109,0,0,0,23,10,74,17,1,0,3
1,7,2,3,1,73,0,1,2,25,3,75,7,1,1,0
1,7,2,2,1,72,1,0,2,26,4,75,7,1,1,0
1,9,0,2,1,18,1,1,1,16,7,98,28,1,1,1
1,4,2,1,1,62,1,1,2,4,4,69,21,0,1,2
1,10,1,0,0,56,1,0,1,19,0,79,19,0,0,3
1,5,0,3,0,108,0,1,1,27,2,57,20,0,1,3
1,10,2,3,1,-7,1,0,1,9,1,99,15,0,1,0
1,7,0,3,0,63,0,0,1,20,8,97,29,0,1,2
1,6,2,1,1,113,1,1,1,6,3,80,14,0,1,1
1,6,0,3,1,82,1,0,2,8,7,93,29,1,1,2
1,7,0,2,0,-4,0,1,2,2,10,79,1,0,1,1
1,1,1,1,1,59,1,1,0,5,1,79,20,0,0,1
1,5,2,1,1,62,1,0,1,5,4,69,20,0,1,3
1,7,1,0,1,61,0,0,0,18,3,78,15,1,1,3
1,8,2,2,1,116,1,1,0,1,1,81,19,1,1,2
1,0,1,3,0,44,0,0,1,29,5,72,12,1,1,0
1,5,2,2,1,66,0,0,2,15,6,74,5,0,1,3
1,4,2,1,0,62,1,0,1,4,5,70,20,0,1,2
1,1,1,2,0,60,1,1,0,5,2,79,20,0,0,1
1,2,0,3,1,132,0,1,0,6,3,74,5,0,1,1
1,5,1,2,1,54,0,0,1,10,7,78,16,0,1,1
1,7,0,0,1,100,1,1,1,28,8,58,13,0,1,3
1,5,2,3,1,73,0,1,2,26,4,75,7,1,1,0
1,4,2,1,0,71,1,0,1,25,11,86,22,1,1,0
1,5,1,2,1,54,0,1,1,10,6,77,15,0,0,1
1,0,1,3,0,45,0,0,2,29,5,71,13,1,1,0
1,10,2,3,1,-6,1,1,1,9,2,98,16,0,1,1
1,1,2,2,0,98,1,1,2,31,11,62,10,1,0,1
1,5,2,2,1,54,0,1,0,10,7,78,16,0,0,1
1,0,1,3,0,44,0,1,1,29,4,71,13,1,1,0
1,10,2,3,0,-4,1,0,1,9,1,98,16,0,1,0
1,4,0,1,1,71,1,0,0,25,11,86,21,1,1,1
1,10,2,3,1,-6,1,0,1,11,1,98,15,0,1,0
1,0,0,1,1,17,0,0,0,2,10,35,6,1,0,3
1,5,1,2,1,64,0,0,2,14,7,74,4,0,1,3
1,11,1,0,0,57,1,0,1,18,0,77,18,0,0,3
1,10,0,1,1,128,0,1,2,27,6,79,6,1,1,3
1,3,2,3,0,76,0,1,0,9,0,74,4,0,0,1
1,7,0,0,1,100,1,1,1,28,7,59,14,1,1,3
1,1,1,1,1,118,1,0,1,31,5,61,7,0,0,0
1,3,1,2,1,49,0,1,2,15,11,89,27,0,1,2
1,0,1,2,1,73,0,1,0,12,7,78,16,1,1,1
1,9,2,0,1,118,0,0,2,30,2,75,2,0,0,1
1,2,0,0,1,49,1,1,0,14,0,80,9,1,1,2
1,9,1,0,1,118,1,0,2,30,1,76,2,0,1,2
1,8,0,1,1,56,0,1,1,20,9,84,24,0,1,1
1,4,1,3,1,54,0,1,1,10,7,77,17,0,0,1
1,6,0,2,0,109,0,1,1,27,2,56,20,0,1,3
1,1,2,0,1,18,1,1,1,27,8,78,5,1,1,1
1,9,2,1,1,118,1,1,2,30,1,76,2,0,1,1
1,8,1,0,1,61,0,1,0,18,3,78,14,1,1,3
1,5,1,2,1,56,0,1,1,10,8,77,16,0,0,1
1,3,1,3,1,49,0,1,2,16,11,89,27,0,1,1
1,4,2,1,1,71,1,0,0,24,11,87,21,1,1,1
1,9,0,1,0,55,0,1,0,20,9,84,24,0,0,2
1,7,1,2,0,45,0,1,1,31,4,73,23,1,0,0
1,5,0,2,1,54,0,1,1,10,7,77,16,0,0,2
1,4,1,2,0,54,0,1,1,10,7,76,16,0,0,1
1,0,2,0,1,17,1,1,0,27,8,78,3,0,1,1
1,6,2,1,1,112,1,1,1,6,3,80,13,1,0,1
1,7,1,3,0,-3,0,1,1,1,10,78,1,0,1,1
1,0,1,3,0,44,0,0,1,29,6,70,13,1,1,0
1,6,1,2,0,47,0,1,1,31,5,73,21,1,0,0
1,3,0,2,1,31,1,0,1,30,8,71,8,0,1,1
1,9,0,1,0,55,0,0,1,19,9,84,24,0,0,1
1,6,1,0,0,86,1,0,0,10,2,77,22,0,1,3
1,4,2,1,1,62,1,0,1,4,4,69,18,0,1,1
1,5,1,0,0,86,1,0,0,10,2,77,22,0,1,2
1,4,1,3,0,118,0,1,1,31,10,87,5,0,0,3
1,5,1,2,1,54,0,0,2,10,7,77,16,0,0,0
1,1,1,1,0,59,1,1,0,5,0,80,20,0,0,2
1,2,1,2,1,73,0,1,0,12,7,77,16,1,0,1
1,5,1,2,1,66,0,1,2,14,7,74,4,0,1,3
1,11,2,3,1,-6,1,0,1,9,1,98,16,0,0,1
1,8,2,3,1,73,0,1,2,26,4,75,7,1,0,0
1,7,0,3,1,-4,0,0,2,1,10,79,1,0,1,1
1,4,1,2,1,53,0,1,1,10,7,77,16,0,1,1
1,4,2,1,1,72,1,0,1,25,11,85,21,1,1,0
1,9,1,1,0,46,1,1,1,31,7,81,30,0,0,2
1,9,1,3,0,68,0,1,1,18,0,83,23,0,1,3
1,10,0,1,0,46,1,1,1,30,7,81,30,1,0,2
1,7,1,2,0,45,0,1,1,30,4,73,22,1,0,0
1,9,0,3,0,56,0,1,1,21,9,84,24,0,0,1
1,2,1,0,1,143,0,1,1,9,11,99,23,1,1,0
1,1,2,2,0,118,1,0,1,31,5,61,7,0,0,1
1,4,2,3,0,77,0,1,0,9,0,74,4,1,0,0
1,1,1,2,0,73,0,1,0,12,8,77,14,1,1,1
1,9,1,1,0,89,0,1,2,29,6,45,1,1,1,3
1,4,2,1,1,71,1,1,1,25,11,86,22,1,1,0
1,7,1,2,1,55,0,1,1,12,0,91,26,0,0,1
1,5,1,2,1,66,0,0,2,14,8,74,5,0,1,1
1,7,0,3,0,82,0,0,2,8,6,93,29,1,1,2
1,11,0,2,1,127,0,1,2,27,7,78,6,0,1,3
1,7,0,3,0,-4,0,1,2,1,9,78,3,0,1,1
1,0,1,3,0,44,1,0,0,29,5,72,13,1,1,1
1,4,2,1,1,71,1,0,0,26,10,86,21,0,1,0
1,11,0,0,1,104,1,1,0,22,2,69,4,0,1,3
1,0,1,3,1,44,0,0,1,29,4,72,14,1,1,0
1,7,0,3,0,82,1,0,2,8,7,93,29,0,1,1
1,9,0,1,1,18,0,1,1,16,8,97,28,1,1,1
1,8,2,3,1,74,0,0,1,24,6,81,20,0,0,3
1,5,0,2,0,6,1,1,2,31,4,79,9,1,0,3
1,7,0,3,0,-4,0,1,2,1,10,76,1,0,0,1
1,4,0,2,1,118,0,1,1,31,9,87,5,0,0,3
1,1,0,2,0,59,1,0,0,5,1,80,20,0,0,2
1,3,0,3,1,111,1,1,0,29,3,78,15,1,1,3
1,6,0,2,1,55,0,1,2,12,0,92,26,1,0,0
1,1,1,3,0,59,1,1,0,4,1,79,20,0,0,2
1,5,0,3,0,110,0,0,1,26,2,57,20,0,1,3
1,4,1,1,1,71,1,0,0,24,11,86,21,0,1,0
1,1,0,1,1,2,0,1,2,13,2,90,5,0,0,0
1,11,0,2,1,126,0,1,1,27,6,79,6,1,0,3
1,8,2,1,0,102,1,1,1,25,7,61,15,0,1,2
1,11,1,0,0,56,1,0,1,19,0,78,19,0,0,3
1,5,0,2,0,109,0,0,0,26,2,57,19,0,1,3
1,3,2,1,1,62,0,0,1,4,4,69,20,1,1,2
1,0,1,2,0,59,1,0,0,5,1,79,19,0,0,2
1,10,2,0,1,116,1,0,2,27,2,57,9,1,0,2
1,1,1,2,0,60,1,1,0,5,1,79,21,1,0,2
1,10,1,3,0,7,1,1,2,3,9,76,10,1,1,3
1,4,2,1,1,62,0,0,1,4,4,68,20,1,1,2
1,11,0,1,1,102,1,0,0,8,5,93,28,0,1,2
1,8,1,2,0,46,1,1,1,31,5,73,21,1,0,0
1,10,2,0,0,57,1,0,1,17,0,78,18,0,0,3
1,5,0,2,0,6,1,1,2,30,4,79,9,1,0,3
1,2,2,3,0,64,0,1,2,7,1,69,18,0,1,1
1,6,0,2,1,55,0,1,1,11,0,91,25,0,0,1
1,4,2,3,1,71,1,0,0,24,11,86,21,1,1,0
1,1,0,2,0,59,1,1,0,5,0,79,20,0,0,3
1,7,0,3,0,-4,0,1,2,1,10,80,1,0,1,0
1,7,0,0,1,101,1,1,1,28,7,58,14,0,0,3
1,6,0,0,1,56,1,1,2,10,2,74,14,1,0,2
1,4,2,1,1,62,0,0,0,4,5,69,20,0,1,2
1,2,0,3,0,132,0,0,1,6,3,73,5,0,1,1
1,4,1,2,1,66,0,0,2,15,7,75,5,0,1,3
1,5,0,3,0,-4,0,1,1,1,10,78,1,0,1,1
1,9,0,0,1,118,0,0,2,30,1,76,3,0,1,1
1,9,0,1,0,56,0,0,1,20,9,84,24,1,0,1
1,7,2,0,1,61,0,1,0,17,3,78,15,1,1,3
1,11,0,3,1,121,1,0,2,17,6,75,16,0,0,0
1,11,1,3,1,108,1,0,0,23,10,74,18,0,0,3
1,2,1,2,1,73,0,1,0,11,7,77,15,1,0,1
1,8,2,1,0,102,1,0,2,25,7,61,16,1,1,2
1,3,0,3,0,111,0,1,0,29,2,77,15,1,1,3
1,9,2,1,0,117,0,0,2,30,1,76,2,0,1,1
1,6,1,2,1,54,0,1,1,10,7,76,15,0,0,1
1,4,1,2,1,53,0,1,1,10,7,77,16,0,0,2
1,7,1,3,1,72,0,1,2,25,4,75,7,1,1,1
1,7,0,3,0,-5,1,1,2,1,10,78,1,1,1,1
1,0,1,3,0,43,0,0,1,29,5,72,12,1,0,0
1,4,1,1,1,71,1,0,0,26,11,86,21,1,1,0
1,7,1,1,0,-8,1,1,2,4,11,90,8,1,0,2
1,7,2,1,1,65,1,0,1,13,1,75,3,1,1,2
1,5,1,2,1,54,0,1,1,9,6,77,16,0,0,0
1,10,1,2,0,56,1,0,1,18,1,78,18,0,0,3
1,11,0,3,1,127,0,1,1,27,6,79,6,0,1,3
1,10,2,0,0,58,1,0,1,18,0,78,18,0,0,3
1,4,2,2,0,77,0,1,0,9,0,73,3,0,0,2
1,9,2,3,1,-6,1,0,1,9,1,98,16,0,0,0
1,7,0,0,0,98,1,0,2,29,4,60,15,0,1,0
1,6,2,0,0,115,0,1,1,27,6,77,11,1,0,3
1,0,1,3,0,44,0,0,1,29,4,70,13,1,1,0
1,10,1,0,0,56,1,0,1,19,0,78,18,1,0,2
1,10,2,2,0,68,0,1,2,18,0,82,23,0,1,3
1,8,2,2,0,102,0,1,2,25,7,61,16,0,1,0
1,10,2,2,0,89,0,1,2,29,6,44,1,1,1,3
1,8,2,1,1,-9,0,0,1,17,5,99,22,1,1,2
1,11,0,1,0,105,1,1,1,22,2,69,4,0,1,3
1,11,2,3,1,108,1,0,0,22,10,74,17,0,0,2
1,1,0,0,0,173,1,1,2,4,6,86,2,1,0,2
1,7,2,3,1,70,0,1,2,26,4,75,7,1,0,0
1,1,1,2,0,59,1,0,0,4,1,79,20,0,0,2
1,2,1,2,1,73,0,0,0,13,7,77,15,1,1,1
1,0,1,3,0,44,1,1,1,29,5,72,13,1,1,0
1,8,0,1,0,56,0,0,1,20,9,85,24,0,0,1
1,5,0,2,0,6,1,1,1,30,4,79,9,1,0,3
1,5,1,0,1,133,0,1,2,17,5,81,13,0,0,3
1,5,1,3,1,66,0,0,2,13,7,74,5,0,1,2
1,5,2,3,1,66,0,0,2,14,8,74,5,0,1,3
1,8,2,1,0,-19,0,0,2,2,1,99,13,1,0,2
1,11,0,3,1,121,1,0,2,17,6,75,16,1,1,1
1,5,2,2,1,53,0,1,1,10,7,77,16,0,0,2
1,0,1,3,0,45,0,1,1,29,5,72,13,1,1,1
1,1,1,1,1,118,1,0,1,31,5,61,7,1,0,1
1,10,0,3,0,126,0,1,2,26,7,76,5,0,1,2
1,5,0,3,1,66,0,0,2,14,6,74,5,0,1,3
1,10,2,3,1,-6,1,0,2,9,0,97,16,0,1,0
1,4,1,3,0,109,0,1,1,26,2,57,20,0,1,3
1,10,2,1,1,-18,1,0,0,2,8,99,12,0,0,1
1,2,2,3,1,64,0,1,2,7,1,69,16,0,1,0
1,2,1,2,0,59,1,1,0,5,1,78,20,0,0,1
1,10,0,2,0,127,1,1,2,27,6,79,6,1,1,3
1,2,2,0,1,59,1,0,1,29,2,84,21,0,0,0
1,5,0,2,1,66,0,0,2,13,7,74,5,0,1,3
1,9,2,0,1,118,0,0,2,28,2,76,2,0,1,1
1,10,2,0,0,55,1,0,1,18,0,78,18,0,0,3
1,7,1,0,0,60,0,0,0,18,3,78,15,1,1,3
1,7,0,3,0,82,1,1,2,8,7,93,29,0,1,2
1,9,2,2,0,102,1,1,2,25,7,60,16,1,1,2
1,6,1,2,0,55,0,1,2,12,0,91,26,1,0,1
1,7,0,2,1,-4,0,1,2,1,9,78,1,0,1,1
1,2,2,0,1,59,0,1,2,29,0,84,22,0,0,0
1,6,1,3,1,54,0,1,1,10,7,77,15,0,0,1
1,9,2,2,1,-6,1,0,1,10,1,98,16,0,1,0
1,5,1,1,1,62,1,0,1,4,4,69,20,0,0,2
1,8,2,3,1,-7,1,0,1,9,1,98,16,0,1,0
1,10,2,0,1,116,0,0,2,27,3,57,10,0,0,2
1,8,1,1,1,60,0,1,0,18,3,78,15,1,1,2
1,6,0,2,1,55,0,1,2,12,0,91,25,0,0,3
1,0,1,1,1,73,0,1,0,12,7,77,15,1,1,0
1,9,2,0,1,118,0,0,2,31,1,74,2,0,1,1
1,10,1,0,0,56,0,0,1,18,0,78,19,0,1,3
1,10,1,3,0,126,1,1,2,27,7,77,3,0,1,2
1,7,0,3,0,-4,1,1,2,2,10,78,1,0,0,1
1,10,0,3,0,126,1,0,2,27,7,77,7,0,1,2
1,5,0,2,1,109,0,1,2,26,2,57,20,0,1,3
1,2,2,3,0,63,0,1,2,7,2,69,16,0,1,1
1,1,0,1,0,16,0,0,0,2,9,35,4,1,0,3
1,7,1,2,0,47,0,0,1,31,4,73,22,1,0,0
1,8,1,0,0,122,0,0,1,12,8,74,9,0,0,2
1,4,2,1,0,71,0,0,0,25,11,86,21,1,0,0
1,11,0,3,1,127,0,1,2,27,7,78,6,1,1,3
1,6,0,2,1,55,0,0,2,12,0,91,25,0,0,0
1,9,1,0,0,56,0,0,1,18,1,78,18,0,0,3
1,5,1,2,0,64,0,0,2,14,7,74,5,0,1,3
1,1,0,1,1,61,0,0,1,1,8,98,16,1,0,0
1,5,1,1,1,66,0,0,2,14,8,74,5,1,1,3
1,6,2,3,1,72,0,1,2,26,4,75,6,0,1,0
1,5,0,2,0,109,0,0,1,26,2,56,20,0,1,3
1,3,1,3,1,49,0,0,2,16,11,89,27,0,1,1
1,5,1,3,1,54,0,1,2,10,8,77,16,0,0,1
1,2,1,2,0,59,1,1,0,5,1,79,19,0,0,1
1,1,0,0,0,173,0,1,2,4,5,85,2,0,0,2
1,5,1,0,1,54,0,1,1,10,6,77,16,0,0,1
1,1,1,2,1,72,0,1,1,12,7,77,15,1,1,0
1,1,1,3,0,44,0,0,1,28,5,72,14,1,1,0
1,6,0,0,1,57,1,0,2,11,2,74,14,0,0,2
1,1,2,0,1,17,1,1,1,27,8,78,7,0,1,1
1,7,1,3,0,46,0,1,0,31,5,74,22,1,0,0
1,4,2,0,1,71,1,1,0,25,11,86,21,0,1,0
1,11,0,2,1,128,0,1,2,27,6,80,6,1,1,2
1,7,2,3,1,74,1,1,2,26,4,75,7,1,1,0
1,5,2,1,0,76,0,1,0,9,0,74,4,0,0,1
1,1,2,3,0,63,0,0,2,7,2,69,17,0,1,0
1,11,2,2,1,109,1,0,0,23,10,74,17,0,0,3
1,1,1,2,1,73,0,1,0,12,7,77,14,0,1,2
1,11,1,2,1,127,0,1,1,27,6,79,6,1,0,3
1,4,2,2,0,77,1,1,0,8,0,74,5,0,0,1
1,6,1,0,1,57,1,1,2,11,2,75,14,1,0,2
1,1,1,2,0,44,0,0,1,28,5,72,13,1,1,0
1,10,0,3,0,126,0,0,1,27,7,77,5,0,1,2
1,1,1,2,1,74,0,1,0,12,7,77,14,0,1,1
1,11,0,1,1,127,0,1,2,27,6,79,6,1,1,1
1,10,0,3,0,127,1,1,2,27,8,77,5,0,1,3
1,1,1,3,0,61,1,1,0,5,1,79,20,0,0,2
1,6,2,2,0,77,0,1,0,9,0,74,4,0,0,0
1,1,2,2,0,99,1,1,2,31,11,61,10,1,0,1
1,0,1,3,0,44,1,0,1,28,5,71,13,1,1,0
1,7,1,0,1,60,0,1,0,18,3,78,15,0,1,3
1,1,1,2,0,73,0,1,1,12,7,77,15,1,0,1
1,10,2,3,1,-6,1,1,2,9,1,97,16,0,1,0
1,8,2,2,0,101,1,1,2,25,6,60,16,0,1,2
1,3,0,1,1,173,0,0,0,29,2,93,11,0,0,1
1,8,0,1,0,56,0,1,1,20,10,84,23,0,0,1
1,11,2,3,1,-6,1,0,1,9,0,98,15,0,1,0
1,8,0,0,1,18,1,1,1,16,7,97,28,1,1,1
1,1,2,3,0,97,0,0,2,31,11,62,10,1,0,1
1,11,1,3,1,121,1,0,1,17,6,75,16,0,0,1
1,7,2,2,0,46,0,1,1,31,6,73,22,0,0,0
1,5,1,2,1,54,0,1,1,10,7,76,16,1,0,1
1,10,0,3,0,99,1,1,0,28,9,55,2,0,1,2
1,10,2,1,0,-18,1,1,0,2,8,99,12,1,0,2
1,9,1,0,0,123,0,0,2,12,8,74,9,0,0,2
1,5,0,0,1,133,0,0,1,17,4,81,13,0,0,3
1,10,0,2,0,126,1,1,2,27,9,77,5,0,1,2
1,5,2,1,1,62,1,0,1,4,5,69,21,0,1,2
1,4,2,2,1,54,0,1,1,9,7,77,16,0,0,1
1,10,2,0,1,116,1,0,2,27,1,57,10,0,0,3
1,4,1,2,0,109,0,0,1,26,2,57,20,0,1,3
1,5,0,2,1,53,0,1,1,10,7,77,16,0,0,1
1,1,0,2,1,73,0,0,0,12,7,77,15,1,1,2
1,6,1,2,1,46,0,1,1,31,5,73,21,1,0,0
1,4,1,2,0,77,0,1,0,8,0,74,3,0,0,1
1,2,2,3,0,64,0,1,2,6,2,68,16,0,1,0
1,0,0,0,0,14,0,0,0,2,9,35,6,1,0,3
1,7,0,3,1,82,1,0,2,8,7,93,29,1,1,1
1,9,0,1,0,56,0,1,1,19,8,85,24,0,0,1
1,10,0,3,0,125,1,1,2,26,6,77,5,0,1,2
1,2,0,3,1,89,0,0,0,2,2,92,27,1,1,2
1,4,0,2,1,109,0,1,2,26,2,57,20,0,1,3
1,9,0,2,1,56,0,0,1,20,9,84,24,0,0,1
1,10,2,3,1,-6,1,0,2,8,1,98,16,1,1,0
1,6,0,3,0,-4,0,0,2,1,10,77,1,0,1,1
1,10,2,3,1,-6,1,0,2,10,1,99,16,0,1,0
1,0,1,3,0,44,0,0,0,29,5,73,14,1,1,0
1,8,2,2,0,102,1,0,2,25,7,61,16,0,1,2
1,1,2,2,1,74,0,1,0,12,6,77,15,1,1,1
1,1,1,0,1,73,0,1,0,12,7,77,14,1,1,1
1,10,1,1,0,161,0,0,2,9,8,95,14,1,1,2
1,9,0,1,0,56,0,0,1,19,10,84,24,0,0,1
1,5,1,2,1,54,0,1,1,10,5,77,16,0,0,1
1,4,2,1,0,71,1,0,0,25,11,86,21,1,1,2
1,1,1,3,1,73,0,1,0,12,7,77,14,1,1,0
1,5,0,1,1,57,1,1,2,11,2,74,14,1,0,2
1,2,2,3,1,64,0,1,2,7,2,69,16,0,0,0
1,7,0,0,1,57,1,0,2,11,2,74,14,1,0,2
1,2,2,1,1,59,0,1,2,29,0,84,21,0,0,0
1,8,1,3,1,75,0,0,1,23,6,81,20,0,0,3
1,6,0,2,1,55,0,1,2,13,0,92,26,1,0,1
1,1,1,0,1,173,0,1,2,4,6,85,2,1,0,2
1,4,1,2,0,77,0,1,0,9,1,74,4,1,0,1
1,10,0,3,0,126,0,1,2,27,8,77,4,0,1,2
1,6,2,1,1,113,1,1,0,6,4,80,13,1,1,1
1,10,2,3,1,-7,1,0,2,10,1,98,16,0,1,0
1,2,1,2,0,59,1,1,0,5,1,79,20,0,0,2
1,9,1,2,0,7,1,0,2,2,9,76,10,1,1,3
1,4,1,0,0,62,1,0,0,6,0,88,24,0,0,0
1,6,0,2,1,54,0,0,2,12,0,91,26,0,0,1
1,8,2,2,1,-9,0,0,0,17,5,99,22,1,1,2
1,6,1,2,1,66,0,0,2,15,6,74,5,0,1,3
1,5,1,3,1,54,0,1,2,10,7,77,16,1,0,1
1,9,1,1,0,57,0,1,1,20,10,84,24,0,0,1
1,7,1,0,1,60,0,1,0,16,3,78,15,1,1,2
1,10,1,2,0,50,0,0,1,17,4,88,28,0,1,0
1,8,2,3,0,102,1,1,2,25,6,61,16,0,0,2
1,1,1,3,0,98,1,1,1,31,11,61,10,1,0,1
1,6,0,2,1,54,0,0,2,12,0,91,26,1,0,1
1,4,0,2,0,117,0,1,1,31,9,87,5,0,0,3
1,7,2,3,1,72,0,1,1,27,4,75,6,1,1,0
1,10,2,2,1,-6,1,0,1,9,1,99,16,1,1,0
1,0,1,1,0,16,0,0,0,2,10,35,6,1,0,3
1,11,0,2,1,127,0,1,2,28,6,79,6,1,1,2
1,1,1,2,1,74,0,1,0,13,7,77,14,1,1,1
1,2,1,3,1,89,0,0,0,1,1,92,27,1,1,1
1,6,0,1,0,168,0,0,0,2,5,96,9,1,0,1
1,5,1,2,0,46,0,1,1,31,5,73,22,1,0,1
1,8,2,1,0,102,1,1,2,25,7,61,16,0,1,3
1,7,0,3,0,63,0,0,1,20,8,98,29,0,0,2
1,7,1,1,1,60,0,1,0,18,3,78,15,1,1,3
1,10,2,1,1,-18,1,1,0,2,8,99,12,1,0,0
1,6,0,1,0,168,0,0,1,1,5,97,9,1,1,1
1,4,0,2,0,118,0,1,1,31,10,87,5,1,0,3
1,0,1,3,1,44,0,0,1,28,5,72,13,1,0,0
1,5,1,3,0,77,0,1,0,9,0,74,4,0,0,1
1,2,2,0,1,59,1,1,1,29,1,84,21,1,0,0
1,4,1,0,0,62,0,0,2,5,0,88,24,0,0,0
1,9,2,2,1,121,0,0,2,30,2,91,7,1,0,0
1,1,0,1,1,3,1,1,2,13,2,90,4,0,1,0
1,8,2,2,0,101,1,0,2,25,7,61,15,0,1,2
1,9,0,0,0,56,0,1,1,20,10,84,24,0,0,1
1,7,1,0,1,60,0,1,0,18,3,79,15,0,1,2
1,6,0,2,1,57,0,1,2,12,0,91,26,0,0,1
1,2,2,3,0,64,0,0,2,7,2,69,17,0,1,0
1,2,1,2,0,59,1,1,0,5,1,80,20,0,0,1
1,11,0,3,0,127,0,1,2,27,6,79,7,1,1,3
1,7,1,2,1,46,0,1,2,31,5,73,22,1,1,0
1,4,2,1,1,71,1,0,0,26,11,86,21,1,0,1
1,4,1,0,0,62,1,0,2,6,0,87,25,0,0,0
1,5,2,3,1,129,1,1,2,20,9,79,3,1,1,1
1,4,1,0,1,62,1,1,1,4,4,69,20,0,1,2
1,10,2,3,0,68,0,0,2,18,0,83,23,0,1,3
1,5,0,2,0,109,0,1,0,26,1,57,20,0,0,3
1,4,2,1,1,62,0,0,0,4,4,69,19,0,1,2
1,4,2,2,0,62,1,0,1,5,4,69,20,0,1,2
1,3,2,0,1,130,1,0,2,8,7,78,14,0,0,3
1,7,1,1,1,60,0,1,1,18,3,78,16,1,1,3
1,4,2,1,1,62,1,1,1,4,4,69,20,1,1,2
1,8,0,3,0,-4,0,1,2,1,10,78,3,0,1,1
1,0,0,0,0,16,0,0,1,2,9,36,6,1,0,3
1,7,1,0,1,60,0,0,0,16,3,78,15,1,1,3
1,7,2,2,0,102,1,1,2,25,6,61,17,0,1,2
1,10,2,3,0,-6,1,0,2,9,2,98,16,0,1,0
1,3,1,3,1,49,0,0,2,16,11,90,27,0,1,2
1,5,1,2,1,66,0,1,2,13,7,73,5,0,1,3
1,8,1,3,0,102,0,1,2,25,7,61,16,0,1,2
1,1,1,3,0,97,1,1,2,31,10,61,10,1,1,1
1,6,0,2,0,109,0,1,1,26,2,57,19,1,1,3
1,5,2,2,1,66,0,0,2,15,7,73,5,0,1,3
1,11,0,3,0,68,0,1,2,18,0,82,23,0,1,2
1,2,2,1,1,59,0,1,1,29,0,84,21,0,0,1
1,8,1,0,1,56,1,1,0,8,1,76,3,1,0,0
1,11,0,1,0,108,0,0,1,25,2,69,24,0,0,0
1,1,0,2,0,59,1,1,0,5,1,79,20,1,1,2
1,3,0,3,0,111,1,1,0,29,3,77,15,1,0,2
1,4,1,2,0,78,0,1,0,9,0,74,3,0,0,1
1,4,2,0,0,77,0,1,0,9,0,74,4,0,1,1
1,7,2,3,1,72,0,0,2,26,4,75,7,1,0,0
1,5,1,2,1,64,0,0,2,14,8,74,5,0,1,3
1,4,1,2,1,54,0,1,1,10,7,78,17,0,0,1
1,1,1,1,0,59,0,1,0,5,1,78,20,0,0,2
1,4,2,2,0,76,0,1,0,9,0,74,4,1,0,1
1,1,0,0,0,173,0,1,2,4,5,85,1,1,0,2
1,9,2,2,0,-9,0,0,1,18,5,99,22,1,1,2
1,2,2,0,1,61,1,1,1,29,0,85,21,0,0,0
1,5,1,2,1,66,0,0,2,14,9,74,5,0,0,3
1,2,2,2,0,97,1,1,2,31,10,61,10,1,0,1
1,1,2,3,1,73,0,1,0,12,7,77,14,1,1,1
1,5,1,0,1,133,0,0,2,17,5,81,12,0,0,3
1,10,0,1,0,99,1,1,0,28,9,54,2,0,1,3
1,6,1,3,1,54,0,1,1,10,7,77,16,0,1,1
1,10,1,0,0,56,0,0,1,18,0,78,17,0,0,2
1,8,2,2,0,-9,0,0,1,17,5,99,22,1,0,2
1,1,2,1,1,73,0,1,0,12,7,77,14,1,1,1
1,11,2,3,1,109,0,1,0,23,10,74,17,0,1,3
1,5,2,2,1,67,0,0,2,15,7,74,5,0,1,3
1,7,1,2,0,53,0,0,1,13,7,74,11,1,1,3
1,10,1,1,0,162,0,0,1,9,7,96,14,1,1,2
1,10,2,3,1,-6,1,1,1,10,1,98,16,0,1,0
1,5,1,2,0,109,0,1,1,25,1,57,20,0,1,3
1,1,2,3,0,97,1,1,2,31,11,60,10,0,1,1
1,5,0,1,0,110,0,1,1,26,2,58,20,0,1,3
1,7,2,2,0,-9,0,1,1,17,5,99,22,1,1,2
1,1,0,1,1,2,1,0,2,13,2,90,3,0,0,0
1,11,0,2,1,127,0,1,2,27,6,79,7,0,1,3
1,10,2,3,0,-6,1,1,1,9,1,99,16,0,1,0
1,10,1,3,0,68,0,0,2,18,0,82,22,1,1,3
1,7,2,1,1,72,0,1,2,26,4,75,7,0,1,0
1,7,0,3,0,-5,1,1,2,1,9,78,1,0,1,1
1,1,0,2,0,59,1,1,0,5,0,79,21,0,0,2
1,6,1,2,1,54,1,1,2,10,7,77,16,0,0,1
1,6,2,1,1,62,1,0,1,4,4,69,20,0,0,2
1,7,0,3,1,82,1,0,2,9,7,93,29,1,1,2
1,4,1,0,1,62,1,0,2,6,0,88,24,0,1,0
1,1,1,2,0,59,1,1,0,4,1,79,21,1,0,2
1,6,1,2,0,109,0,1,2,26,2,57,20,0,1,3
1,8,0,2,0,-9,0,0,1,17,5,99,22,1,1,2
1,5,1,0,0,87,1,0,1,10,3,77,22,0,1,3
1,11,0,3,1,127,0,0,2,27,6,78,6,1,1,3
1,3,2,1,1,62,1,0,1,4,3,70,20,0,1,2
1,10,2,3,1,-7,0,1,1,9,1,98,16,0,1,0
1,8,2,2,0,102,0,1,2,25,7,61,16,0,1,1
1,9,1,2,0,46,1,1,1,30,7,81,30,1,1,2
1,9,2,0,1,118,0,0,2,30,2,76,1,0,1,2
1,10,2,1,0,56,1,0,1,18,1,78,18,0,0,3
1,1,2,3,0,64,0,1,2,7,2,69,17,0,1,2
1,1,1,2,0,59,1,1,0,5,2,80,20,0,0,2
1,7,0,3,0,82,1,0,2,6,7,93,29,1,1,2
1,9,1,1,0,56,1,1,1,20,9,84,24,0,0,0
1,9,2,3,1,-5,1,0,1,9,1,98,16,0,0,0
1,7,1,2,1,60,0,0,0,18,3,78,15,1,1,3
1,8,2,2,1,102,0,1,2,25,7,61,17,0,1,2
1,2,2,3,1,65,0,1,2,6,2,69,17,0,1,0
1,4,2,2,0,78,1,1,0,9,0,74,3,0,0,1
1,0,2,0,1,15,1,0,1,27,8,78,5,0,1,1
1,4,2,1,1,62,0,0,1,4,5,69,20,0,0,2
1,7,1,0,1,60,0,1,1,18,3,78,16,0,1,3
1,1,1,1,1,73,0,1,0,13,6,77,15,1,1,1
1,7,1,0,1,60,0,1,0,18,0,78,15,1,1,3
1,4,2,1,1,72,1,0,0,25,11,86,21,0,1,1
1,7,0,3,1,-5,0,1,2,2,10,78,1,0,1,1
1,10,1,3,0,127,1,1,2,27,7,77,5,0,1,3
1,4,0,2,1,54,0,1,1,10,7,77,16,0,0,1
1,9,1,2,0,102,1,1,2,25,7,60,16,0,1,2
1,11,0,1,1,127,0,1,2,28,6,79,7,1,1,3
1,4,2,2,1,71,1,0,0,25,11,86,21,0,1,0
1,8,1,3,0,54,0,0,1,13,8,74,11,1,1,3
1,9,1,1,0,56,1,1,2,20,9,84,24,0,0,1
1,1,1,2,1,73,0,1,0,12,9,77,16,1,1,1
1,4,0,2,0,118,0,1,1,31,10,87,5,0,0,1
1,1,2,2,1,73,1,1,0,12,7,77,16,1,1,1
1,4,2,2,0,77,1,1,0,9,0,74,4,0,0,2
1,2,2,3,0,61,0,1,2,7,2,69,17,0,1,0
1,8,1,2,0,54,1,0,1,13,7,75,11,1,1,3
1,9,1,0,0,118,0,0,2,30,1,77,2,0,1,1
1,4,1,2,0,54,1,1,1,10,7,77,16,0,0,1
1,6,2,3,1,73,0,1,2,27,4,75,7,1,1,0
1,7,1,0,1,3,0,0,1,22,4,92,10,1,1,1
1,7,2,3,1,72,0,1,1,26,4,75,7,1,0,0
1,3,2,3,0,64,0,0,2,7,2,69,17,1,1,0
1,5,1,2,1,54,0,1,1,10,6,77,17,0,1,1
1,8,2,2,0,-9,1,0,0,17,5,99,22,1,1,2
1,4,2,3,0,77,0,0,0,9,0,74,4,0,0,1
1,6,0,1,1,55,1,1,2,13,0,91,26,0,0,1
1,8,1,2,0,54,0,0,1,13,7,74,11,1,0,3
1,9,0,1,0,145,0,0,2,23,11,89,2,1,1,1
1,6,1,1,0,168,0,0,0,1,5,97,9,0,0,1
1,8,2,2,0,102,1,1,2,26,7,62,16,1,1,2
1,0,1,2,1,72,0,1,1,12,7,77,15,1,1,1
1,5,1,2,1,66,0,1,2,14,8,74,5,0,1,3
1,7,2,1,1,64,1,0,1,13,1,75,3,0,1,2
1,5,0,2,0,108,0,0,1,26,2,57,20,0,1,3
1,1,2,3,0,97,1,1,2,31,11,61,8,1,0,0
1,0,0,2,0,44,0,0,1,29,5,72,13,1,1,1
1,4,2,1,1,62,1,0,1,4,4,70,21,1,1,2
1,11,0,2,1,128,0,1,2,27,7,78,6,1,1,3
1,1,2,2,0,97,1,1,2,31,11,61,10,1,1,0
1,4,0,2,0,118,1,1,2,31,10,87,5,0,0,3
1,0,2,0,1,16,1,1,2,27,8,78,5,1,1,1
1,10,1,2,0,99,0,1,0,28,9,55,2,0,1,3
1,3,0,3,1,31,1,0,1,30,9,71,8,0,1,1
1,8,0,3,1,-4,0,1,2,1,10,78,1,0,1,0
1,10,1,1,1,50,1,0,1,17,4,88,28,0,0,0
1,11,1,1,1,127,0,1,1,27,6,79,6,1,1,3
1,11,2,1,1,127,0,1,2,27,6,79,6,1,1,3
1,0,2,0,1,17,1,1,2,27,7,78,5,0,0,1
1,2,1,1,1,59,1,1,0,5,1,79,20,0,0,2
1,7,2,2,1,116,1,1,0,2,1,81,19,1,1,2
1,8,2,3,1,73,0,0,2,26,4,75,7,1,1,0
1,2,2,0,0,59,1,1,2,29,0,84,21,0,1,0
1,10,2,3,1,-6,1,0,2,9,1,97,16,0,1,0
1,8,2,3,1,72,0,1,1,26,5,75,7,1,1,0
1,7,0,3,0,82,1,0,2,9,7,93,29,0,1,2
1,7,1,0,1,46,0,1,1,31,5,73,22,1,0,0
1,8,2,2,0,103,1,1,2,25,7,61,16,0,0,1
1,7,0,2,0,-4,0,1,2,1,10,80,1,0,1,1
1,1,0,0,0,173,0,1,2,3,6,85,2,1,1,2
1,2,1,0,1,60,1,1,1,29,0,84,21,0,0,1
1,0,1,0,1,73,0,1,0,12,7,77,15,1,1,1
1,11,0,3,1,121,1,1,2,17,6,75,16,1,0,1
1,7,2,3,1,72,0,0,2,26,5,75,7,1,1,1
1,0,0,3,0,44,1,0,1,29,6,72,13,1,1,0
1,3,1,2,0,77,0,1,0,9,1,74,4,0,0,1
1,4,1,1,1,66,1,0,2,14,7,74,5,0,1,3
1,8,2,2,0,102,1,1,2,25,8,61,16,0,0,3
1,1,2,3,0,97,1,1,2,31,10,61,9,0,0,1
1,7,2,3,1,72,0,1,1,26,4,76,7,1,1,0
1,11,0,1,0,56,1,0,1,18,0,78,18,0,0,3
1,10,1,3,1,50,1,0,1,17,4,88,28,0,1,1
1,4,1,2,0,76,0,1,0,9,0,74,4,1,0,1
1,4,2,1,1,71,1,1,0,24,11,86,20,1,1,0
1,10,1,1,0,56,1,0,1,18,0,77,18,0,1,3
1,0,0,3,0,44,0,0,1,29,5,72,12,1,1,0
1,0,1,3,0,44,1,0,2,29,5,72,14,1,1,0
1,7,2,0,1,60,0,1,1,18,3,78,15,1,1,3
1,4,2,1,1,71,1,0,0,25,10,86,21,1,1,0
1,8,2,1,0,102,1,1,2,25,7,61,17,0,0,2
1,11,2,3,0,108,0,0,1,23,10,73,17,0,0,3
1,7,1,0,0,-8,1,1,2,4,11,89,8,1,0,2
1,7,1,2,0,47,0,1,1,31,4,73,22,0,0,0
1,1,0,2,1,73,0,1,1,12,7,77,15,0,1,1
1,3,1,2,1,73,0,1,0,12,7,77,15,1,1,0
1,6,0,0,0,98,1,0,2,29,4,61,16,0,1,0
1,0,0,3,0,44,0,0,1,29,6,72,14,1,1,0
1,7,0,2,0,55,0,1,2,13,0,91,26,0,0,1
1,10,1,3,0,68,0,1,2,18,0,82,23,1,0,3
1,10,0,2,0,56,1,0,1,18,0,78,18,0,0,3
1,1,1,2,1,73,1,0,0,12,7,77,15,1,1,0
1,10,2,2,1,-6,1,0,1,10,1,98,16,0,0,0
1,0,1,2,0,45,0,0,1,29,5,72,13,0,1,0
1,8,0,0,0,-8,1,1,2,4,11,91,8,1,0,2
1,6,0,1,1,56,0,1,2,12,0,92,26,0,0,1
1,7,1,1,0,46,0,1,1,30,5,73,22,0,0,0
