2,11,0,3,1,76,1,0,1,30,0,70,14,1,1,0
6,10,0,0,1,108,1,1,0,4,1,80,6,1,1,1
1,3,2,1,0,84,0,1,0,9,9,53,20,1,1,1
9,10,2,1,1,85,1,0,0,7,6,72,10,1,1,0
2,6,1,2,0,8,1,1,1,11,10,70,7,1,0,1
1,4,0,2,1,20,1,0,0,17,7,63,11,0,0,3
8,8,0,2,1,33,1,0,0,27,4,72,12,0,1,0
9,1,0,0,0,43,1,1,0,26,6,71,16,0,0,1
1,3,1,1,1,21,1,0,0,1,9,78,14,0,0,2
1,2,1,2,0,173,1,1,0,2,7,71,4,1,1,1
8,0,1,2,1,5,1,1,2,27,11,80,37,1,0,0
8,11,0,1,1,89,0,1,1,26,8,61,13,1,0,1
2,10,1,2,0,155,1,0,1,19,9,59,18,0,0,2
3,7,2,0,0,75,0,1,2,8,1,74,4,1,0,0
1,5,0,2,0,112,1,0,0,2,5,48,3,0,0,1
6,2,1,3,1,19,0,0,1,9,9,78,1,1,1,0
7,11,1,3,0,85,0,1,0,21,3,43,21,1,0,0
6,7,2,0,0,93,0,1,2,22,4,67,11,0,0,0
2,6,2,0,0,22,0,1,0,22,3,60,10,0,1,1
4,2,2,2,1,79,1,0,0,1,2,84,10,0,0,1
2,0,1,2,0,84,1,1,2,31,7,84,51,1,1,0
3,0,2,1,0,79,1,1,0,26,10,99,31,1,1,1
4,11,0,1,0,155,0,1,2,17,4,83,7,1,1,1
1,2,1,1,0,-17,1,1,2,17,5,77,2,1,1,1
4,2,1,2,1,171,1,1,0,1,0,79,4,0,0,1
4,5,1,3,0,165,1,1,0,24,5,60,9,0,0,1
2,10,2,1,1,85,1,0,1,31,5,55,15,1,0,0
6,8,1,0,1,155,0,1,0,22,1,57,10,0,0,0
1,3,0,2,1,112,0,1,2,19,6,58,9,0,0,0
3,8,0,3,0,155,1,0,0,30,0,74,10,1,1,0
9,1,2,3,1,54,1,1,0,23,7,57,5,1,0,0
1,10,1,0,1,36,0,0,0,26,2,53,2,0,0,1
2,4,1,2,0,178,1,0,0,1,0,74,4,0,0,1
9,4,1,1,1,62,1,1,1,14,8,52,2,1,0,0
1,10,0,1,1,75,1,0,2,9,2,47,3,0,0,0
2,8,0,1,1,15,0,0,2,28,6,47,12,1,1,2
3,0,2,3,0,-14,0,0,1,5,9,48,1,1,0,0
1,6,2,2,1,165,0,0,2,21,2,39,2,0,1,1
1,9,1,0,1,38,0,1,0,26,8,67,26,0,0,2
9,5,2,3,0,99,1,0,2,31,11,59,9,1,1,0
3,7,1,1,1,126,1,0,2,25,4,64,1,0,0,1
1,9,0,0,1,-5,0,1,0,10,11,47,6,1,0,2
4,8,2,2,1,161,1,1,1,22,1,76,9,1,1,1
7,9,1,1,1,107,1,0,1,26,5,49,12,0,1,1
6,10,2,1,1,-1,1,0,1,23,4,81,7,0,0,1
7,5,0,1,1,17,0,1,2,29,10,64,9,0,1,2
5,9,2,3,0,108,0,1,0,3,2,47,5,0,1,0
2,8,2,1,1,42,1,1,0,22,10,63,8,1,0,1
1,8,2,2,0,167,1,1,0,2,7,75,3,0,1,1
4,3,0,3,1,157,0,1,0,1,4,70,3,1,0,1
1,11,0,2,0,38,0,1,0,25,1,76,1,1,1,0
1,6,1,3,0,62,1,1,1,1,6,74,28,1,1,0
2,2,1,2,0,71,1,1,0,21,10,56,17,1,1,2
1,9,1,3,1,58,1,1,0,22,10,82,28,1,1,2
9,10,1,2,0,46,0,0,1,11,9,92,48,1,1,1
5,2,2,0,1,166,0,0,0,25,10,58,15,0,1,0
2,2,1,1,1,168,0,0,1,16,5,68,47,0,0,1
7,2,0,3,0,140,1,1,0,2,2,43,8,0,0,0
1,1,2,0,1,61,0,0,1,12,5,56,20,0,0,1
2,9,1,2,0,130,0,0,2,3,9,38,10,0,1,0
5,6,0,1,1,74,1,1,2,17,5,61,3,1,0,3
1,4,0,3,0,42,0,1,0,13,0,76,6,0,0,1
7,2,2,1,0,-12,0,1,1,26,5,77,5,0,0,1
5,3,2,3,0,131,0,0,0,20,11,54,9,0,0,0
2,2,1,0,1,5,1,1,1,1,3,88,19,1,1,0
4,8,0,1,1,53,1,1,1,10,10,70,31,1,1,3
9,11,2,3,0,57,1,1,2,17,11,64,13,0,1,0
3,4,1,0,1,108,1,0,1,1,5,55,9,0,0,0
3,9,0,2,0,41,1,0,1,31,7,62,23,0,0,1
4,0,2,1,1,35,0,0,1,10,7,66,9,0,1,1
9,4,0,2,1,149,0,1,0,11,9,62,12,0,1,0
2,0,2,0,0,166,1,0,1,2,4,68,9,0,0,1
9,7,1,2,0,29,0,1,0,25,9,80,11,0,1,1
1,1,1,1,1,71,0,0,1,8,7,75,7,1,1,0
6,9,2,0,0,46,0,1,1,16,1,94,9,1,1,2
3,4,1,2,0,78,1,1,0,1,0,65,11,1,1,0
3,9,1,2,0,112,1,0,0,5,6,78,13,1,1,1
2,0,2,0,1,45,0,1,0,15,7,85,11,0,1,1
8,11,0,1,1,-9,0,1,0,18,8,57,2,1,0,3
2,6,0,3,0,122,1,1,2,8,3,60,7,0,0,1
2,5,2,2,0,39,0,0,1,29,5,63,11,1,1,1
9,7,0,1,0,46,0,1,0,31,7,68,23,1,1,0
1,11,2,1,1,176,1,1,2,1,0,47,19,1,0,2
2,7,1,1,1,47,1,1,2,30,4,60,8,1,1,3
2,10,0,2,0,102,1,0,0,20,6,67,7,1,1,1
9,2,2,2,1,113,1,0,2,21,6,67,1,1,1,0
1,1,0,0,1,103,1,1,1,3,6,77,10,0,0,0
8,4,0,3,0,57,1,0,0,28,9,60,9,1,1,2
8,5,0,3,0,71,1,0,0,19,4,71,8,0,0,1
9,7,2,1,1,62,0,1,1,25,10,63,13,0,1,1
1,8,1,0,1,21,1,1,1,19,2,69,15,0,0,3
6,6,2,0,1,99,1,1,1,21,3,70,10,1,1,0
3,3,1,1,0,169,1,0,0,27,11,84,31,0,1,3
5,4,2,1,0,41,1,0,2,21,9,63,10,0,1,0
2,4,2,2,0,52,1,1,0,24,7,78,14,1,1,0
4,2,1,3,0,3,1,0,1,21,3,63,3,1,0,0
7,8,2,1,1,60,1,0,0,30,7,78,18,0,1,1
1,7,0,3,1,26,1,0,1,29,0,87,15,1,0,1
1,0,2,1,0,140,1,0,1,1,7,62,3,1,0,0
1,11,1,1,1,85,1,0,1,4,6,47,13,1,0,1
6,4,2,3,1,170,1,1,2,7,6,70,9,1,0,1
3,2,2,1,1,8,1,0,1,31,4,76,33,1,0,0
7,6,0,3,0,53,0,1,1,30,4,55,12,0,1,1
9,4,2,1,1,26,1,1,0,3,6,77,18,1,1,2
4,8,2,0,0,42,1,0,0,25,5,54,9,1,0,0
1,9,2,2,0,178,1,1,1,1,0,69,10,1,0,0
9,0,1,3,0,46,1,0,0,31,11,56,13,1,1,0
2,11,2,0,0,146,1,1,1,21,11,53,10,0,0,2
3,8,2,1,1,24,0,0,1,24,7,87,1,0,1,0
5,10,0,2,1,56,1,1,0,20,4,72,3,0,0,2
5,1,2,3,1,43,1,0,0,20,4,65,40,0,0,2
2,7,2,1,0,64,1,1,2,19,11,77,7,1,0,0
9,8,2,2,0,154,0,1,1,7,2,61,8,0,1,0
1,5,2,3,0,116,1,1,0,15,3,70,6,0,0,1
8,1,1,1,0,-11,0,0,2,9,9,57,13,0,0,3
8,11,2,1,0,160,0,1,2,10,5,74,13,0,0,1
9,9,0,2,0,176,0,1,2,1,9,52,2,0,0,0
4,5,2,1,0,130,1,1,0,27,7,38,4,1,1,1
1,9,1,0,1,117,0,0,1,15,2,77,9,0,0,0
2,2,0,1,1,68,0,0,2,4,5,64,7,0,0,1
8,4,0,2,0,157,0,0,0,22,8,48,10,0,1,1
8,8,2,1,1,121,0,0,0,3,11,75,2,1,0,0
1,7,2,1,1,-4,1,1,0,30,1,90,5,1,0,1
1,4,2,0,0,9,0,0,1,3,3,80,5,0,1,1
5,6,2,0,1,136,0,0,0,28,1,66,5,0,0,0
8,10,0,3,0,100,1,1,0,16,10,68,24,0,0,1
9,4,0,2,0,65,0,0,1,7,3,71,40,0,1,1
2,1,2,0,1,172,1,1,2,21,8,78,18,1,0,2
1,11,1,1,1,34,0,0,2,9,8,62,16,1,0,1
2,2,2,2,0,-4,1,0,1,21,3,47,1,1,1,1
1,9,2,1,0,119,0,1,1,21,1,52,7,1,0,0
4,4,0,0,0,51,1,1,1,12,7,66,33,1,0,0
9,2,0,0,1,77,1,0,1,14,10,55,2,0,0,3
3,8,1,0,1,107,1,0,2,3,2,67,6,1,0,0
1,6,1,3,1,157,1,1,2,11,11,51,14,1,0,2
8,1,0,2,0,101,1,1,1,31,8,63,14,1,1,0
2,9,2,3,1,54,0,0,0,1,2,61,19,0,1,1
4,9,2,1,1,66,0,1,1,11,0,62,5,1,1,0
3,5,1,2,1,68,1,1,1,26,2,55,8,0,0,1
8,11,1,2,1,128,0,1,1,19,11,61,3,1,0,0
8,5,2,1,0,65,1,0,2,2,10,59,4,1,1,0
4,10,1,2,0,113,0,0,0,26,6,70,11,1,0,2
1,4,2,1,0,97,1,0,0,26,0,80,1,0,1,1
2,8,0,1,1,157,0,1,1,14,11,76,11,0,0,1
4,5,2,1,0,41,0,0,0,30,3,54,2,1,0,0
9,0,0,1,0,74,1,0,2,4,2,64,1,0,0,0
3,4,0,0,0,149,0,1,1,16,2,50,9,0,0,1
8,5,0,1,0,126,1,1,0,13,9,75,28,0,0,1
8,0,1,3,0,61,1,0,0,28,3,93,5,0,0,1
3,1,2,0,0,176,0,0,0,31,8,70,16,1,0,1
5,7,1,2,1,134,0,1,0,4,8,62,16,1,0,1
1,3,0,0,0,41,0,0,0,16,0,61,7,0,1,1
5,0,1,0,0,73,1,0,1,24,10,43,6,1,0,0
7,6,0,2,1,100,1,0,0,3,11,57,11,1,1,0
8,3,2,0,1,130,0,1,0,20,4,57,26,1,0,1
9,9,0,0,0,118,0,0,0,28,7,85,29,0,1,0
1,2,2,3,1,68,0,0,0,30,10,48,12,1,0,0
2,11,0,3,1,8,1,1,1,31,3,62,4,0,0,1
5,0,2,3,1,15,1,1,0,24,3,78,18,1,0,0
1,3,1,0,0,81,1,1,0,25,10,76,24,0,0,1
3,7,2,1,0,108,0,1,1,9,2,49,3,1,1,0
9,6,2,3,1,110,1,0,0,3,4,58,4,0,1,0
7,4,2,3,0,24,0,1,1,15,1,78,11,1,1,0
9,4,0,3,0,80,1,0,0,17,2,83,5,1,1,2
9,10,2,0,0,163,1,1,0,6,0,59,15,0,1,1
5,4,1,0,1,49,0,0,1,25,6,64,4,1,0,0
1,6,1,1,0,22,1,0,2,12,4,64,32,0,1,2
9,6,0,3,0,31,1,0,1,22,7,83,10,1,1,2
1,5,0,0,1,169,0,1,2,7,6,65,3,1,1,0
2,4,1,3,1,159,1,0,0,4,3,63,5,1,1,1
4,0,0,1,1,112,1,1,0,20,11,51,15,0,1,2
1,1,0,0,0,114,1,1,1,15,10,67,2,1,1,1
9,4,2,0,1,34,0,0,2,26,7,65,8,0,1,0
1,3,2,2,0,48,0,0,0,24,3,38,5,1,1,1
1,2,0,0,1,-11,1,1,1,22,1,94,13,1,0,2
5,4,2,3,1,72,1,0,0,4,3,67,20,1,0,0
9,8,2,2,0,102,0,1,0,15,7,73,32,0,1,1
9,0,2,0,1,59,1,0,2,20,7,67,20,1,1,0
1,1,0,0,0,43,1,1,0,16,1,65,9,1,0,0
3,6,0,1,1,132,1,0,0,30,11,39,6,1,0,0
1,8,2,3,0,166,0,0,1,27,1,45,4,1,0,0
6,8,0,3,0,52,1,0,2,24,4,62,10,0,1,1
2,4,1,0,0,109,1,1,1,25,0,73,10,0,1,0
4,4,0,3,0,90,1,0,2,16,5,72,1,1,1,2
2,0,0,3,0,146,1,1,0,27,3,43,6,1,0,3
1,9,0,2,1,59,1,0,2,4,11,61,17,0,0,3
6,0,0,2,1,114,1,0,0,17,9,69,11,1,1,0
5,5,2,3,0,67,0,0,0,8,3,89,6,1,1,0
3,11,2,0,0,16,0,1,1,29,2,49,10,1,0,1
9,7,0,0,1,178,1,0,1,25,7,73,7,0,1,1
1,0,2,3,0,147,1,0,0,2,5,65,2,0,1,0
4,11,2,2,0,107,0,1,2,9,9,56,3,1,0,0
1,7,1,1,0,19,1,1,1,30,0,74,39,0,0,0
3,10,1,3,1,126,1,1,1,31,6,71,23,0,1,1
1,0,0,3,1,33,0,0,2,23,11,75,9,1,1,0
1,4,0,2,1,178,0,1,0,23,3,61,9,0,0,2
8,5,2,2,0,170,1,1,2,12,10,67,32,1,0,1
9,10,1,1,1,61,1,1,2,24,10,66,2,1,1,1
3,4,2,0,0,15,1,1,1,10,4,95,20,0,0,1
2,9,0,3,1,130,0,1,1,15,5,48,7,0,0,2
1,0,2,3,1,166,0,0,0,5,8,62,9,0,0,1
3,6,1,2,1,178,0,1,2,26,2,54,3,1,1,0
7,10,0,3,0,100,1,1,0,25,11,61,12,0,0,1
1,10,1,1,0,45,0,1,2,29,2,45,27,0,0,1
3,10,2,1,0,40,1,0,1,5,9,48,9,1,1,1
4,1,2,0,1,107,1,0,0,2,3,65,9,1,1,0
6,1,1,0,1,64,0,1,2,19,0,61,3,0,1,0
2,9,2,3,1,9,1,1,1,19,11,70,29,1,0,1
8,9,0,3,0,138,1,1,2,24,10,74,18,1,1,2
6,5,2,0,0,63,1,0,0,30,0,88,7,1,0,3
1,10,0,0,0,137,0,1,2,9,10,54,18,0,0,0
7,6,2,3,1,134,1,0,2,18,7,68,2,1,1,0
2,4,0,1,0,161,1,0,1,1,6,72,2,1,1,0
3,3,2,2,1,44,1,0,1,28,11,82,10,1,0,0
9,2,1,3,1,164,1,0,1,25,11,53,8,0,1,2
3,6,1,3,0,56,1,1,1,20,11,64,8,1,1,0
2,11,0,2,1,105,0,1,1,2,3,67,10,0,1,0
3,1,1,3,0,-6,0,1,1,3,4,64,1,1,0,1
9,10,2,1,1,77,1,1,2,27,11,58,5,0,0,0
2,6,1,2,0,88,1,1,1,14,3,61,43,0,1,0
1,0,0,3,0,146,1,1,0,7,5,82,11,1,0,2
3,11,2,1,1,59,1,0,1,18,1,67,3,1,0,0
1,6,2,1,0,125,0,0,2,30,0,60,5,1,1,2
1,4,0,0,1,65,1,1,1,22,3,65,28,1,1,1
3,0,2,2,0,161,1,1,1,27,11,52,10,1,0,1
2,8,0,0,1,84,0,0,0,29,1,41,3,1,1,0
5,10,2,1,0,48,1,0,1,19,9,59,12,1,1,1
2,2,1,0,1,79,0,0,1,11,7,58,20,0,1,0
1,11,2,1,0,108,0,1,2,26,7,55,12,1,0,1
7,2,2,0,1,0,1,1,1,31,5,54,8,0,1,0
1,3,2,2,1,37,0,0,0,17,2,94,39,1,0,1
3,11,1,3,1,60,0,0,0,13,4,90,32,0,1,1
7,3,0,3,1,97,1,0,0,17,6,62,5,0,0,1
6,5,0,1,1,68,0,1,2,25,4,63,19,0,1,1
1,2,1,2,0,133,1,1,1,12,7,61,9,0,0,1
3,10,0,3,0,125,0,0,0,15,8,49,30,1,0,2
1,9,0,2,0,134,1,1,0,6,2,82,9,0,1,2
1,2,0,1,1,72,0,0,0,1,6,53,6,0,0,0
5,0,1,2,0,100,1,0,1,21,11,39,7,0,0,0
4,9,1,3,1,69,0,1,0,22,4,52,33,0,1,2
9,0,2,2,1,97,1,1,1,17,3,40,17,1,0,1
8,2,1,0,1,35,0,0,1,31,8,56,8,1,0,0
2,1,2,0,1,50,0,0,2,26,4,52,31,0,1,1
3,9,1,0,0,81,1,0,0,30,10,73,26,1,0,2
7,10,0,2,0,174,1,0,2,21,6,83,4,0,0,1
3,11,1,2,1,57,0,1,0,20,1,69,35,1,1,2
1,4,0,2,1,162,0,1,0,11,8,67,16,0,1,2
2,4,1,3,0,44,0,1,2,22,4,69,56,1,1,1
2,2,0,1,0,175,0,0,1,9,5,49,8,1,1,2
5,4,2,1,1,76,1,0,0,10,9,69,6,0,1,0
1,8,2,0,1,73,1,0,1,3,0,52,15,0,0,0
1,0,2,3,0,37,1,1,1,27,2,69,24,0,0,0
9,0,1,3,0,26,1,0,2,6,3,56,10,1,0,0
1,5,1,2,1,126,1,1,2,2,5,57,2,0,0,2
1,3,0,0,1,128,0,0,1,17,7,52,12,0,1,1
7,1,1,1,1,105,0,0,0,8,9,52,10,1,1,0
6,10,1,2,1,14,1,1,1,24,9,70,2,1,0,1
1,4,0,1,1,149,1,0,1,30,2,64,8,1,1,0
4,5,2,0,0,14,1,1,2,9,0,21,1,0,1,3
9,7,1,1,1,-2,1,0,2,26,1,90,11,1,1,0
8,5,2,3,0,69,1,0,2,6,3,81,1,1,1,0
1,8,0,2,1,40,1,0,2,18,6,58,26,0,1,3
1,8,2,0,0,86,0,0,1,22,1,66,3,0,0,0
3,10,0,0,0,17,1,1,0,25,6,86,21,1,0,2
1,3,1,0,0,69,0,1,1,21,7,67,41,1,1,1
8,9,0,3,1,75,0,1,1,22,9,50,8,1,0,0
5,5,2,3,1,149,1,0,1,30,10,44,9,0,1,0
3,8,1,0,1,24,0,1,0,26,8,51,8,0,1,1
1,10,0,1,1,90,1,1,2,22,6,76,5,1,0,1
7,2,0,1,0,57,0,1,0,15,8,56,15,1,0,1
7,1,0,0,1,52,0,1,1,21,5,56,5,1,1,0
4,0,0,2,0,96,0,0,1,29,8,71,1,0,0,1
9,9,2,2,0,143,0,0,1,26,11,72,12,1,1,0
1,0,1,1,0,147,1,1,1,14,1,52,4,1,0,2
9,6,1,0,0,80,1,1,0,1,9,78,33,1,0,1
1,6,2,3,0,99,1,0,0,27,11,76,20,1,0,0
2,0,0,0,0,95,0,1,0,12,6,50,5,1,1,2
7,8,1,3,1,69,1,1,0,12,8,61,23,1,0,2
8,10,1,3,0,143,1,0,2,29,5,58,26,0,1,2
4,0,2,1,0,105,0,0,1,10,9,44,6,0,0,0
5,11,1,1,0,17,1,0,0,5,9,78,31,1,0,0
6,4,2,2,1,-5,0,1,0,1,8,57,7,0,0,1
9,1,2,0,1,38,0,0,0,17,10,83,29,1,1,0
2,10,2,1,1,134,1,0,0,1,6,79,11,0,1,1
1,2,2,0,1,108,1,1,1,2,6,55,12,0,1,0
7,11,0,2,0,20,1,1,0,19,11,65,1,1,0,0
8,9,2,1,1,60,1,0,1,27,6,47,11,0,1,0
1,1,0,0,0,162,1,0,1,5,11,78,5,0,1,1
5,0,0,2,1,58,0,1,1,29,8,79,36,1,0,2
9,9,1,1,0,3,1,1,2,7,8,91,26,1,1,2
4,10,2,2,0,173,0,1,0,17,1,41,21,1,1,1
1,1,1,2,0,171,1,0,1,9,4,72,10,1,0,1
1,9,2,0,0,51,0,1,2,22,5,49,10,1,1,1
1,11,1,2,0,23,1,0,1,17,6,56,32,0,0,3
2,5,2,2,1,100,1,0,1,23,1,54,6,0,1,0
2,5,0,2,1,71,0,0,0,7,2,48,1,1,1,1
6,1,2,3,1,11,0,0,0,6,9,79,2,0,1,0
2,5,0,1,1,77,1,0,2,18,1,59,4,0,0,0
1,4,1,2,1,21,1,1,0,13,8,79,30,1,0,0
7,4,0,1,0,82,1,0,0,31,6,64,14,1,0,1
7,3,1,2,1,165,0,0,2,9,5,62,3,0,0,0
7,4,2,3,0,42,1,1,2,31,5,59,2,1,1,0
2,2,1,0,1,12,1,0,0,21,10,49,1,1,0,1
1,0,2,3,0,153,0,1,2,13,7,52,8,1,1,0
6,4,1,2,0,43,1,1,1,5,9,64,13,0,1,1
1,11,0,3,1,-8,0,0,0,31,0,76,31,1,0,2
2,6,2,1,0,23,0,0,0,20,2,73,13,1,0,2
9,4,0,1,1,6,1,0,0,28,6,74,10,0,1,2
9,1,1,2,0,57,0,1,1,19,6,72,6,1,1,1
1,0,0,2,1,42,1,0,0,17,0,82,11,0,0,1
1,0,1,2,0,34,0,0,0,30,8,42,7,1,0,1
2,11,0,0,1,36,0,0,1,2,11,69,20,1,0,2
6,11,0,2,1,54,1,1,1,8,4,63,30,0,0,1
9,10,0,0,1,59,0,0,0,14,3,66,18,1,1,1
3,8,0,3,1,7,0,1,1,17,1,84,26,0,1,1
2,9,0,0,1,118,0,1,2,20,7,59,4,1,0,2
3,1,2,1,1,53,1,0,1,7,3,80,3,0,1,2
9,9,2,3,1,115,1,0,0,27,7,73,16,0,0,0
2,10,2,2,0,31,0,0,1,11,1,50,6,1,1,1
2,2,0,1,1,164,0,0,1,11,2,60,6,0,0,1
1,5,2,0,0,110,0,0,0,25,0,58,11,1,0,0
7,2,1,1,0,67,0,1,0,14,1,84,3,0,0,1
1,0,0,0,1,85,0,1,2,26,4,46,8,1,1,0
1,11,0,0,0,22,1,1,0,19,0,65,3,0,0,3
8,10,1,0,1,84,0,1,2,29,5,62,10,1,1,1
3,11,0,0,1,49,0,0,0,31,5,60,4,1,0,1
8,9,2,1,1,43,1,1,0,14,6,98,10,1,1,1
3,1,2,2,0,178,1,0,0,24,8,58,11,1,0,1
9,3,2,0,1,25,1,1,0,26,11,59,7,0,1,1
8,4,2,1,1,15,0,1,2,28,3,49,17,0,1,2
1,0,0,3,0,136,1,1,1,6,3,57,11,1,1,0
7,11,2,0,1,28,1,0,1,1,3,77,40,1,1,1
3,2,2,3,1,77,0,1,1,16,7,69,35,1,1,0
5,3,1,3,0,65,1,1,0,16,3,72,8,0,1,0
7,9,0,2,1,62,1,1,0,5,7,78,31,0,1,2
7,10,1,1,0,68,1,0,1,30,8,57,8,1,1,1
9,5,1,1,1,39,1,1,0,21,7,81,8,1,1,1
1,9,2,2,1,135,1,0,1,18,1,51,3,1,1,1
7,7,2,3,0,171,0,0,1,21,7,66,36,1,1,0
1,4,0,0,0,88,0,0,2,5,2,69,2,1,1,0
8,5,1,0,1,31,1,0,0,27,0,96,1,0,0,1
5,0,2,1,0,161,1,0,0,24,7,57,11,1,0,0
2,2,1,3,0,101,1,0,1,18,7,60,15,1,0,2
9,0,0,2,1,65,0,0,2,13,0,73,4,0,0,0
9,7,2,1,1,53,1,1,0,21,2,68,5,0,0,1
7,0,1,0,1,99,0,1,1,16,7,57,3,1,0,0
5,9,0,1,1,118,0,1,1,11,9,64,6,0,1,0
8,1,2,2,0,70,0,0,1,12,7,70,7,1,0,1
9,11,0,0,1,32,0,1,2,31,8,64,9,1,1,1
1,7,0,0,1,145,0,1,0,3,4,79,7,1,0,1
1,5,0,0,0,121,0,1,0,19,11,55,4,0,1,0
7,4,2,1,1,26,0,1,2,22,4,66,3,0,0,1
8,2,1,2,1,166,1,1,1,30,5,72,14,0,1,1
6,9,1,3,1,26,0,1,0,22,6,61,11,0,0,0
2,11,0,2,1,111,1,1,1,18,0,49,11,1,1,0
8,9,2,3,0,64,0,1,2,13,9,57,2,1,1,1
6,8,2,1,0,64,1,0,0,31,8,56,14,1,1,0
1,6,0,1,0,20,1,1,0,28,7,72,16,1,1,2
9,4,0,2,1,127,0,0,1,4,7,56,8,1,0,0
9,4,2,0,1,118,1,0,0,23,4,90,6,1,1,2
1,8,0,1,1,140,1,0,0,2,5,69,1,1,1,1
1,11,1,2,0,172,1,1,0,13,5,98,1,1,1,0
1,9,2,2,0,66,1,0,2,15,8,61,5,0,1,1
8,5,1,2,0,132,1,0,0,5,8,69,3,1,1,1
1,10,0,0,1,57,1,0,1,16,0,57,27,0,0,0
2,8,0,0,1,136,1,0,0,5,6,66,12,0,1,1
6,7,1,0,1,40,1,1,1,14,6,57,28,1,1,3
2,10,0,3,0,90,1,0,2,25,0,66,7,1,1,0
2,7,1,3,0,32,0,0,1,20,0,80,1,0,1,0
1,10,1,3,0,121,1,1,2,4,3,65,1,0,0,0
7,9,1,2,1,80,0,0,1,26,7,53,14,0,1,0
4,10,1,2,1,48,1,0,2,3,3,69,9,0,0,0
4,9,2,0,0,115,1,1,0,3,1,69,4,1,1,0
2,11,2,1,1,173,1,1,2,1,9,77,8,0,0,0
1,9,0,2,1,158,0,1,1,1,9,69,12,1,1,0
8,3,0,0,0,47,0,1,2,28,6,52,12,0,0,0
8,8,2,0,1,30,1,0,1,7,10,53,12,0,0,0
4,10,1,1,1,31,0,1,0,7,4,86,1,1,1,0
7,9,2,3,0,157,1,0,1,10,4,99,10,0,0,0
6,11,2,1,1,66,1,1,0,28,10,66,18,0,1,0
9,8,2,1,0,29,0,1,2,19,1,65,9,1,1,0
2,1,2,3,1,141,1,0,2,13,1,47,3,1,1,2
2,2,1,2,0,64,0,1,2,3,6,47,2,0,1,1
7,6,2,2,0,65,1,0,2,4,6,71,3,1,1,1
8,10,1,3,1,95,0,0,0,20,11,53,7,1,0,0
1,4,1,2,1,11,0,0,0,5,2,81,9,1,1,0
4,5,0,3,0,171,0,0,0,13,3,76,5,1,0,2
3,7,0,3,0,36,1,0,0,13,11,42,18,1,0,1
6,7,2,0,1,135,0,0,1,24,9,55,6,0,0,1
1,9,2,0,0,45,1,1,1,14,7,80,46,0,0,2
2,3,1,1,1,120,1,1,0,10,11,69,4,0,0,0
5,0,2,1,0,58,0,1,2,26,5,47,38,0,0,0
8,11,1,1,0,167,0,0,1,5,7,67,7,0,1,1
1,1,1,3,0,137,1,0,1,28,11,52,8,0,0,0
7,7,2,1,0,39,0,0,0,16,11,80,15,1,1,1
6,1,1,3,0,44,1,0,0,22,10,69,14,1,1,1
8,2,2,3,1,170,0,0,0,24,7,86,53,0,1,0
9,11,0,3,1,166,0,0,2,20,9,76,2,1,0,0
1,10,0,0,0,70,1,0,1,12,2,50,7,0,0,1
2,6,1,2,1,143,1,0,1,2,6,54,10,1,1,1
6,4,2,0,1,122,1,0,1,2,6,72,8,0,0,0
1,4,2,2,1,111,1,0,0,1,3,84,8,0,0,1
7,2,1,2,0,65,0,1,0,12,6,79,35,1,1,0
7,2,1,1,0,178,0,0,0,5,9,48,5,1,1,0
7,5,0,2,0,59,1,0,0,14,7,72,10,0,0,0
8,3,0,2,0,175,1,0,0,6,11,79,31,1,1,3
2,8,2,0,1,81,1,0,0,11,7,64,1,0,0,0
6,6,0,2,0,48,1,0,0,22,6,79,11,0,1,3
7,11,0,1,1,71,0,1,2,24,10,63,11,0,1,1
1,7,1,2,1,166,1,1,1,2,7,59,1,1,0,1
3,7,1,2,1,145,1,0,2,9,5,66,10,0,1,1
3,6,1,1,1,9,1,0,2,15,6,46,26,1,0,3
5,6,0,1,0,136,1,0,2,19,1,74,2,0,1,1
7,7,2,0,0,161,1,0,2,28,1,72,4,0,1,0
1,0,2,0,1,39,0,0,0,28,0,72,45,0,1,1
1,10,1,3,1,138,1,0,1,30,10,52,18,0,1,2
2,1,0,0,1,85,0,0,0,13,0,67,3,0,0,0
3,11,2,3,0,23,0,1,0,20,4,85,35,1,1,1
9,0,0,1,0,74,1,1,1,1,8,52,14,1,0,1
4,8,1,3,1,10,1,1,0,27,9,68,8,0,0,0
7,11,0,3,1,28,1,0,0,31,10,53,10,1,1,0
9,9,1,0,1,163,0,1,0,7,1,73,8,0,0,0
7,4,2,1,0,141,1,1,1,15,10,92,10,0,1,0
7,4,2,3,1,179,1,0,0,6,11,60,14,1,1,0
6,1,0,3,0,108,1,1,2,26,8,79,17,0,0,1
9,10,2,0,1,32,1,0,1,31,7,57,8,1,0,0
7,7,0,2,0,135,0,0,0,19,5,73,4,1,1,0
1,1,0,1,0,94,0,1,0,9,8,66,10,1,1,0
3,3,0,0,1,163,0,0,1,14,8,51,4,1,0,1
4,3,0,1,0,43,0,0,0,31,2,53,20,0,0,0
3,6,1,2,1,109,1,0,1,28,3,31,2,0,0,2
1,5,2,2,1,149,1,0,0,1,2,58,7,1,1,0
1,6,2,0,0,159,1,1,2,1,4,50,2,1,1,0
6,5,0,3,1,42,1,1,0,30,1,63,33,0,0,0
1,2,1,3,1,171,0,1,1,21,0,56,2,0,0,1
7,7,2,2,1,35,0,0,1,30,10,66,12,0,0,0
1,5,1,2,1,34,0,0,2,30,1,39,23,1,1,0
6,6,0,2,0,48,0,1,2,26,1,66,8,1,1,1
3,3,0,2,0,157,0,1,0,15,4,66,10,0,1,1
1,5,2,1,1,168,1,0,0,4,11,53,3,1,0,1
2,0,2,2,0,65,1,1,1,3,6,66,10,0,1,0
4,11,1,0,0,15,1,1,2,29,6,61,9,0,0,1
1,0,1,1,0,141,0,0,1,20,11,57,10,1,1,0
7,9,1,2,0,136,0,0,0,15,3,56,7,0,1,3
6,8,0,2,0,62,0,0,2,29,9,63,15,1,1,0
8,2,0,0,0,108,0,0,1,4,2,83,56,1,0,0
1,10,1,0,0,159,1,0,1,6,1,72,3,1,0,1
7,8,0,2,1,-5,1,1,1,22,6,62,19,0,1,2
2,1,2,1,0,39,1,1,0,15,5,99,21,1,0,0
6,10,0,0,1,127,0,1,1,23,11,84,22,1,1,0
8,3,0,2,1,105,1,0,1,23,7,63,9,1,1,1
7,2,2,3,0,7,1,0,0,2,5,72,8,1,0,1
3,6,1,2,1,5,1,0,2,29,4,54,6,1,0,0
1,10,1,0,1,162,1,0,2,1,1,62,8,0,0,3
1,3,2,3,1,166,1,0,0,5,7,71,2,1,0,2
2,6,2,0,1,74,1,0,2,22,9,65,23,0,0,1
4,0,2,1,1,64,1,0,2,5,0,73,1,0,1,0
3,3,1,0,1,50,0,1,0,26,8,97,45,0,1,1
8,4,2,2,0,84,1,1,1,10,8,71,12,1,1,0
4,3,1,1,0,166,1,1,1,5,3,66,1,0,0,1
5,10,2,3,1,65,0,0,1,17,4,60,6,0,0,0
9,6,1,3,1,32,0,0,2,31,10,67,9,1,1,1
7,4,1,2,0,29,0,1,1,12,4,69,24,1,1,1
2,2,1,1,1,101,0,1,0,4,5,53,4,0,1,2
8,2,0,0,0,94,1,1,0,3,4,67,10,0,0,1
7,3,0,0,0,113,1,0,0,30,4,57,8,0,1,1
1,2,0,2,1,172,0,1,0,26,6,57,12,1,1,1
9,0,1,1,1,19,1,1,1,6,7,55,9,1,1,0
9,4,1,2,1,34,0,1,0,29,7,39,8,1,0,0
7,8,1,1,1,145,0,0,0,31,3,54,1,0,0,0
5,9,1,1,0,89,1,0,2,14,9,57,21,1,1,0
1,6,1,1,1,164,1,0,2,14,6,66,36,0,1,2
8,11,0,2,1,52,0,0,0,24,8,48,7,1,0,0
7,5,2,3,0,21,1,1,0,20,6,66,11,0,0,0
8,1,0,1,1,142,1,1,0,31,7,63,21,0,1,1
9,10,1,1,0,129,1,1,1,25,8,52,10,0,0,0
8,2,2,3,1,64,1,1,2,16,2,69,7,0,1,0
4,9,2,1,1,44,0,1,0,28,5,72,35,0,0,0
1,10,1,0,0,61,1,0,2,16,3,54,9,1,1,1
9,2,1,0,1,41,0,1,1,31,8,66,12,0,1,0
2,3,1,1,1,41,1,1,1,1,1,61,25,0,1,0
1,0,2,1,1,168,0,0,1,11,9,62,4,1,0,1
3,6,2,2,0,10,1,1,2,17,4,64,2,1,0,3
6,10,0,3,0,22,1,1,1,25,10,52,7,1,1,1
2,11,0,1,1,104,1,0,2,29,8,68,29,1,0,3
4,10,0,3,0,116,1,1,2,1,6,58,11,0,0,0
3,5,0,3,1,62,1,0,1,15,7,47,9,0,1,2
4,6,1,2,0,86,0,1,1,3,1,75,2,0,1,2
4,9,2,0,0,170,0,1,1,16,3,70,9,0,0,1
9,5,1,3,1,64,0,1,0,9,2,67,10,1,1,1
1,5,2,3,0,16,1,1,1,16,4,71,24,0,1,0
1,7,2,0,0,39,1,0,0,22,5,99,31,0,1,1
2,0,0,2,0,63,0,1,0,2,2,71,6,1,0,1
1,11,0,3,1,175,1,0,2,4,4,60,1,1,0,1
3,4,0,2,1,119,0,1,2,18,11,49,4,1,1,1
1,0,0,3,1,56,1,0,1,23,2,83,3,1,0,0
9,4,1,3,0,51,1,0,1,22,7,67,6,1,1,1
6,8,1,1,1,146,1,1,1,22,11,71,16,1,1,2
3,2,1,0,1,64,1,0,0,7,11,63,19,1,1,1
8,2,0,2,0,8,0,0,0,21,7,64,1,0,0,0
6,8,0,0,1,45,0,1,1,23,10,70,8,1,0,0
8,5,0,0,1,137,0,0,2,18,7,85,10,1,1,0
7,7,1,1,0,76,1,0,0,28,7,84,27,0,1,1
9,7,0,3,0,56,0,0,0,26,8,65,21,0,0,0
2,11,0,0,0,160,1,1,1,12,3,63,11,1,0,1
8,3,1,3,1,27,1,1,0,31,7,64,13,0,0,1
1,2,0,0,1,163,0,1,1,30,2,40,5,1,1,1
2,4,2,0,1,83,1,1,0,18,3,77,10,0,0,2
2,0,1,0,1,62,0,1,0,17,7,77,1,0,1,1
8,9,2,0,1,138,1,0,0,25,7,57,14,0,0,0
1,7,1,0,0,34,1,1,1,30,3,75,7,1,0,1
2,0,0,3,0,126,1,0,2,28,1,69,7,1,1,1
9,11,1,2,0,23,1,1,0,30,9,52,11,0,1,0
5,4,2,2,1,74,1,0,2,2,10,53,4,0,1,0
6,6,2,0,0,65,0,1,2,31,5,58,3,1,1,0
4,3,2,3,1,134,0,0,1,30,11,47,11,1,1,0
3,6,1,3,0,30,0,0,1,19,9,46,12,1,0,1
3,7,1,3,0,161,1,0,2,1,0,71,2,1,1,1
5,5,2,3,0,66,0,1,2,14,8,57,6,1,1,1
9,11,1,1,1,41,1,0,1,8,0,96,1,1,0,0
2,11,1,0,1,39,1,0,1,24,10,85,30,1,0,1
1,8,2,0,1,108,0,0,2,1,6,47,24,0,0,0
7,10,2,0,1,160,1,1,0,28,10,63,8,0,1,0
3,8,1,0,1,174,1,0,1,5,6,57,9,1,0,0
1,10,2,1,0,52,0,1,1,16,7,64,26,0,1,1
2,9,2,0,1,37,1,1,0,26,2,66,10,0,1,2
4,0,0,0,1,1,0,0,2,12,2,49,14,0,0,2
3,7,0,1,1,74,0,1,1,28,1,42,8,0,1,1
1,3,1,1,0,89,1,1,2,10,3,65,8,1,1,1
2,9,1,1,0,145,1,1,0,25,9,58,8,0,0,1
4,2,0,3,1,18,0,0,1,4,2,82,3,1,0,0
1,1,0,0,1,41,0,0,1,4,5,47,14,1,1,1
9,11,0,3,0,48,1,1,0,28,10,59,13,1,0,2
4,0,0,2,0,47,0,1,1,6,2,80,12,1,1,1
3,6,1,2,0,11,0,0,1,11,2,42,23,1,1,2
2,8,0,2,0,59,1,0,0,28,5,93,41,0,1,0
9,1,1,3,1,138,1,0,2,22,11,75,25,0,0,1
1,3,0,3,1,76,1,1,0,5,2,71,6,1,1,1
4,0,1,3,0,133,1,0,0,21,9,49,2,0,0,1
5,4,0,2,1,116,0,1,1,2,5,47,29,1,0,2
9,10,0,2,1,56,1,0,2,28,5,63,2,1,0,1
9,2,2,1,0,47,1,1,0,5,10,69,5,1,0,0
2,5,0,0,1,41,0,0,1,16,8,84,12,0,0,1
1,8,2,0,1,114,0,1,2,6,6,48,1,1,0,1
5,10,1,3,0,67,1,0,2,8,3,48,3,1,0,1
7,10,0,1,1,41,0,0,0,5,6,95,32,0,0,1
9,3,1,2,1,107,0,1,1,17,9,77,10,0,1,1
6,10,1,0,0,127,0,1,2,17,3,69,7,1,0,1
3,7,0,3,0,-3,1,0,1,4,7,73,15,1,0,0
9,8,2,0,1,34,0,1,1,31,11,67,7,0,1,0
7,9,0,3,1,60,1,0,0,5,6,62,6,1,0,1
2,8,2,2,1,85,1,0,1,15,0,56,1,0,0,0
3,5,0,0,1,93,0,0,0,23,0,46,3,1,0,1
3,1,1,1,0,48,1,0,1,11,3,78,6,1,0,1
1,3,0,0,1,155,1,1,0,4,6,54,10,0,1,2
8,4,0,3,1,18,1,0,0,28,8,56,14,0,1,2
1,10,0,0,0,94,0,0,0,19,5,50,14,1,0,1
2,5,0,1,1,103,1,0,0,6,9,57,17,0,1,2
1,8,0,1,1,150,1,0,0,16,1,65,8,1,1,1
4,3,1,0,0,122,1,0,2,25,11,64,19,0,0,0
1,0,0,0,1,140,1,1,2,6,10,73,2,1,1,2
5,9,2,0,0,34,1,0,0,30,7,61,9,1,1,1
1,1,2,2,0,45,1,0,2,27,3,53,39,0,1,1
9,2,2,1,0,69,1,0,0,10,7,52,11,1,1,2
8,11,1,0,1,13,1,1,1,24,2,84,36,1,1,1
6,6,0,3,0,105,1,1,1,7,8,51,4,0,0,1
3,3,0,0,0,51,1,1,0,23,7,62,2,1,0,1
3,0,0,1,0,132,1,1,2,2,5,59,5,1,0,0
1,6,1,0,1,141,0,1,0,21,1,78,8,1,0,0
3,5,0,1,1,49,1,1,1,7,4,80,43,0,1,2
3,8,2,2,0,22,1,1,0,21,10,61,10,1,1,1
2,3,1,0,1,74,1,0,1,5,5,72,10,0,0,1
1,3,1,2,0,160,1,0,0,6,7,78,4,0,0,2
2,5,2,1,0,172,1,0,1,11,2,74,6,1,0,2
1,1,0,2,0,24,1,1,1,22,11,66,26,1,1,1
1,2,0,0,0,52,1,1,0,15,2,86,24,0,0,2
3,6,2,3,0,57,1,1,1,22,2,73,10,0,1,1
2,6,1,0,1,150,0,1,0,26,1,83,7,1,1,1
2,11,0,3,0,62,0,0,0,1,6,62,5,1,0,1
1,9,1,2,1,44,0,0,1,17,5,58,31,1,1,3
4,2,0,2,1,61,0,1,2,11,1,66,11,1,1,1
1,11,2,1,1,49,1,0,0,22,0,85,31,0,1,1
2,8,0,3,0,55,0,1,0,31,6,64,26,0,0,1
2,11,0,3,0,11,0,1,1,10,1,45,26,1,1,2
5,10,0,2,0,59,0,1,0,29,9,56,21,0,1,0
1,7,1,3,0,114,1,0,2,16,4,48,7,1,0,0
4,5,0,1,1,168,1,1,0,29,1,83,13,0,1,2
3,1,2,2,1,56,1,1,2,17,5,52,18,0,1,2
9,1,0,2,1,173,0,0,1,12,7,62,12,0,0,0
8,9,1,1,1,81,0,1,0,8,1,99,5,1,1,0
6,1,1,2,0,46,1,1,0,23,3,54,11,0,0,1
5,9,0,3,1,4,0,1,1,14,2,97,2,0,1,1
4,11,2,0,0,76,1,1,1,9,8,50,10,0,0,0
6,5,2,1,1,25,0,0,1,30,7,64,7,1,0,1
2,8,2,3,0,132,1,0,1,21,11,52,16,0,1,1
1,0,0,1,1,46,0,1,1,6,9,71,10,1,0,1
6,8,0,2,0,101,1,0,0,18,7,69,3,1,1,1
8,4,0,1,1,24,1,1,1,26,1,58,12,1,1,1
1,6,1,0,0,103,1,0,2,28,8,56,9,1,0,0
1,9,1,0,0,48,1,0,0,19,7,71,12,0,0,2
1,3,0,1,0,179,1,1,1,3,7,52,20,1,0,1
1,7,2,1,1,76,1,0,0,3,4,49,8,0,0,3
8,4,1,0,1,47,0,1,0,27,5,61,15,1,1,2
7,1,0,3,0,67,0,0,1,19,11,51,20,1,1,1
8,8,0,2,1,78,1,1,1,23,7,79,5,1,1,1
1,3,1,3,1,-11,1,1,2,17,4,68,10,0,0,0
1,1,1,3,1,71,0,0,1,21,7,71,7,1,0,1
2,3,1,0,0,81,0,1,2,18,4,44,1,0,0,2
2,7,2,2,0,133,0,0,0,19,4,55,9,0,0,0
2,5,2,1,1,53,1,0,1,6,5,70,15,1,0,1
1,4,1,3,0,159,1,1,2,28,0,61,49,1,1,0
9,8,2,0,0,76,1,0,1,30,5,74,24,1,1,1
1,3,0,1,0,122,0,0,0,21,1,77,6,0,0,1
7,7,2,3,1,109,1,0,2,29,11,64,13,0,1,0
1,11,1,1,0,62,0,0,2,21,4,54,8,1,0,0
5,1,2,3,1,108,1,1,2,3,4,65,34,0,1,0
7,1,0,1,0,46,0,1,1,2,7,76,4,1,0,0
6,5,2,2,0,72,0,0,1,27,0,73,1,1,0,1
9,8,0,0,1,59,1,0,2,29,6,53,14,0,1,1
9,2,1,0,0,142,0,1,2,2,6,52,31,1,0,2
8,6,0,0,1,48,0,1,1,6,9,69,8,1,0,0
1,7,0,1,1,32,0,1,0,20,6,68,3,0,1,3
8,3,1,2,0,24,1,1,0,30,6,46,7,0,1,0
9,6,0,2,1,8,0,1,0,24,6,78,10,0,1,1
1,0,1,2,0,58,1,0,2,26,6,82,46,0,0,0
9,9,2,0,0,49,0,0,0,14,11,71,6,0,0,1
9,10,0,2,0,33,1,1,2,31,11,59,11,1,0,0
8,6,1,2,0,40,0,1,0,31,0,53,14,1,0,1
7,1,0,2,1,37,1,0,1,10,5,60,22,1,1,1
9,0,1,2,1,-10,0,0,2,21,5,59,5,1,1,1
2,2,0,3,1,70,1,1,1,25,4,74,26,0,1,1
7,0,2,0,1,28,1,1,1,25,9,58,9,1,1,1
1,11,0,3,0,132,0,0,1,25,5,58,14,0,1,0
8,9,1,0,1,-16,1,0,0,27,1,63,13,1,0,2
6,0,0,3,0,125,1,0,0,23,11,61,16,0,1,0
4,3,0,0,0,-10,0,1,0,19,11,73,6,0,0,2
3,0,2,3,0,40,1,1,1,15,1,75,19,1,0,1
7,7,1,2,1,122,1,0,2,19,9,70,5,0,1,0
4,11,1,1,1,8,0,1,1,31,6,88,43,1,1,0
9,5,0,2,0,74,0,1,0,29,11,54,10,1,0,0
8,9,1,1,1,28,0,0,0,21,7,67,19,0,0,1
3,9,2,0,0,2,1,1,0,25,11,52,4,0,0,0
1,5,1,1,0,145,1,0,0,1,8,97,10,1,1,0
3,9,2,3,1,32,1,1,1,17,1,90,24,0,0,2
4,3,2,3,1,133,1,1,0,2,4,69,7,1,1,1
1,11,2,0,1,106,1,0,1,19,2,49,3,1,0,1
2,7,0,0,0,161,1,0,1,20,0,72,10,0,1,0
1,0,0,3,1,27,1,1,0,12,10,97,15,0,1,2
2,0,1,2,1,56,0,1,0,2,1,52,6,0,0,1
7,1,1,1,0,72,1,1,0,20,6,47,10,1,1,2
1,8,0,2,1,80,0,0,1,25,11,70,23,0,0,0
8,10,1,2,0,151,1,0,0,6,8,69,8,0,0,1
6,5,1,2,0,22,1,1,2,27,9,59,14,0,0,0
5,7,1,1,0,15,1,1,0,28,5,69,18,0,0,2
2,8,1,1,1,46,1,1,0,18,10,63,15,0,0,1
4,11,1,2,1,37,1,1,1,28,10,63,8,1,1,1
9,8,0,2,1,30,0,1,2,28,7,63,8,1,1,0
1,2,0,1,0,172,0,1,0,18,7,37,13,1,1,3
1,8,1,1,1,62,1,1,0,14,2,52,21,0,0,2
1,9,1,2,1,-15,0,1,1,31,6,64,8,1,0,1
7,6,2,1,0,142,1,0,1,26,3,64,6,0,0,0
5,7,2,3,1,67,1,0,1,12,7,45,8,1,0,2
1,0,2,2,0,148,1,1,0,1,0,76,1,0,0,1
1,10,2,3,0,149,1,0,0,12,6,92,2,1,0,1
1,8,0,1,0,116,1,1,0,5,0,63,8,1,1,0
4,11,2,2,0,100,0,1,0,1,4,53,3,0,1,1
5,0,0,0,1,110,0,0,2,20,0,50,5,0,1,0
7,6,0,3,1,78,1,0,0,21,3,59,5,0,1,2
9,11,0,3,1,81,0,1,0,29,6,86,20,1,0,1
4,2,1,3,0,21,0,1,0,19,5,82,28,0,0,1
2,2,1,2,0,35,0,1,0,13,3,82,23,1,1,1
2,8,0,1,0,36,1,1,1,12,6,89,16,0,1,1
7,6,2,2,0,178,0,1,1,14,0,82,8,1,0,2
2,11,0,1,0,90,1,1,1,2,7,67,9,0,1,1
2,8,0,2,0,138,0,1,0,2,7,60,10,0,0,0
1,4,1,2,1,68,1,0,0,5,5,63,13,0,0,1
3,11,2,0,0,41,0,1,0,31,5,50,11,1,1,0
9,9,0,2,0,149,1,1,1,29,7,58,12,0,1,0
2,5,1,1,1,19,1,0,2,30,6,89,26,1,0,1
1,8,1,0,0,60,1,1,0,24,5,61,16,1,1,3
2,3,1,3,1,28,0,0,0,26,11,85,23,1,1,2
3,1,2,0,1,67,1,1,1,12,2,60,5,1,1,1
7,5,1,2,1,45,0,1,0,16,1,51,26,1,1,1
9,3,1,3,1,23,0,1,2,9,7,73,3,0,1,0
1,11,0,0,0,40,1,0,1,30,3,78,22,1,1,0
3,8,0,0,0,12,1,1,2,26,6,58,13,0,0,1
1,6,2,2,0,52,0,0,0,26,4,49,38,0,0,0
9,4,1,3,1,58,0,1,2,14,5,70,1,1,1,1
7,8,1,2,1,104,1,1,2,18,4,60,2,0,1,2
6,8,0,3,0,94,1,0,1,11,7,52,9,0,1,1
6,5,1,3,1,93,0,0,1,20,3,51,2,1,0,1
3,8,0,1,1,162,1,0,1,29,0,50,4,0,1,0
3,8,1,3,0,31,0,1,0,2,10,75,6,1,1,0
2,6,2,0,0,53,0,0,0,1,0,99,33,1,0,0
9,10,2,2,0,89,0,1,0,31,9,68,24,0,1,1
9,5,2,0,1,62,1,1,0,20,3,71,2,0,1,0
1,11,0,3,1,7,1,0,1,5,8,69,16,1,0,0
1,6,2,1,1,51,0,1,2,12,1,83,55,0,1,1
1,6,2,2,0,144,1,0,2,2,7,60,7,1,0,0
1,1,1,2,0,89,0,1,0,1,6,65,2,0,0,1
3,8,0,2,1,121,1,1,2,15,2,47,28,0,1,0
4,7,2,0,0,18,0,1,0,16,9,60,2,0,0,3
9,11,0,1,1,166,0,0,1,29,1,48,37,1,0,2
2,2,1,0,0,92,0,1,2,17,1,59,1,0,1,1
3,0,1,3,0,175,1,0,1,4,11,51,5,0,0,2
9,2,0,1,1,23,1,1,2,12,9,67,2,0,1,3
1,11,2,2,0,59,1,1,1,4,2,65,5,0,0,0
1,11,2,3,1,160,0,1,1,31,1,82,8,1,0,0
6,2,1,3,0,63,0,1,1,4,10,84,4,0,1,1
9,0,1,3,1,170,0,0,1,16,8,70,13,1,0,1
3,9,2,0,1,7,0,1,1,12,2,59,25,0,1,2
9,4,0,0,1,42,1,0,1,30,1,64,8,1,0,1
1,2,0,3,0,49,1,0,0,19,8,94,8,0,0,2
8,9,1,2,0,55,0,1,0,12,11,55,11,0,1,1
1,4,0,3,0,112,1,0,0,8,3,67,6,1,1,2
1,3,1,3,1,7,1,1,1,30,1,66,1,0,1,1
1,9,0,0,1,99,0,0,1,4,4,51,7,0,0,1
7,1,2,2,0,60,1,0,1,18,8,63,2,1,1,1
2,10,2,1,1,14,1,0,2,9,6,34,2,0,0,0
2,0,1,2,0,132,0,0,2,14,1,61,1,0,1,1
1,7,1,3,0,14,0,0,0,6,2,78,13,0,0,3
9,5,0,3,0,54,1,0,0,5,4,66,21,1,0,0
9,1,2,1,1,39,0,1,1,3,1,65,27,1,1,1
6,8,1,1,1,17,0,1,0,24,6,60,14,1,1,0
2,11,1,3,1,113,1,1,2,1,4,65,7,1,0,0
6,5,1,3,0,69,1,1,0,20,4,68,12,1,0,0
5,5,2,1,0,57,1,0,2,24,8,47,8,1,1,0
1,7,0,3,1,133,0,0,1,24,1,58,7,1,0,0
4,3,0,0,1,6,1,1,0,30,3,79,26,0,1,1
2,4,1,1,0,106,1,0,0,1,3,59,2,1,1,0
2,2,1,2,1,166,1,0,0,30,9,61,16,0,1,1
9,11,0,3,0,150,1,0,0,17,0,41,26,0,1,1
1,4,2,3,0,81,0,0,0,30,7,57,15,1,1,0
2,10,0,2,0,130,1,0,1,7,8,66,9,0,1,1
8,3,1,0,1,50,0,0,2,5,1,70,1,0,0,0
1,6,0,1,0,71,1,0,1,7,1,75,8,0,0,1
3,9,0,0,0,65,0,1,2,3,3,71,1,0,1,1
1,6,0,0,1,166,0,0,0,10,3,54,17,0,1,0
2,9,0,3,0,60,0,0,1,13,5,52,23,1,0,0
1,0,1,1,1,30,1,0,0,26,5,62,10,0,1,0
7,3,1,2,1,119,1,1,0,20,4,64,12,0,1,1
9,2,2,1,1,46,1,1,2,30,3,47,1,1,0,0
3,2,0,2,0,93,0,1,0,3,8,49,9,1,1,0
1,10,0,1,0,118,1,0,0,2,4,57,8,1,0,1
1,7,0,2,0,101,1,0,2,6,4,67,7,0,0,1
7,1,0,0,0,50,0,1,0,24,9,86,16,1,1,2
1,3,0,3,1,11,1,1,1,30,11,84,30,1,0,0
8,6,2,0,1,35,0,0,0,13,8,56,14,1,0,1
9,8,2,2,1,54,0,1,1,31,6,46,10,1,1,1
9,8,1,3,1,30,1,1,2,26,9,48,11,1,0,2
3,6,2,2,1,46,0,1,0,24,9,97,32,0,0,1
8,8,0,2,0,55,0,1,2,8,1,50,24,0,0,1
8,0,2,3,1,88,1,1,2,2,3,76,4,0,1,0
7,9,1,3,0,88,0,1,0,18,0,65,6,0,1,2
1,4,2,3,0,85,1,1,0,19,5,62,24,1,1,0
4,4,0,0,0,51,0,1,1,2,7,88,18,0,1,0
1,3,1,3,1,56,0,0,1,6,7,49,8,1,0,0
9,1,1,0,0,56,1,1,1,22,8,78,1,0,1,1
6,7,2,2,1,81,1,0,2,14,7,58,27,0,0,2
9,7,1,3,1,13,0,1,0,30,11,77,31,1,0,0
9,3,0,2,0,75,1,1,2,6,1,47,3,0,0,1
8,4,1,3,0,38,1,1,1,31,11,53,13,0,0,0
2,7,2,2,1,121,0,0,2,3,0,70,3,0,0,1
8,11,2,2,1,16,1,0,2,24,0,86,15,0,1,1
3,11,2,3,1,67,0,1,1,4,4,54,13,0,0,1
4,1,2,1,1,82,0,0,0,15,2,55,11,0,1,1
3,10,0,2,0,42,0,0,0,30,7,82,32,1,0,1
2,0,2,0,0,57,1,0,2,4,7,55,3,1,1,0
8,5,2,0,0,22,1,1,0,22,11,81,4,0,0,0
8,11,0,3,1,136,0,1,0,31,8,64,13,1,0,1
9,4,0,0,1,54,0,0,0,19,3,79,4,0,0,0
5,11,1,3,0,86,0,0,0,19,8,52,7,0,1,0
9,4,2,0,1,29,0,1,0,21,8,92,23,0,0,0
9,10,0,3,1,42,0,1,2,20,7,56,26,0,0,2
9,3,2,2,0,178,0,1,1,10,5,54,22,0,1,0
1,0,2,0,1,59,0,1,1,19,11,64,3,1,0,0
5,1,0,1,1,89,0,0,0,23,9,59,18,0,0,1
8,0,2,1,0,36,1,1,0,31,8,47,7,1,0,0
4,10,1,0,0,154,0,1,2,3,5,52,7,0,0,0
5,11,1,0,0,70,0,1,2,5,0,89,4,0,0,3
8,0,2,1,1,72,1,0,0,20,3,77,15,1,0,1
2,10,2,1,0,29,0,1,1,30,3,77,7,0,0,1
9,8,2,0,1,165,1,1,2,29,9,59,9,0,1,0
1,1,1,1,0,13,1,1,2,21,10,59,15,0,0,2
2,9,0,3,1,10,0,1,0,19,11,63,20,1,0,0
1,7,1,3,1,153,0,0,0,12,9,23,1,0,0,2
3,4,0,2,0,52,1,0,2,10,0,58,2,0,1,0
1,8,2,3,1,59,0,1,1,2,2,50,32,0,0,1
5,8,0,3,1,177,1,0,1,12,6,60,20,0,0,2
3,10,1,0,1,53,0,0,1,9,8,93,44,0,0,0
8,6,2,0,1,51,1,1,1,21,8,69,4,1,0,1
8,1,0,1,0,162,0,0,0,18,11,68,5,0,0,0
9,4,2,0,1,122,0,0,2,22,9,56,13,1,1,0
5,9,2,2,1,-5,1,0,0,30,3,74,1,1,1,0
7,11,2,0,0,88,0,0,0,3,5,78,3,1,1,0
2,5,1,1,0,28,1,0,1,10,7,47,17,1,0,2
4,5,1,2,0,50,1,1,2,17,9,54,1,1,0,1
1,7,0,3,0,28,1,0,0,1,1,82,1,1,1,1
5,0,1,1,1,12,0,1,1,24,7,69,4,1,0,1
2,1,0,3,0,103,1,0,2,1,5,55,4,0,0,1
3,8,2,3,0,100,1,0,1,17,8,54,16,0,1,1
9,10,2,2,1,106,0,0,2,19,10,45,12,0,0,0
2,5,1,2,1,20,0,1,0,9,0,90,4,1,1,1
2,11,0,1,1,104,1,0,1,1,4,58,5,1,0,0
2,2,0,1,0,169,0,0,1,13,4,78,6,1,0,0
8,5,2,2,1,179,0,1,0,19,11,83,10,0,1,1
1,3,2,2,1,15,1,0,2,31,1,74,22,1,1,1
6,2,0,2,1,132,1,0,0,28,0,52,18,0,1,0
1,11,1,2,1,10,0,1,0,1,4,59,4,0,0,1
7,11,2,2,1,57,1,1,0,20,3,74,9,1,1,1
1,1,0,3,1,70,1,0,1,29,1,66,12,1,1,2
4,4,1,3,1,139,0,1,1,29,6,59,15,0,1,0
9,8,1,3,1,58,0,1,1,28,5,52,15,0,0,0
7,7,1,3,0,96,1,0,1,31,6,84,15,1,1,1
8,1,1,0,1,99,0,1,2,11,4,65,5,1,0,0
6,11,2,3,0,157,1,1,2,21,11,66,8,0,0,1
2,4,1,2,0,71,0,0,2,24,8,88,37,1,0,0
8,5,2,0,0,140,1,0,2,30,7,65,22,0,0,1
5,11,2,2,1,77,1,1,1,24,11,64,10,1,1,0
1,6,0,1,0,40,0,0,1,11,3,63,23,0,1,0
1,5,2,2,0,153,1,0,0,2,5,73,5,0,0,1
5,5,2,1,0,21,1,1,1,11,4,78,26,1,1,0
5,8,0,3,1,121,0,1,0,18,1,89,3,0,1,2
6,7,2,0,0,11,1,0,2,30,3,63,10,0,0,2
5,6,0,3,1,27,0,1,2,15,7,56,14,0,1,0
7,0,1,0,0,86,1,0,0,11,8,67,14,0,1,1
2,4,0,1,1,68,0,1,2,16,2,73,2,0,1,1
3,4,0,1,1,149,0,1,1,28,10,55,16,1,0,0
1,4,2,3,1,42,1,0,1,3,6,63,26,1,1,1
2,9,2,3,1,153,1,0,1,24,1,66,9,1,1,1
9,11,2,0,0,16,1,0,2,28,0,50,10,1,1,2
1,0,1,3,0,77,0,1,0,3,4,96,2,0,1,1
8,9,0,0,0,69,1,1,2,26,10,74,2,0,1,1
4,1,1,3,1,106,1,0,1,12,5,55,9,1,0,2
1,11,0,0,1,160,0,1,0,2,1,77,8,1,1,0
5,8,0,2,1,43,0,1,2,3,8,66,20,0,1,3
1,2,0,0,1,92,1,1,2,1,2,55,3,0,0,0
1,3,1,1,1,13,1,0,0,20,8,90,27,0,1,0
2,4,0,2,1,120,1,1,1,30,11,39,3,1,0,1
9,11,2,0,1,153,1,0,2,24,6,62,18,0,0,1
2,10,2,0,1,39,0,1,1,10,11,85,28,1,1,2
1,2,1,1,0,53,0,0,2,21,5,62,31,0,0,0
3,4,2,1,1,10,0,1,0,18,2,87,8,0,1,1
9,6,1,3,1,38,0,0,0,14,1,93,19,0,0,0
1,2,2,3,0,158,1,0,1,8,8,57,31,1,0,0
3,5,0,1,1,152,0,1,1,6,4,57,2,1,0,3
6,0,0,1,1,140,1,1,2,21,10,65,3,0,1,1
8,11,2,1,0,13,0,1,0,29,4,91,45,0,1,0
6,1,1,0,0,38,0,1,0,2,6,54,28,0,0,2
9,8,0,1,1,161,1,0,0,30,10,80,16,0,0,0
1,5,2,1,0,39,1,1,0,13,8,80,15,1,0,0
3,3,2,0,0,37,1,1,2,31,0,66,43,0,0,0
6,7,2,1,1,74,0,1,1,28,9,75,44,1,1,3
1,9,1,1,0,112,1,1,2,30,0,62,10,0,0,1
1,6,2,2,1,57,0,0,0,15,6,86,10,1,1,3
1,10,1,3,1,42,1,0,2,28,11,56,11,1,0,1
8,4,0,0,0,55,1,0,0,21,9,84,23,0,0,2
7,0,1,1,1,118,0,1,0,20,10,57,13,0,1,1
1,3,1,0,0,118,0,0,1,3,2,61,6,1,0,1
2,1,0,0,1,105,1,0,0,28,11,51,14,0,1,1
1,6,0,0,0,93,0,1,1,20,6,72,10,1,0,1
7,10,0,3,1,175,1,1,0,4,11,73,11,1,1,2
5,2,2,1,0,175,0,0,0,11,2,98,3,1,0,0
3,5,2,2,0,175,1,1,0,2,6,56,9,0,1,2
1,2,1,0,1,39,1,1,2,31,6,84,10,1,0,0
5,11,0,2,1,50,0,1,2,28,4,63,5,1,0,1
2,1,1,3,0,139,0,1,0,1,4,55,1,0,1,0
5,0,1,1,0,60,1,1,2,6,5,84,16,0,1,1
5,8,1,2,1,60,0,0,0,19,6,86,15,1,1,0
6,0,2,1,0,38,1,1,0,3,11,83,21,0,1,1
4,5,2,0,1,56,0,0,0,17,8,54,8,1,1,2
5,7,2,0,0,135,1,0,0,9,5,68,1,0,1,3
2,2,1,0,1,132,1,0,1,19,6,46,2,0,0,2
1,1,0,1,0,167,0,1,0,4,3,62,10,0,0,0
5,8,1,2,1,137,0,0,2,18,5,70,8,0,0,1
2,4,0,2,1,12,0,1,2,21,4,75,31,1,1,0
9,0,0,0,0,14,0,1,0,1,7,67,26,1,0,1
1,9,1,0,1,69,0,0,0,3,2,68,5,0,1,1
5,0,2,0,0,31,1,0,2,20,2,65,7,1,0,0
5,9,0,2,0,146,1,1,2,12,3,61,10,1,1,0
9,5,1,1,0,45,1,0,1,27,9,58,6,1,1,0
3,2,2,0,1,42,0,1,0,28,2,48,3,0,1,2
1,2,1,1,1,52,0,0,1,7,3,67,29,0,1,0
1,3,2,1,1,132,1,1,0,29,11,62,16,1,0,0
5,4,0,3,1,61,1,1,1,17,1,75,3,1,0,1
4,2,0,0,1,67,0,0,1,15,10,72,24,1,1,1
4,9,0,0,1,128,1,0,0,30,6,66,21,0,0,1
3,5,0,0,1,41,1,0,0,21,7,82,28,1,0,1
2,2,0,1,1,25,1,0,2,11,3,79,16,0,0,0
9,10,1,3,0,30,1,1,1,29,9,56,9,0,0,0
1,4,1,2,1,171,0,1,2,1,11,60,10,0,1,0
2,8,2,1,1,127,0,1,0,30,1,48,4,0,1,0
6,8,2,1,1,32,1,1,1,17,8,71,5,1,1,1
9,7,0,0,0,52,1,1,0,29,7,65,6,0,1,2
7,6,2,3,1,27,1,0,1,26,4,41,6,0,1,1
1,8,0,1,0,80,0,0,2,19,1,48,5,0,0,1
9,1,2,3,0,69,0,1,1,9,7,72,8,1,1,1
9,3,2,1,0,114,0,0,2,25,9,59,18,0,1,0
5,4,0,0,1,29,0,1,0,22,9,57,12,0,0,0
5,8,0,1,0,61,0,0,0,24,0,47,6,0,0,1
5,0,1,2,1,150,0,1,0,31,0,75,63,0,1,1
2,9,2,3,0,131,1,0,2,4,4,71,2,1,0,1
7,6,2,1,0,62,1,1,0,23,9,81,9,1,0,0
2,11,2,1,0,113,0,0,0,28,2,52,8,1,0,0
9,4,2,2,0,68,1,0,1,31,11,57,11,1,1,0
4,5,1,0,1,67,1,0,1,2,5,68,8,1,0,0
9,4,0,1,1,32,0,1,0,23,8,94,12,1,0,1
3,0,0,1,0,160,1,0,2,31,10,64,22,0,1,3
8,4,0,2,0,128,1,0,1,31,8,46,10,0,0,0
7,5,2,2,0,40,0,0,2,2,7,58,3,1,1,0
8,2,1,2,1,52,0,1,1,3,1,53,19,0,0,1
9,0,1,2,1,51,1,1,0,11,7,51,1,0,0,2
8,5,1,3,1,50,0,0,0,19,4,50,13,0,1,1
4,7,0,0,1,68,0,1,2,19,0,59,7,0,1,0
8,1,0,0,1,1,1,1,0,16,2,53,21,1,1,2
8,11,0,2,0,128,0,1,2,28,8,46,10,0,0,0
1,3,0,1,1,79,1,1,1,31,7,84,56,1,0,2
9,3,1,3,1,44,0,0,1,3,2,50,4,0,0,1
1,1,0,1,0,139,1,0,1,1,9,78,3,0,0,1
3,11,0,2,0,37,0,0,0,18,1,92,31,0,0,1
6,7,1,0,1,47,0,1,0,20,6,65,2,1,1,0
2,10,2,3,1,123,0,1,0,14,3,65,9,1,1,1
1,3,1,2,0,9,1,1,0,27,3,79,15,0,0,3
9,5,1,2,1,23,1,1,2,10,10,74,20,0,1,3
6,4,2,3,0,110,1,1,1,12,9,51,8,0,0,1
1,2,2,2,0,65,1,0,0,17,10,54,7,1,0,0
6,4,1,3,1,61,0,1,0,21,8,38,4,0,1,0
8,0,1,2,1,103,1,0,0,3,4,48,6,0,1,0
3,1,0,1,1,59,1,1,1,16,1,61,4,1,0,0
2,8,0,0,0,56,1,1,0,28,4,67,22,1,0,0
4,1,1,2,1,121,1,1,0,1,3,58,7,1,0,0
3,2,0,3,1,71,1,0,0,24,4,62,19,0,0,0
2,0,1,0,0,4,0,1,0,13,1,59,20,1,0,0
1,2,2,3,0,163,1,0,0,15,2,89,1,1,1,1
4,1,1,2,1,153,0,0,1,3,5,60,4,1,1,1
4,10,1,2,1,18,1,0,2,22,10,61,26,1,0,3
5,3,2,2,1,73,1,0,0,30,3,61,10,1,0,1
1,5,0,1,0,92,1,0,0,2,6,67,10,1,0,0
2,4,2,0,1,60,1,1,1,6,4,69,7,1,0,1
2,10,0,1,1,110,1,1,0,1,6,53,10,0,0,1
9,2,2,2,1,39,1,1,0,28,8,59,9,1,1,2
3,1,2,0,0,43,0,1,0,26,0,96,24,1,0,0
3,4,1,3,1,63,1,0,0,9,1,49,2,0,0,2
9,7,0,2,1,116,1,0,1,24,11,64,5,0,1,1
7,11,2,3,1,64,1,0,0,11,9,74,17,1,1,0
9,8,2,1,1,17,1,1,2,27,11,55,9,0,1,1
2,4,2,0,1,119,1,0,2,7,2,53,1,0,0,0
4,9,1,1,0,98,1,1,0,7,6,64,4,1,0,2
4,11,1,0,0,64,0,0,0,29,3,62,18,0,1,0
2,2,0,3,0,179,1,0,1,26,6,80,17,0,1,0
9,10,2,0,0,26,0,1,2,28,5,64,7,1,0,0
1,0,1,0,1,42,1,0,1,1,5,57,19,1,0,0
4,11,1,3,0,172,0,0,0,3,5,63,10,0,1,1
4,2,0,0,1,141,1,1,2,18,9,64,6,0,1,1
4,10,0,1,0,170,0,0,0,6,2,57,8,1,1,0
1,5,2,0,0,49,0,0,0,14,9,67,25,0,0,1
7,1,0,2,0,15,1,0,2,4,4,94,9,0,1,0
7,3,1,3,1,60,1,0,2,24,6,55,8,0,1,0
7,6,1,2,0,3,0,0,2,20,6,63,12,1,1,0
1,0,0,0,1,46,0,1,2,28,1,58,26,1,1,1
4,9,0,0,1,119,0,1,0,5,3,83,59,1,1,1
2,1,1,0,0,27,0,0,1,2,7,64,15,1,1,1
9,6,1,1,0,174,1,0,0,6,10,71,9,1,1,2
6,11,2,0,1,172,1,1,1,2,6,63,5,1,0,0
6,9,2,3,0,80,1,0,1,16,8,62,3,1,0,0
9,9,1,1,1,60,0,1,0,31,8,71,23,1,1,1
2,9,0,1,0,147,1,0,1,8,0,57,6,0,0,0
8,10,1,3,1,70,1,1,0,20,11,53,8,1,0,1
3,5,1,1,1,36,1,1,0,13,6,94,32,1,0,0
1,6,0,2,1,58,1,0,2,18,5,59,26,0,0,2
1,9,1,0,1,178,1,1,0,26,11,63,8,0,0,0
2,10,1,1,1,139,1,0,1,21,1,51,6,0,1,0
4,2,0,2,0,121,0,1,1,12,9,49,15,0,1,1
9,3,0,0,1,90,1,0,1,31,8,59,12,0,0,0
9,10,1,1,1,63,0,0,2,29,0,63,2,1,1,0
2,8,0,3,1,41,1,0,1,1,1,59,18,0,0,0
5,5,1,1,0,42,0,1,1,27,3,60,1,0,1,1
2,9,1,2,1,140,1,0,0,1,2,64,11,0,1,1
8,0,1,0,0,27,1,1,1,10,7,42,13,0,0,2
2,7,0,3,1,92,1,1,2,22,6,62,7,0,0,1
9,6,2,1,0,177,1,1,0,30,10,63,16,1,1,2
9,3,1,0,0,4,1,0,0,16,8,99,2,0,0,1
9,4,0,1,1,36,1,1,2,13,7,64,7,1,0,1
1,6,2,1,1,60,1,1,0,6,5,49,3,0,0,3
5,5,0,3,0,66,0,1,1,27,10,76,44,1,1,2
3,7,1,3,0,34,0,0,1,17,8,85,12,1,1,1
4,9,2,3,1,68,1,1,0,19,7,58,9,1,0,3
5,10,2,3,0,76,1,0,2,21,9,53,13,1,0,1
6,6,0,0,1,41,1,0,1,30,7,67,30,0,0,1
8,6,2,3,0,37,1,1,0,19,11,61,8,0,1,3
1,0,0,0,1,68,0,0,1,24,1,58,8,1,1,0
1,3,2,2,0,97,1,0,0,2,3,52,8,0,0,1
7,4,2,3,0,57,1,0,1,31,5,75,15,0,1,2
9,4,1,0,1,59,0,1,0,3,8,49,18,1,0,1
5,5,0,1,1,83,0,1,1,3,4,57,8,0,0,0
2,7,2,3,0,175,1,1,1,2,7,66,7,0,1,2
1,1,0,3,1,109,1,0,1,10,6,75,9,1,1,0
8,10,1,2,1,41,0,0,2,30,9,58,7,0,1,1
8,3,1,3,0,125,1,0,2,27,7,59,10,0,0,0
5,1,2,0,0,38,0,0,1,14,11,76,7,1,1,1
