3,0,2,1,0,109,0,0,0,16,4,78,60,1,0,0
8,8,1,1,1,88,1,1,1,18,4,90,26,0,1,2
7,4,0,0,0,55,0,1,0,20,11,86,20,1,0,0
6,9,2,1,1,107,1,0,2,15,0,48,2,1,1,0
3,6,2,0,1,28,1,0,0,19,4,68,41,1,0,2
2,9,0,1,0,124,1,0,2,31,7,67,23,1,1,3
8,3,0,3,1,107,0,0,2,28,9,88,51,0,0,2
3,9,1,3,0,45,0,0,2,25,5,37,27,1,0,0
3,5,2,2,1,79,1,1,1,6,5,70,34,0,0,1
6,8,1,2,1,105,0,1,1,26,0,53,51,1,1,1
9,2,2,1,1,10,1,1,2,23,9,72,22,1,1,3
3,1,1,0,0,102,1,1,2,21,11,44,13,0,0,0
2,10,0,1,1,78,1,0,1,28,4,49,5,1,1,0
1,11,1,0,0,64,1,0,2,17,4,58,23,1,0,0
1,2,0,0,1,105,0,0,0,7,1,34,23,0,1,0
1,4,0,1,1,47,0,0,0,16,9,94,15,1,0,2
9,7,2,3,0,41,1,1,1,26,11,54,9,1,0,1
4,4,2,2,0,21,1,1,1,22,0,93,30,0,1,3
5,5,2,0,0,141,1,1,1,27,0,38,26,1,1,1
4,3,0,2,0,40,1,0,1,2,1,72,44,1,0,1
5,0,0,1,0,73,0,0,1,25,4,30,18,1,0,2
6,8,2,2,0,163,1,0,2,19,4,50,31,0,0,2
2,8,1,2,0,93,0,1,1,3,8,53,2,0,0,1
2,5,2,1,1,46,0,0,2,23,11,64,21,0,0,1
5,2,2,2,0,77,0,1,0,31,6,25,12,0,1,2
6,6,2,3,0,178,0,0,0,29,0,88,7,0,0,0
4,11,0,2,1,4,0,0,2,22,2,86,3,0,0,0
1,2,0,3,1,177,0,1,2,16,10,82,35,0,0,0
1,7,2,1,1,93,1,0,1,20,7,57,11,0,0,0
2,7,2,3,0,90,1,0,0,11,3,37,12,1,1,2
9,6,0,2,1,23,1,0,0,3,1,66,26,0,1,2
6,5,0,2,1,139,1,1,2,8,6,57,4,0,1,3
2,7,1,1,1,141,1,1,0,27,4,91,1,1,1,0
7,6,2,0,1,38,0,0,0,6,1,85,20,1,0,0
7,5,0,2,0,95,0,1,1,21,3,51,2,0,0,0
4,7,2,1,1,54,0,0,0,24,11,54,6,0,0,0
4,9,1,1,1,35,1,1,1,20,8,63,27,1,0,3
7,5,1,2,1,5,1,0,1,21,7,81,41,1,0,3
5,2,1,1,0,140,1,1,0,16,9,68,34,1,1,3
4,4,0,3,0,25,0,1,1,24,6,41,12,0,0,3
6,2,1,0,1,44,1,1,2,1,7,95,48,0,0,3
7,6,2,3,1,75,1,1,0,21,8,62,40,1,0,3
2,9,1,2,1,38,0,0,0,15,6,86,25,0,1,1
4,3,1,0,0,69,0,1,0,11,8,79,30,1,0,0
3,0,0,0,0,45,0,0,0,10,2,49,7,1,1,0
6,3,0,0,0,37,1,0,0,1,2,94,18,0,1,2
2,6,2,0,1,138,0,1,0,18,10,47,23,0,1,3
3,3,0,3,1,25,0,1,2,15,4,51,2,1,1,0
7,11,1,1,1,29,1,1,1,15,6,54,28,0,1,3
5,4,2,1,1,138,1,0,0,17,7,75,13,1,0,3
6,0,0,0,0,69,1,0,0,27,4,77,55,0,1,2
3,2,1,0,0,162,0,0,1,23,7,30,4,0,0,0
3,1,1,2,0,144,0,1,1,21,8,47,4,0,0,1
3,4,0,2,1,43,0,1,2,14,9,93,50,1,1,3
8,2,0,0,1,135,0,0,1,26,7,31,7,0,0,0
7,6,0,0,0,160,0,1,2,24,4,23,7,0,0,2
8,6,2,1,1,14,0,0,1,26,3,61,29,0,1,1
9,1,0,3,0,55,1,0,1,30,3,82,12,0,0,2
2,3,1,3,1,63,0,0,2,23,9,54,18,0,1,1
8,10,0,2,1,23,1,0,1,30,6,93,54,1,1,0
8,11,0,0,1,125,0,1,2,6,9,88,46,0,0,2
6,8,1,0,1,54,0,1,1,16,0,43,32,0,1,3
9,9,0,1,0,42,1,1,1,9,5,50,15,1,0,2
3,10,0,3,1,57,1,0,0,26,2,58,37,1,0,1
1,9,0,3,1,-11,0,0,2,16,7,67,2,0,0,2
5,4,0,0,1,38,1,0,2,5,2,79,42,0,0,0
7,2,2,0,0,56,0,0,0,22,10,78,26,0,1,1
9,0,1,0,1,77,0,1,2,20,5,50,3,1,1,1
7,2,0,2,1,54,0,0,0,17,10,99,21,0,1,0
2,7,2,1,1,97,1,0,1,21,9,76,6,1,0,2
9,8,0,3,0,58,0,1,0,31,9,69,22,1,0,2
1,5,0,0,1,73,1,1,1,12,3,45,19,1,1,1
6,7,0,3,0,45,1,0,1,11,6,61,20,0,0,1
2,4,0,3,1,164,0,1,1,11,0,90,7,0,0,1
1,0,1,2,1,-2,0,0,0,14,1,97,12,1,0,1
3,6,2,2,0,51,1,1,1,20,5,91,42,0,1,0
7,7,0,2,0,22,0,1,1,14,6,97,19,1,0,0
5,9,2,3,0,-2,0,1,0,13,3,47,13,0,0,2
9,8,0,2,1,84,0,0,2,28,6,41,26,1,1,1
3,1,1,3,0,65,0,0,2,31,10,60,30,1,1,3
7,6,1,1,1,11,0,0,1,13,1,52,2,0,0,1
5,9,0,1,1,60,0,0,1,4,1,90,20,1,1,0
5,4,2,3,0,5,1,0,0,14,9,95,8,1,1,2
1,5,2,0,1,167,1,0,0,11,11,51,15,1,1,1
8,0,0,1,0,169,0,1,1,20,8,26,2,1,1,2
3,7,0,3,1,22,1,0,1,19,3,60,42,1,1,1
1,10,0,1,0,106,1,1,2,24,6,73,6,0,0,1
5,9,0,3,1,-9,1,0,2,20,7,96,17,1,1,0
5,2,1,1,0,175,0,0,2,1,1,94,7,1,1,2
6,10,2,3,0,133,1,1,0,23,5,52,36,0,1,3
6,2,2,1,1,36,0,1,1,30,6,34,19,1,0,3
5,3,0,2,1,18,1,1,2,14,2,41,3,0,0,3
8,3,0,1,1,61,1,0,1,22,9,82,13,0,0,3
6,9,1,2,1,43,0,1,1,12,5,55,26,1,0,2
3,9,0,2,0,29,1,0,0,25,6,39,26,1,1,2
1,0,2,0,0,54,0,0,1,8,0,31,1,0,1,3
1,2,2,0,1,78,1,0,2,31,0,40,10,0,0,1
4,0,2,1,1,154,1,0,1,18,0,35,3,1,1,2
6,10,2,2,1,103,0,1,1,24,9,96,16,0,1,2
3,6,0,0,1,173,0,0,2,27,0,18,5,1,1,3
3,1,0,0,1,49,1,0,1,11,4,67,28,0,0,2
4,6,0,1,1,66,0,1,1,11,8,85,6,1,0,0
5,11,0,0,1,56,0,1,1,16,6,57,27,0,0,3
2,10,2,1,1,22,0,1,2,20,10,77,26,1,0,2
6,6,1,1,0,85,0,1,1,16,1,67,6,0,1,0
7,5,2,2,0,142,1,1,0,28,11,53,15,1,0,3
9,10,2,3,1,-7,1,0,0,28,7,79,7,0,0,1
5,7,1,1,1,64,0,1,0,21,9,90,45,0,0,3
9,1,0,1,1,58,0,1,0,17,5,82,9,1,1,2
1,2,2,2,0,145,1,0,2,27,9,80,46,1,1,2
7,11,1,3,0,148,0,1,2,24,10,92,9,1,0,0
3,5,0,1,1,8,1,0,2,26,5,37,16,1,0,3
2,6,2,0,0,163,0,1,1,19,11,74,1,0,0,3
5,0,0,0,1,109,1,0,1,9,8,29,3,1,0,2
9,10,2,1,0,149,0,1,1,27,6,76,8,1,1,1
6,9,0,3,1,149,0,1,2,6,8,68,7,1,0,0
7,4,2,3,0,-10,0,0,1,15,7,75,12,0,0,1
9,5,1,2,1,17,1,0,0,30,2,59,32,0,1,3
4,11,2,0,1,118,1,1,1,15,8,51,8,0,1,1
2,5,1,0,1,50,1,1,0,13,9,77,40,1,1,3
3,4,2,0,1,165,0,1,1,6,9,83,14,0,0,1
6,8,1,1,1,55,1,0,2,7,2,44,6,0,0,2
8,2,1,3,1,145,1,1,0,9,10,53,12,0,1,1
8,11,2,1,1,59,0,0,0,31,10,80,57,1,1,2
7,5,0,1,0,86,0,1,1,26,8,86,48,1,1,0
4,9,1,2,1,178,0,0,0,22,3,53,2,1,1,2
2,4,1,2,1,143,0,1,0,17,9,83,10,1,0,0
1,5,1,0,1,121,1,0,0,20,7,86,6,1,0,1
1,10,1,1,1,172,1,1,2,5,2,53,8,1,0,3
4,9,1,2,0,9,1,1,2,15,8,99,10,0,1,1
2,6,2,0,0,35,0,0,2,18,3,74,10,1,0,0
4,8,2,3,1,136,1,0,0,30,8,87,32,0,0,2
3,0,1,0,0,44,1,1,2,15,5,80,31,0,1,0
9,7,0,0,0,158,1,1,1,26,4,47,12,0,0,3
7,1,2,0,1,56,0,0,0,6,0,84,10,1,0,3
5,4,2,2,1,96,1,1,0,8,7,99,44,0,0,1
6,4,1,3,0,60,1,1,1,23,7,69,41,1,0,2
5,10,2,1,0,-19,0,0,0,23,0,65,15,1,1,2
2,5,2,2,0,128,1,0,2,19,6,30,11,1,1,3
7,9,0,2,0,67,0,1,0,11,1,19,10,1,0,1
9,10,0,3,1,59,0,0,0,24,4,87,39,1,1,2
6,8,1,1,1,81,0,0,0,28,11,42,24,1,0,3
8,9,0,2,0,145,1,1,1,29,11,81,16,1,1,0
6,3,0,3,0,33,0,1,0,5,6,64,22,0,1,2
5,8,1,2,0,95,0,0,0,3,5,60,4,0,0,1
1,11,0,0,1,130,0,0,1,17,6,96,63,1,1,1
1,3,0,3,0,53,0,1,0,22,5,84,2,1,1,0
5,2,1,3,1,102,0,1,0,2,2,33,14,0,1,0
5,2,2,3,0,131,1,1,1,13,5,47,26,0,1,2
3,7,1,1,1,26,0,1,0,21,4,43,4,1,0,1
7,11,2,1,1,34,1,0,2,18,7,64,24,1,1,0
6,7,2,3,1,-8,1,1,0,26,1,55,19,1,1,0
4,9,0,3,0,11,1,0,1,19,0,37,23,0,1,2
8,4,2,0,1,87,1,0,0,20,10,68,22,1,1,1
9,0,0,0,1,45,0,0,2,2,2,79,7,0,1,3
7,2,1,0,0,40,1,1,1,5,4,34,7,0,0,3
1,11,2,0,1,40,0,1,2,20,4,66,49,1,0,2
8,5,0,1,1,87,0,0,0,15,9,67,18,0,1,1
9,3,2,3,1,136,1,0,0,10,10,60,17,0,0,1
6,5,1,3,0,37,0,1,0,6,10,61,14,0,1,1
7,1,2,1,0,89,1,1,0,7,2,80,2,0,0,3
7,3,2,2,1,130,1,1,0,6,8,82,38,1,1,0
1,9,0,3,0,169,0,1,2,27,4,56,36,0,0,2
4,8,1,1,1,83,1,1,1,25,10,93,39,1,0,3
3,11,0,0,1,29,1,1,2,31,3,38,6,1,1,1
5,0,2,3,1,37,0,0,2,4,1,99,9,1,0,2
3,10,1,1,0,37,0,0,2,27,10,63,28,0,0,0
8,3,0,1,1,145,0,1,1,25,10,51,9,0,0,1
3,4,1,1,1,70,1,0,0,12,2,88,2,0,0,3
4,9,2,3,1,13,0,1,1,12,8,67,7,1,1,0
8,6,0,0,1,85,0,1,1,22,8,67,40,1,0,1
1,5,2,1,0,138,1,1,2,24,2,47,39,1,0,0
8,4,0,3,1,125,0,1,0,12,8,93,9,1,1,0
4,0,0,1,1,127,0,1,0,24,11,77,25,0,0,0
4,3,2,3,0,81,0,0,1,17,4,14,15,1,1,3
2,7,2,1,1,123,0,1,0,11,8,61,12,0,1,1
6,5,2,2,0,35,1,1,2,19,8,51,8,1,0,2
1,8,2,0,0,111,1,1,1,27,9,85,29,0,0,1
4,4,1,1,1,174,0,0,2,19,4,62,48,1,0,1
3,7,1,3,1,113,0,0,0,24,10,41,8,0,0,1
9,0,1,0,1,105,1,1,1,2,1,79,47,1,1,2
9,4,0,1,0,102,1,0,2,28,11,85,18,1,1,1
2,4,1,2,0,-2,1,0,0,18,11,18,6,0,0,2
1,2,0,1,1,89,0,0,0,13,0,78,4,1,0,0
8,5,1,2,0,8,1,1,1,3,1,70,34,0,0,3
6,9,0,1,0,17,0,1,1,28,4,58,27,0,1,1
9,2,0,1,1,43,0,0,2,16,11,61,20,0,0,2
1,4,2,0,1,33,0,1,0,24,10,65,26,0,1,0
5,3,1,1,0,30,1,1,2,22,4,45,3,0,0,3
2,9,2,0,1,89,0,0,2,21,5,77,35,1,0,1
7,1,2,2,1,71,1,0,1,21,7,66,41,1,0,2
3,6,2,1,0,76,1,0,1,14,0,20,18,0,1,1
2,2,2,1,1,83,1,1,1,13,3,44,7,1,1,2
5,5,2,2,0,4,1,0,0,28,7,47,20,1,1,0
6,3,0,0,0,53,1,1,0,31,5,71,53,1,1,0
9,11,0,2,0,49,1,0,0,22,4,49,8,0,1,3
3,3,0,1,0,63,0,1,1,6,0,64,40,0,1,2
6,11,1,1,0,12,0,1,0,21,8,89,23,1,1,1
9,6,2,1,0,113,0,1,1,10,6,21,1,1,0,1
8,7,1,1,0,150,1,0,0,8,9,67,30,0,0,1
6,1,2,1,1,40,1,1,2,27,8,93,22,1,1,2
8,9,1,2,1,76,1,1,0,30,9,86,55,0,0,2
9,8,0,3,0,55,0,0,0,24,0,43,29,0,1,0
8,11,0,2,0,63,1,0,0,22,5,88,18,0,0,0
2,8,2,1,1,67,0,1,1,24,9,95,3,0,1,3
8,4,2,2,0,128,0,0,2,16,5,75,6,0,0,0
3,0,0,2,0,40,1,1,2,21,5,91,32,1,1,0
7,1,0,1,1,141,0,0,1,11,10,66,26,0,0,0
1,11,0,3,0,51,0,1,1,25,7,47,34,0,0,3
2,5,2,0,1,160,0,0,0,26,1,64,3,0,0,0
2,2,2,2,1,-10,0,0,2,5,2,78,5,0,0,0
4,5,0,1,1,55,1,1,0,22,11,83,20,1,1,0
9,2,0,2,0,51,1,1,2,30,4,77,13,0,1,0
4,6,0,1,1,28,0,0,0,5,11,84,33,1,0,3
7,5,1,0,0,46,1,0,2,25,3,43,1,0,1,0
3,6,1,2,0,16,0,1,0,27,4,63,11,1,1,0
4,8,1,0,0,12,0,1,1,3,0,73,34,1,0,0
2,7,0,0,1,26,0,0,0,17,2,67,25,1,0,2
5,3,1,0,1,164,0,1,1,16,1,41,10,0,1,0
3,1,0,1,1,55,0,0,0,16,8,36,9,0,1,1
4,8,0,0,1,42,1,0,1,13,11,72,3,1,1,1
1,9,2,0,0,30,1,0,2,31,9,90,34,1,1,0
2,0,0,2,0,32,1,0,1,6,1,93,15,1,1,3
6,6,2,3,0,73,0,0,1,18,2,25,31,1,0,2
8,1,0,2,1,15,0,0,0,18,3,94,22,1,0,0
4,8,2,3,0,69,1,1,0,13,5,55,33,1,0,1
9,1,0,3,0,123,1,0,1,17,2,78,55,1,1,2
8,1,0,3,0,175,1,0,0,16,11,62,1,1,1,3
6,2,1,3,0,135,1,1,0,29,8,85,57,1,1,1
5,2,2,1,1,33,0,1,0,17,2,89,30,1,1,1
8,3,1,3,1,35,0,1,1,28,0,63,57,1,1,1
6,7,0,2,0,33,0,0,2,14,6,57,11,1,0,1
6,8,0,1,0,27,0,1,1,22,11,73,34,0,0,0
3,10,1,0,0,15,0,0,1,25,1,46,20,1,0,1
8,11,1,3,1,142,0,0,2,31,9,43,15,1,0,3
8,5,1,1,1,-12,0,1,1,31,4,65,6,1,0,0
8,8,0,1,0,27,1,0,1,23,2,84,58,0,1,0
1,10,2,1,1,160,0,0,0,20,9,76,21,1,1,1
5,10,0,1,0,173,1,1,2,12,6,86,11,0,1,2
9,7,2,0,0,100,1,1,1,31,9,19,5,0,1,1
5,11,2,2,1,34,0,0,0,27,11,72,30,1,0,0
9,3,0,1,0,169,1,0,1,6,10,80,36,0,0,3
3,4,1,3,0,-5,1,1,1,22,11,69,25,1,0,0
8,0,2,2,1,62,0,0,0,23,7,77,14,0,0,1
5,1,1,2,0,143,0,1,0,16,7,83,54,1,0,0
4,9,1,1,1,15,0,1,2,2,5,71,29,0,0,1
3,4,0,1,0,-8,1,1,0,28,5,96,15,1,0,2
6,2,0,2,1,-16,1,0,2,24,9,71,20,1,1,3
3,4,0,3,1,47,0,1,1,6,2,96,10,1,1,1
4,1,0,1,0,101,1,1,2,28,10,84,44,1,0,1
8,6,0,0,1,9,0,0,2,13,3,89,1,1,1,0
5,10,2,2,1,39,1,0,0,12,2,84,12,1,0,1
1,10,0,1,0,83,1,0,2,30,0,11,3,0,0,2
8,7,2,3,1,16,0,1,0,24,6,71,47,1,0,0
5,10,0,2,0,76,0,1,2,26,10,72,47,1,0,2
9,3,0,3,0,143,1,1,1,2,9,75,35,0,0,1
5,11,0,3,0,75,1,1,2,20,6,70,24,0,0,0
3,2,0,3,1,16,0,0,1,21,5,48,18,1,1,2
2,9,2,0,1,13,0,1,0,25,3,80,50,0,0,1
9,10,1,2,1,13,0,1,2,4,6,96,16,1,1,1
4,4,1,1,1,56,1,1,0,19,8,84,7,1,1,1
6,11,2,1,0,47,1,1,1,17,2,44,19,0,0,0
4,9,0,2,1,171,1,0,0,26,5,92,15,0,0,1
5,5,2,2,1,87,0,1,0,11,6,96,45,0,0,0
3,8,1,3,1,104,1,0,1,31,8,85,55,0,0,3
8,7,0,0,1,42,0,0,0,25,6,96,63,1,1,2
9,4,0,0,0,160,0,0,0,10,10,95,48,0,0,0
8,7,1,2,0,134,1,1,1,11,11,59,12,0,0,0
8,11,1,0,0,71,0,0,1,20,8,94,45,0,1,3
5,8,0,3,1,38,0,1,0,21,5,76,28,0,0,1
2,3,0,2,1,151,1,1,0,28,10,92,35,1,1,3
7,10,0,1,1,145,0,1,0,14,8,42,13,0,1,3
4,10,2,2,0,-16,0,1,2,29,3,87,34,1,1,2
1,11,1,2,0,174,1,0,1,8,5,52,7,1,0,0
8,4,0,1,0,124,0,0,2,15,6,48,7,0,1,0
5,11,2,1,0,173,0,1,1,11,9,81,54,1,0,2
4,7,2,1,0,173,1,1,1,29,10,79,28,0,0,3
5,6,1,3,1,37,0,0,0,5,1,97,13,0,1,1
4,10,0,2,1,16,1,0,2,18,0,74,49,1,0,0
4,8,0,1,0,45,1,0,1,8,2,22,15,0,0,0
1,2,1,2,1,34,0,0,0,7,3,93,13,0,1,0
8,9,1,2,0,159,1,0,1,19,4,21,3,0,0,3
7,7,1,2,1,89,1,1,2,27,5,82,45,0,1,1
7,4,2,3,0,-15,1,0,0,16,7,48,4,1,0,2
5,3,1,2,0,20,0,1,0,24,2,89,14,1,1,2
3,3,0,2,0,12,0,1,1,10,10,8,1,0,1,3
7,6,0,1,0,63,0,0,1,6,1,13,1,0,1,3
7,7,1,1,1,40,0,1,1,23,6,47,26,1,1,3
4,11,2,3,1,57,0,0,0,21,0,86,8,0,1,0
9,0,2,3,0,7,1,0,2,17,9,49,10,0,1,3
9,3,2,0,1,62,1,0,0,26,1,81,14,0,1,0
4,0,2,3,0,-8,1,0,0,16,10,97,14,0,0,2
3,0,0,2,0,134,0,1,2,29,9,80,29,1,0,1
7,11,0,1,1,76,0,0,0,14,0,47,42,1,0,0
3,4,2,2,0,53,0,1,0,30,3,45,41,0,1,3
2,11,1,0,1,40,1,0,2,31,1,82,54,1,1,0
1,0,1,1,1,9,0,0,2,23,0,61,27,0,0,0
5,1,0,1,1,155,1,1,2,2,2,97,5,1,1,1
9,0,1,2,1,70,1,0,0,18,8,97,31,1,0,0
3,2,0,3,1,176,1,0,0,7,3,40,9,1,1,3
6,2,1,0,0,61,1,1,0,21,2,35,5,0,1,2
1,11,2,1,0,13,1,1,1,26,10,89,24,0,1,3
5,7,1,3,0,7,0,0,2,6,1,96,26,1,0,3
1,6,2,1,1,5,1,0,2,25,6,91,21,0,1,2
2,5,2,0,0,123,1,1,1,25,9,90,14,0,1,0
6,2,0,0,0,18,1,1,0,12,4,34,15,0,1,3
9,11,2,1,1,165,0,1,1,12,1,42,3,0,0,1
9,7,0,1,1,112,1,1,2,23,5,83,60,0,0,2
6,0,2,0,1,139,1,1,2,6,4,28,8,0,0,2
8,10,1,0,1,106,1,1,1,21,9,75,4,0,0,3
7,1,1,2,0,59,0,1,0,17,2,56,6,1,1,0
2,7,1,3,1,149,0,1,0,7,10,89,8,0,1,2
2,10,0,0,0,-9,1,0,1,12,5,30,1,0,1,3
5,7,0,0,1,64,1,0,0,22,7,96,56,0,0,3
8,6,2,3,1,87,0,0,1,1,10,17,6,1,0,2
1,4,1,3,1,127,1,0,2,23,1,40,29,1,0,0
3,0,1,3,1,145,1,0,2,10,6,65,2,0,0,2
3,6,2,2,0,87,1,1,0,15,5,73,39,0,1,0
7,6,0,3,1,145,0,0,1,8,0,90,9,1,1,1
6,0,1,2,1,61,1,0,1,30,4,90,14,1,0,2
5,1,0,2,0,175,1,0,2,16,2,19,7,0,0,2
1,8,0,1,1,105,0,0,0,21,1,38,21,0,1,2
8,3,0,0,0,23,0,1,1,13,9,7,1,1,1,3
6,10,2,3,1,151,1,0,1,18,10,99,59,1,0,3
5,0,0,1,0,21,0,0,2,13,8,45,19,1,1,2
1,9,2,3,0,65,0,0,1,13,6,83,8,1,0,1
1,3,0,0,1,124,1,0,0,15,0,47,9,1,1,0
9,10,1,2,1,19,1,1,2,31,7,75,44,1,0,1
3,7,2,2,0,156,0,1,1,16,10,38,4,0,0,1
8,3,1,1,0,8,1,0,2,12,5,67,3,1,1,0
9,0,2,2,1,25,0,1,0,5,8,59,5,1,1,2
1,4,0,2,1,150,0,0,2,7,0,74,13,1,0,3
7,11,0,2,0,-4,1,0,0,2,3,95,3,0,0,2
4,3,0,3,1,159,0,1,2,29,8,41,4,1,1,3
4,0,0,0,1,142,0,0,0,25,0,42,26,0,0,0
1,1,2,2,0,122,0,0,2,11,0,17,4,0,0,2
2,2,1,0,1,-11,0,1,0,19,11,84,3,1,1,1
2,9,1,3,0,137,1,0,1,19,3,48,23,0,1,1
5,8,1,1,0,32,1,0,2,14,8,91,15,0,1,2
8,8,0,1,0,47,0,1,1,5,1,79,31,1,0,0
2,2,0,2,0,67,0,0,0,19,11,40,12,1,0,1
1,7,1,0,1,96,0,0,0,31,6,48,11,1,1,1
5,2,2,3,0,171,0,0,0,20,10,63,10,0,1,0
2,2,0,1,0,14,0,0,1,10,9,8,3,0,0,2
8,7,1,3,0,88,0,1,1,23,4,51,44,1,0,1
1,5,0,0,0,79,1,0,1,31,5,26,3,0,0,1
3,7,0,1,1,103,1,1,0,22,7,89,21,1,1,3
1,6,1,2,1,147,1,0,2,8,10,39,11,1,0,1
8,2,0,2,0,-1,0,1,1,31,7,91,46,1,0,0
8,2,1,1,1,70,0,1,0,21,9,66,29,0,0,3
7,1,2,1,0,108,1,1,1,21,1,80,6,1,0,1
8,6,0,3,0,148,0,0,0,8,8,35,2,1,0,0
7,2,0,0,0,-6,1,1,2,29,1,32,1,0,1,1
6,3,2,0,0,-16,1,1,0,21,3,48,6,0,1,0
4,7,0,1,0,173,0,1,1,25,2,48,2,0,1,3
7,5,0,0,0,68,0,0,0,27,0,35,1,0,1,1
9,3,1,1,0,135,1,0,0,9,1,73,4,0,0,2
4,6,1,2,0,179,0,0,2,22,10,51,25,1,1,2
4,6,0,1,0,169,1,0,0,20,11,93,6,0,0,0
3,3,0,2,1,113,0,0,1,7,4,65,7,1,1,2
5,10,2,1,1,98,1,1,0,23,4,33,4,0,0,1
7,6,2,2,0,153,1,1,2,21,6,64,3,0,0,1
7,7,1,3,0,-9,0,1,2,23,7,61,16,0,0,3
7,2,2,1,0,36,0,0,0,16,7,84,12,0,1,3
5,9,0,1,0,15,1,1,1,28,3,48,28,0,0,1
2,5,0,2,0,172,1,1,0,20,7,97,18,1,0,0
5,3,0,2,1,41,0,0,1,25,10,21,4,1,1,3
1,2,0,0,1,174,0,0,0,15,10,38,6,1,1,3
6,11,2,1,0,141,1,0,2,21,8,75,31,0,1,1
4,9,0,2,0,59,0,0,0,11,3,53,41,1,1,2
4,9,0,1,1,11,1,0,2,16,4,69,20,0,0,1
3,1,1,1,0,0,0,0,1,7,8,73,24,1,0,2
9,11,1,2,1,75,1,0,0,25,6,77,42,1,0,3
8,6,2,3,0,165,0,0,0,3,0,67,13,0,1,0
7,7,0,1,0,66,1,0,1,23,1,77,12,0,1,1
3,2,1,3,1,5,1,1,2,1,7,94,37,1,0,3
3,5,2,0,0,90,1,1,1,26,11,62,18,0,0,1
5,10,1,2,1,59,1,1,1,18,0,47,5,1,1,1
5,7,0,3,0,138,1,1,0,6,3,69,8,0,1,0
5,6,2,2,1,155,1,0,0,7,0,56,3,0,0,3
2,6,1,3,0,32,0,0,1,30,3,54,49,0,1,0
8,8,0,3,0,-10,1,1,0,13,2,93,12,1,0,3
1,9,2,3,0,32,1,0,2,27,2,58,27,1,1,0
7,5,1,1,0,173,1,1,2,5,10,34,2,0,1,1
6,6,2,3,1,100,0,0,1,5,4,48,36,1,0,3
6,0,2,1,1,100,0,0,2,15,9,50,35,1,0,3
4,5,0,3,0,161,1,0,0,17,3,54,1,0,0,3
7,2,1,2,1,119,0,1,0,30,0,69,15,0,0,0
2,2,2,2,0,65,1,0,1,3,4,69,10,0,1,0
2,5,1,2,0,43,1,1,2,19,0,67,39,0,1,0
5,1,2,1,1,131,0,0,0,27,10,85,39,0,1,3
8,0,1,3,1,12,0,1,1,30,0,55,29,1,1,2
3,7,1,1,0,-14,0,1,1,16,5,60,17,0,1,3
6,9,2,2,0,-11,1,0,0,20,4,81,13,0,1,3
9,9,1,3,0,132,1,1,0,19,10,91,23,1,0,1
2,5,1,0,0,71,0,1,0,20,9,86,8,0,1,0
5,9,1,0,0,42,0,1,0,2,4,23,6,1,0,1
3,3,0,3,0,-20,1,1,0,7,0,64,3,1,0,2
3,11,1,1,0,5,0,1,2,23,10,85,6,1,1,0
7,11,0,3,1,49,1,0,2,25,1,27,7,0,1,1
8,5,0,1,1,-5,0,1,0,27,7,69,19,0,0,3
5,2,1,0,1,21,1,1,0,17,8,68,7,1,1,0
6,5,1,1,1,68,1,0,1,10,0,64,32,1,0,0
4,2,2,3,1,107,1,1,2,4,8,78,38,1,1,3
8,2,1,1,1,70,1,0,0,14,4,74,32,0,1,2
8,2,0,2,1,158,0,1,2,26,5,20,1,1,1,1
3,8,2,3,1,78,1,1,1,10,6,60,22,1,0,2
3,1,0,0,1,168,0,0,0,15,4,70,1,0,1,1
7,5,2,0,0,-4,0,1,2,20,9,64,3,0,1,2
7,1,1,1,1,145,1,1,1,2,8,58,27,1,0,2
6,0,2,0,1,88,1,1,1,30,0,53,4,1,0,1
8,2,0,1,0,113,0,0,0,13,10,35,11,1,0,1
6,9,2,2,1,53,0,0,1,3,4,42,9,0,1,2
1,4,1,0,0,19,1,1,1,8,10,98,16,0,0,1
5,7,0,0,1,40,1,1,0,25,10,72,38,1,1,3
8,10,1,0,1,80,0,0,1,28,4,59,3,1,1,0
9,2,2,1,1,96,0,1,1,4,1,37,27,0,1,3
8,8,1,0,1,121,0,0,1,17,10,26,5,0,0,2
4,8,2,0,1,98,1,1,0,3,0,58,1,1,0,0
6,10,1,1,1,169,1,0,1,7,2,82,9,1,1,0
6,7,1,3,0,80,0,0,2,22,9,29,12,0,0,2
1,1,1,0,1,166,1,1,1,1,3,40,13,1,0,0
1,7,1,2,0,38,0,0,2,27,11,75,31,0,1,0
3,7,0,1,0,38,1,0,0,15,1,60,4,1,0,2
5,8,0,0,0,31,1,0,2,11,7,51,25,1,0,0
5,9,1,2,0,51,0,1,1,18,1,37,36,0,0,0
3,6,0,3,1,19,1,0,0,10,3,49,1,1,1,3
1,0,2,3,1,95,0,1,2,11,5,32,20,0,1,3
7,4,1,1,1,56,1,1,0,1,7,95,13,0,1,1
8,9,1,3,0,172,1,0,0,17,9,67,4,1,0,2
2,6,1,3,1,63,1,0,2,3,9,20,5,1,1,1
6,4,0,1,0,84,0,1,2,28,11,92,45,0,1,1
8,9,2,2,0,46,1,1,2,16,7,67,17,0,1,0
8,0,1,2,1,162,1,1,2,9,10,97,52,1,0,1
5,7,0,0,1,63,1,1,2,4,1,78,44,1,0,0
6,2,0,0,1,36,1,1,1,10,3,91,24,0,0,1
8,6,1,2,1,96,0,1,2,13,11,70,31,0,0,3
6,8,0,3,1,52,1,0,0,19,5,77,10,1,0,0
9,5,1,3,0,0,1,1,0,25,7,90,20,1,0,1
8,1,0,3,1,18,1,0,2,24,7,39,9,0,0,2
9,2,2,0,1,7,1,1,1,12,7,93,28,0,0,1
9,8,2,2,1,-19,0,0,0,25,4,50,20,1,1,3
8,11,1,2,1,88,0,1,0,14,4,65,7,1,0,2
8,1,0,3,1,102,0,1,1,28,10,20,8,1,0,2
7,10,0,2,0,140,1,0,2,17,2,48,6,1,1,2
9,7,2,3,1,164,0,0,0,1,7,94,56,0,0,2
4,2,2,3,0,63,1,0,2,20,8,86,53,0,0,0
2,10,1,2,1,117,1,0,0,30,1,79,10,0,1,3
1,9,2,2,0,78,0,0,0,20,3,16,14,0,1,3
6,3,1,2,0,44,0,1,2,20,10,80,32,0,1,0
3,8,2,0,1,173,0,1,0,2,11,48,11,1,1,2
7,11,0,2,0,172,1,1,0,1,6,59,2,0,0,3
1,11,0,3,0,59,0,0,2,5,11,48,20,1,0,0
3,3,2,0,1,57,0,1,2,13,0,98,10,0,1,0
9,9,0,2,0,32,1,1,0,23,6,60,22,0,0,1
9,4,2,3,0,41,0,0,2,3,4,61,3,0,0,1
8,3,2,0,1,113,1,0,0,21,6,83,45,0,0,0
6,7,1,2,0,37,1,1,2,26,2,54,22,0,1,1
8,1,1,3,0,20,1,1,0,3,5,60,30,0,0,3
4,7,0,3,0,126,0,1,2,23,2,71,3,0,1,0
5,8,0,0,1,77,0,0,0,10,11,94,42,1,1,1
1,9,2,0,1,-9,0,1,1,29,2,44,2,0,0,2
9,7,2,2,1,153,1,0,1,13,10,38,1,0,1,3
8,1,2,0,0,76,1,1,0,3,3,61,7,1,1,0
8,2,0,3,0,38,0,0,2,14,9,70,3,1,0,0
5,2,0,2,1,16,1,1,0,11,8,38,12,1,0,3
7,2,2,0,1,162,0,1,2,4,7,44,2,1,1,3
4,10,0,1,1,119,1,0,0,8,5,60,30,0,1,3
9,7,1,0,0,113,1,0,1,16,8,90,45,0,0,3
7,9,2,1,1,60,0,0,0,27,3,32,34,1,1,2
1,8,0,3,0,82,0,1,0,7,6,55,29,1,0,0
8,6,1,0,0,32,1,0,0,19,10,65,36,1,1,3
1,4,2,1,1,103,1,0,0,23,2,79,6,0,1,2
8,6,2,3,0,-19,1,0,0,13,6,96,6,0,0,2
1,5,0,0,0,73,0,0,0,30,5,80,23,0,1,2
6,2,2,2,1,16,1,0,0,18,3,34,2,1,0,3
1,7,0,3,1,24,1,1,0,4,11,46,9,0,1,2
2,2,2,3,0,25,0,1,2,19,6,90,63,1,0,3
9,11,2,0,1,70,1,0,2,23,4,51,34,1,1,1
2,2,2,0,1,41,0,0,0,29,4,45,41,1,0,2
3,9,2,1,1,52,1,1,1,29,6,57,8,0,0,1
5,11,0,3,0,7,1,0,1,23,3,63,39,1,0,0
4,3,1,3,0,54,1,0,2,26,8,82,34,1,1,0
3,8,0,3,0,55,1,1,0,28,4,35,6,0,1,2
3,3,0,2,0,132,0,1,0,1,3,98,2,0,1,0
8,2,2,1,1,40,1,1,0,4,7,76,3,1,0,2
2,2,2,1,0,75,0,0,1,27,10,48,26,1,1,3
4,11,2,0,0,85,1,0,1,21,7,52,19,1,1,3
7,8,0,0,0,26,0,1,1,10,9,88,29,1,1,2
7,1,0,3,0,85,1,1,2,10,2,32,16,0,1,0
9,2,1,0,1,52,0,0,1,19,0,43,11,0,0,0
3,3,2,1,1,56,0,0,2,9,1,86,6,0,1,1
7,6,2,0,1,87,0,1,1,3,0,66,17,1,0,1
4,3,2,3,1,96,0,0,2,23,8,79,45,0,1,2
4,9,1,3,1,48,0,0,2,14,1,88,46,1,1,1
7,11,1,2,1,54,0,0,1,14,6,57,33,1,0,1
5,6,0,2,0,165,0,0,0,9,0,82,62,0,1,2
4,9,2,3,0,161,1,0,1,12,2,51,1,0,0,0
1,3,1,0,0,129,1,0,2,2,0,79,1,0,0,3
7,10,2,1,1,136,0,1,0,21,8,93,12,0,0,2
2,7,1,3,1,113,1,0,2,14,11,74,31,1,0,2
5,10,0,0,1,5,0,0,2,1,3,14,6,1,0,2
5,1,1,1,0,-4,1,1,2,12,3,58,1,1,1,2
9,4,2,2,1,135,1,1,0,19,8,99,20,1,0,1
2,2,1,0,0,11,1,0,1,12,8,96,2,1,1,0
3,0,1,0,1,118,1,0,1,15,8,82,11,1,0,0
2,10,1,0,0,30,1,1,2,23,7,83,31,0,1,3
3,2,2,2,0,167,1,1,1,14,5,62,1,1,0,3
6,8,0,0,1,78,1,1,1,19,8,88,36,1,1,3
9,11,1,0,0,105,0,1,2,21,7,84,61,1,0,0
7,8,0,3,0,72,1,0,1,23,3,73,55,0,1,0
5,8,2,2,1,32,1,0,0,23,9,51,17,0,1,0
1,7,0,2,1,115,1,1,1,4,9,89,43,1,0,2
8,11,2,0,1,34,0,0,1,23,7,40,8,0,1,0
4,0,0,2,1,29,0,0,1,28,2,25,29,1,0,2
5,6,1,1,1,19,1,0,1,28,6,26,12,0,0,3
2,4,1,2,1,79,1,0,2,18,7,44,3,1,0,0
5,2,2,3,1,86,1,0,2,22,7,90,35,0,0,1
5,7,0,0,1,76,1,0,0,25,8,33,4,1,1,0
2,3,1,1,0,75,0,0,0,14,6,40,27,0,0,3
3,10,0,1,0,36,1,1,2,31,11,66,28,1,0,3
6,8,0,0,1,157,0,1,2,24,3,57,46,1,1,2
9,11,1,3,1,51,0,0,2,14,0,60,30,0,0,3
6,7,1,3,0,167,1,0,1,30,8,76,15,1,0,3
2,11,1,0,1,90,0,1,1,11,8,95,47,0,0,1
7,9,1,1,1,71,1,1,2,26,0,63,13,1,1,1
3,6,1,3,1,90,0,0,2,24,5,83,56,0,0,0
5,4,1,2,0,21,1,0,2,12,10,33,8,0,0,2
6,4,0,1,1,40,0,0,1,19,3,97,16,0,1,1
6,9,2,1,0,37,1,0,0,11,4,61,37,0,1,2
4,7,1,0,1,12,0,1,0,30,4,74,22,0,0,2
3,9,1,3,1,81,1,0,0,24,8,93,19,0,1,3
3,0,0,0,0,-7,1,0,2,5,10,61,11,1,1,2
4,5,2,3,1,4,0,0,2,13,2,85,18,1,1,0
8,7,0,0,1,2,0,1,1,30,5,86,37,0,0,3
6,5,0,1,0,153,1,1,1,20,8,85,53,1,1,2
8,1,1,3,0,114,0,1,1,31,3,36,36,1,1,3
9,10,2,3,1,15,0,1,1,12,9,42,7,1,1,1
2,0,0,3,0,12,0,1,1,22,9,44,6,0,0,0
6,10,2,2,0,16,0,0,0,17,8,18,10,0,0,2
2,6,1,1,1,37,0,0,1,20,10,82,10,0,1,0
4,1,2,2,1,38,0,0,1,26,4,38,4,0,1,0
8,9,2,2,0,38,0,0,1,31,8,57,34,1,1,1
4,2,0,0,0,111,1,1,1,8,2,42,26,0,1,3
1,3,1,1,1,117,0,0,1,15,11,88,42,1,0,2
8,3,0,3,1,51,0,1,1,19,0,95,23,0,1,1
4,9,2,2,1,142,1,1,0,30,5,52,11,0,1,2
3,8,0,3,1,63,1,1,0,8,0,29,12,1,0,2
8,7,2,2,1,19,0,1,2,12,1,45,5,0,1,2
1,8,2,1,0,149,1,0,1,6,3,69,10,1,0,0
5,2,2,0,0,46,0,0,0,28,5,62,38,0,1,3
4,5,0,3,1,116,0,1,1,21,11,93,3,0,0,3
2,0,2,2,1,139,0,1,0,25,6,30,5,0,1,1
7,9,0,3,1,59,0,1,0,29,1,64,40,0,1,1
6,7,2,3,1,45,1,0,2,16,9,21,5,0,0,2
6,7,1,1,0,42,1,0,0,5,11,30,3,0,1,3
7,9,2,2,1,94,0,1,1,11,2,51,42,1,1,3
3,1,0,3,0,132,0,0,2,27,1,14,3,0,0,0
7,5,1,3,0,-1,0,1,1,9,10,99,27,0,0,3
8,9,1,2,0,4,0,0,0,10,9,91,26,1,1,1
5,7,1,3,1,127,0,0,0,23,11,99,50,0,0,3
4,8,2,1,1,66,1,1,1,24,9,91,62,0,0,1
8,1,0,1,0,32,0,0,0,12,7,59,26,0,0,2
9,5,0,2,1,51,0,1,2,17,6,54,19,0,0,2
9,0,2,2,0,39,1,0,0,3,7,96,5,0,0,2
9,6,1,3,0,27,1,1,2,7,5,95,10,0,1,1
3,1,0,0,1,179,0,0,1,29,0,57,4,0,1,1
1,9,2,0,0,139,0,1,1,5,10,85,42,0,1,2
9,9,0,1,0,-15,0,0,1,21,10,56,13,1,0,2
6,3,0,2,0,122,0,0,2,6,4,87,54,0,1,3
5,11,1,3,1,33,1,1,1,5,10,86,11,1,1,0
2,0,1,0,0,157,0,0,1,11,11,34,15,0,0,1
1,0,0,1,0,27,1,0,0,7,11,70,21,0,0,1
6,0,1,2,0,171,0,1,2,18,8,63,5,0,1,2
6,6,1,0,0,21,1,0,1,5,11,78,22,1,0,0
7,10,1,1,0,-7,1,1,1,3,8,7,4,1,0,1
9,1,0,0,1,41,1,0,1,29,7,67,9,1,0,2
6,5,0,1,0,40,0,1,2,28,8,23,3,1,1,0
9,7,2,3,0,121,1,1,2,3,2,24,12,0,1,2
4,8,1,2,0,140,0,1,2,14,9,31,6,1,0,2
2,3,2,2,1,49,0,1,1,9,3,74,2,0,1,3
8,0,1,1,0,44,0,1,1,11,0,11,10,0,1,2
9,3,0,1,1,7,1,1,1,19,2,91,24,1,0,0
3,9,1,0,0,26,1,1,0,27,8,76,22,0,1,3
6,5,1,1,0,12,0,1,1,20,9,94,47,0,0,1
3,0,2,1,0,57,1,0,1,5,8,53,1,1,1,0
3,5,2,2,1,152,1,0,1,17,8,33,6,1,1,3
8,11,2,1,1,71,1,1,0,31,5,70,15,0,0,0
7,1,1,2,0,159,0,1,0,5,4,38,21,1,1,2
5,4,2,0,0,157,1,1,0,19,5,99,7,1,1,3
7,2,2,2,0,91,1,1,1,6,3,59,1,1,0,2
7,4,0,2,0,147,1,1,0,17,1,87,13,1,0,0
2,10,0,3,0,14,1,1,0,27,2,87,21,0,0,0
9,9,2,2,0,60,1,1,1,27,11,88,32,0,0,2
5,5,1,3,1,24,1,0,0,13,1,62,28,1,1,2
5,7,0,3,1,62,1,0,0,20,9,46,18,0,1,3
1,9,2,3,0,26,0,0,0,18,4,51,46,1,0,1
9,9,2,2,0,-6,0,1,1,24,3,47,4,0,0,2
4,4,0,1,1,45,0,0,1,10,5,95,10,0,0,0
6,8,2,3,1,112,1,0,1,20,8,75,47,1,1,3
2,4,0,0,1,31,1,1,1,24,6,98,30,0,1,0
7,8,0,3,0,151,0,1,1,8,6,32,8,1,0,2
6,5,1,3,1,12,1,1,2,26,10,44,9,0,0,1
7,1,1,3,1,60,0,0,2,2,9,89,31,0,0,3
1,6,1,3,0,103,1,0,1,29,11,81,35,1,0,3
9,8,1,3,0,116,0,0,2,14,10,85,1,1,0,0
4,4,2,1,1,46,1,0,0,26,7,74,50,0,0,1
5,4,0,2,0,36,1,0,2,2,11,80,17,0,1,2
7,9,0,2,1,130,0,1,1,3,9,74,1,0,1,1
7,2,2,0,1,43,0,0,0,28,6,11,5,0,1,2
2,11,2,1,0,171,1,1,1,11,9,80,49,0,1,3
2,9,0,0,1,4,0,1,1,15,9,84,7,0,1,3
3,2,2,3,1,73,0,0,1,31,0,38,6,0,0,2
7,11,1,1,1,153,0,0,1,5,10,9,1,0,0,2
1,6,1,3,1,17,0,1,1,29,10,61,20,0,1,1
1,3,1,1,0,16,1,1,0,8,5,82,41,0,1,2
6,0,2,1,1,84,0,1,0,28,10,86,48,1,1,2
4,7,2,2,0,72,1,1,2,21,4,67,12,0,1,1
3,10,2,3,0,31,1,0,0,30,10,86,44,1,1,3
4,0,1,2,0,-14,1,1,1,2,2,73,19,1,0,3
7,4,1,2,0,13,0,1,1,21,3,94,22,0,0,1
9,4,1,1,0,-10,0,1,2,27,0,77,3,1,1,1
6,9,1,1,0,69,1,1,0,12,1,37,20,1,1,2
2,2,2,2,0,162,0,0,2,8,7,47,9,0,0,0
2,4,2,2,1,137,0,0,1,29,9,69,21,1,0,2
4,10,0,0,1,68,1,1,0,22,5,95,10,1,1,1
8,7,0,2,1,61,1,0,0,1,5,95,11,0,0,2
1,4,0,3,1,32,0,0,2,28,2,15,12,0,0,3
8,1,2,3,1,129,0,1,2,30,0,45,8,1,1,0
3,11,1,3,1,110,0,0,2,28,9,90,34,1,1,0
1,3,1,1,1,154,1,0,2,12,8,49,4,1,1,3
9,2,2,1,1,41,1,1,0,18,1,28,25,1,0,2
8,4,0,2,1,100,1,1,0,20,10,79,8,0,1,1
9,0,2,0,0,158,0,1,0,21,2,68,2,0,0,3
7,11,2,0,0,62,0,1,2,14,9,77,52,1,0,2
2,0,0,2,1,88,0,1,2,26,0,30,24,0,1,2
3,10,0,3,0,159,0,0,0,2,3,42,2,0,0,3
6,4,2,3,1,171,0,1,1,11,10,45,3,1,0,0
4,2,0,2,0,0,0,0,2,29,1,74,36,0,1,3
3,9,2,3,0,74,0,1,1,11,10,27,13,1,1,3
8,1,1,1,0,93,0,0,0,25,2,37,10,0,0,2
5,3,1,2,0,152,0,1,0,17,9,76,28,0,0,0
6,5,1,2,0,116,1,0,0,28,5,68,14,1,0,3
6,1,1,0,1,55,0,1,1,6,11,97,19,0,1,1
7,7,1,1,0,160,1,0,2,8,10,52,10,1,1,0
2,11,2,0,0,79,1,0,0,18,2,94,1,1,0,0
7,11,0,3,0,70,1,1,2,19,6,62,29,0,0,2
7,3,2,1,1,69,1,1,2,1,2,39,27,0,0,3
7,0,2,2,1,63,1,1,1,18,6,26,18,1,1,3
3,10,1,2,1,108,1,1,1,24,5,98,21,0,1,1
7,9,0,2,0,111,0,0,1,28,11,96,38,1,1,1
2,7,2,0,1,18,0,0,0,23,7,95,31,1,1,1
4,4,1,1,1,40,1,0,2,31,9,53,8,1,1,0
7,4,1,3,0,81,1,0,2,11,9,68,33,1,0,3
6,4,0,1,1,125,0,1,0,6,6,74,1,1,1,3
3,0,2,3,0,68,0,0,1,24,7,33,29,0,0,2
1,4,2,3,1,51,0,1,1,13,8,79,33,0,1,0
7,9,2,3,0,-1,0,1,0,23,6,63,23,0,1,2
7,6,1,3,1,151,0,0,0,6,8,77,36,1,1,1
7,5,2,1,0,50,1,1,0,17,3,74,19,1,0,2
4,11,1,2,0,111,1,0,1,31,0,50,40,1,1,3
9,2,1,1,1,54,1,0,2,17,7,97,52,0,0,1
8,4,1,1,1,18,0,0,2,26,11,90,43,1,1,3
5,5,1,2,1,55,1,1,2,3,2,71,34,0,0,1
5,11,2,1,0,168,1,0,1,8,2,79,14,1,1,1
2,10,1,3,1,138,0,0,0,19,8,95,13,0,1,0
5,7,1,1,1,59,0,0,0,20,11,49,18,1,0,1
5,6,0,3,0,151,1,0,0,13,2,16,5,1,0,3
5,0,2,0,0,52,0,0,2,18,5,11,9,0,0,3
9,10,2,2,0,162,1,0,1,26,0,45,48,1,0,3
3,0,1,1,0,45,1,0,0,25,3,51,37,1,1,1
1,9,2,2,0,47,0,1,1,29,1,31,13,0,1,0
2,4,2,1,1,6,1,0,2,26,4,80,15,1,1,3
2,11,1,3,0,23,0,0,1,17,2,34,22,1,1,0
8,6,1,0,0,155,0,1,2,7,4,40,18,0,0,0
3,6,1,3,0,124,1,0,0,3,7,85,40,0,1,0
7,5,2,2,0,70,0,0,1,14,1,21,17,0,0,1
2,11,1,1,0,42,0,0,0,24,9,80,48,1,0,0
2,10,0,2,0,121,1,1,0,21,10,72,6,1,1,0
8,5,1,0,0,132,0,1,1,16,0,80,3,1,0,1
6,3,0,3,1,98,0,1,1,29,9,88,52,0,1,3
6,7,1,2,0,-17,1,0,0,10,5,91,6,0,0,3
4,10,0,1,0,91,1,0,0,19,11,71,11,0,0,1
8,10,0,0,1,56,1,0,1,19,10,84,13,1,0,0
3,10,0,1,1,68,0,0,0,13,6,74,20,1,0,1
3,10,1,1,1,125,1,0,1,28,9,94,22,0,0,1
3,8,1,2,0,6,1,0,1,19,6,25,3,0,1,1
4,3,2,2,1,71,1,0,0,23,7,90,29,1,1,2
2,7,2,3,0,168,0,0,2,16,0,53,8,1,1,1
5,7,2,1,1,29,1,1,2,29,3,66,13,0,1,2
7,6,2,0,1,9,1,1,1,19,6,85,11,1,1,0
1,5,0,2,0,41,1,0,1,29,0,61,15,1,0,0
3,7,2,2,0,58,0,0,0,10,3,45,4,1,0,1
2,2,0,1,1,-14,1,1,2,6,5,99,5,0,0,0
5,8,0,0,1,101,0,1,1,27,1,63,1,1,0,0
4,9,0,1,0,89,0,0,0,29,3,32,5,0,0,2
3,10,0,3,1,158,1,1,0,26,6,96,21,1,0,0
8,4,1,2,1,19,0,0,1,19,4,28,24,1,0,3
9,9,0,2,1,-20,1,0,0,30,3,79,15,0,0,3
8,9,0,2,1,7,1,0,0,10,9,18,7,0,0,2
7,5,1,3,0,153,1,1,1,8,5,26,1,0,0,3
9,2,0,1,1,68,1,1,1,19,7,48,4,0,1,3
3,11,1,3,1,58,1,1,0,26,5,21,1,0,0,1
4,11,2,2,0,21,0,0,1,20,8,32,1,1,1,1
6,10,0,3,0,-4,1,1,2,17,10,71,20,0,1,2
1,0,2,3,1,131,0,1,2,27,7,75,30,0,1,2
3,0,2,3,0,-11,1,0,0,16,2,52,11,0,1,1
4,11,2,1,0,47,0,0,0,18,3,21,11,0,0,1
4,3,0,0,0,125,0,0,2,29,2,53,41,0,1,2
8,1,1,2,0,105,1,0,0,5,11,26,12,1,0,3
9,0,0,3,0,179,1,1,1,30,0,98,2,1,1,3
9,3,0,0,0,61,0,1,0,5,8,25,11,1,0,3
5,7,1,1,0,-20,0,1,1,22,4,92,18,1,0,2
7,0,2,2,0,-3,0,0,1,31,11,86,16,1,0,3
5,5,2,1,0,25,0,1,1,5,9,84,15,0,1,1
1,7,0,1,1,86,1,0,1,3,2,69,13,1,1,1
3,3,1,1,1,-17,1,0,2,17,3,60,3,0,1,0
9,11,1,3,0,96,1,0,1,15,4,36,21,0,1,3
8,4,0,3,1,45,1,1,1,23,4,58,33,1,1,0
8,0,2,3,1,176,1,0,1,25,1,54,7,1,1,1
5,11,2,3,0,2,1,1,2,24,9,78,8,1,1,3
2,10,2,2,0,48,1,1,2,19,9,93,1,0,0,0
3,11,1,0,1,103,1,1,2,6,7,47,7,1,1,1
3,1,1,2,0,47,1,0,1,22,4,66,35,1,0,0
2,1,2,3,0,145,0,0,1,8,1,31,28,0,0,1
1,5,0,2,1,18,1,1,1,11,5,79,39,0,1,0
2,1,0,1,1,25,1,1,2,24,9,42,7,1,1,2
6,0,2,0,1,72,0,1,1,6,0,32,19,0,1,3
8,3,0,0,1,77,0,1,1,24,7,66,25,1,1,2
3,2,2,3,1,27,1,1,0,27,3,92,58,0,1,1
3,7,2,3,0,76,1,0,1,22,5,64,39,0,1,3
7,8,2,3,1,88,1,1,1,22,8,75,6,0,0,2
8,11,2,1,1,166,0,0,0,25,5,66,21,1,0,1
1,7,0,3,0,132,1,1,0,27,8,40,10,1,1,1
2,4,2,2,1,91,1,1,2,24,9,92,43,0,1,1
9,5,0,2,0,61,1,1,1,20,5,17,1,1,1,3
9,8,2,1,1,34,1,0,1,13,8,92,4,1,1,2
2,10,1,0,1,13,0,1,1,28,10,71,18,0,1,1
3,2,0,3,1,44,0,1,0,22,0,46,22,0,1,3
3,10,2,1,0,44,0,1,0,26,3,63,9,1,1,3
1,4,2,2,1,114,0,0,1,7,1,31,1,1,0,3
2,9,0,3,1,94,0,1,1,4,1,87,10,1,1,2
2,11,1,0,0,63,1,0,0,21,10,84,17,1,1,3
3,6,0,1,1,39,0,0,0,30,10,94,51,0,0,1
5,9,0,2,1,58,0,0,1,18,8,35,2,1,1,2
8,1,2,1,1,79,1,0,2,27,6,69,3,1,1,1
7,10,1,0,0,123,1,0,1,10,3,59,9,1,0,0
2,10,0,3,0,89,0,1,0,14,1,71,3,1,1,1
9,11,0,3,0,76,0,0,0,23,7,61,26,1,0,2
1,10,2,3,1,58,1,0,1,8,9,18,9,1,0,3
6,6,0,2,0,82,1,1,1,31,6,39,13,0,1,1
4,5,1,0,0,42,1,1,1,17,4,91,27,0,0,0
4,5,2,2,1,17,0,1,2,15,1,52,9,1,1,3
4,1,2,3,1,75,0,1,1,11,8,94,43,0,1,2
8,2,2,3,1,-10,0,1,2,13,11,94,3,0,1,3
3,10,1,0,1,20,1,1,0,31,0,70,57,1,0,0
5,1,0,1,0,-5,0,0,2,8,2,59,12,1,1,2
3,10,0,0,1,58,0,1,0,30,9,89,29,0,0,2
2,8,0,0,1,16,0,1,2,31,3,62,41,1,1,1
6,8,2,1,1,45,1,0,0,29,1,75,9,0,1,0
3,3,2,2,1,6,1,0,1,21,2,73,12,1,1,1
6,8,0,0,1,21,1,1,0,29,3,89,13,0,1,1
9,3,2,0,1,42,0,1,0,22,6,36,18,1,1,3
3,9,2,1,1,178,1,1,2,7,9,88,10,0,0,1
1,5,2,3,0,32,0,1,0,25,0,62,30,1,1,1
9,7,1,2,0,28,0,0,0,2,11,94,11,1,1,2
4,6,2,0,1,60,0,1,0,23,10,86,40,0,0,3
2,1,1,0,0,31,0,1,0,16,8,69,37,0,0,1
1,9,0,2,0,75,0,1,0,31,1,52,26,0,1,0
7,11,0,1,0,133,1,0,1,14,5,50,28,0,0,2
7,0,2,2,1,69,1,1,0,17,9,76,35,0,0,2
6,0,1,2,1,106,1,0,2,29,7,39,29,0,0,3
5,10,1,1,0,36,0,1,0,7,3,95,1,0,0,3
3,9,2,2,1,105,0,0,0,16,3,45,22,0,1,2
1,5,0,3,1,80,1,1,1,15,9,73,12,1,1,1
6,1,0,0,0,137,1,1,1,12,6,83,7,0,0,1
5,1,1,3,0,7,1,1,1,29,9,41,19,0,1,0
3,6,0,0,0,29,1,1,0,28,5,71,57,0,0,2
9,8,1,0,0,145,0,1,2,3,0,64,17,0,0,2
9,6,2,3,1,22,1,1,0,15,0,60,6,0,0,2
6,5,2,0,0,101,0,1,2,3,8,46,21,1,1,1
9,6,1,0,1,32,1,1,1,30,4,91,41,0,1,1
5,5,1,3,1,151,0,1,1,12,11,11,3,1,1,2
3,3,0,3,1,139,1,0,1,17,8,53,23,1,0,3
2,11,0,0,1,58,0,0,2,19,1,23,2,1,1,1
6,3,0,1,0,134,0,1,0,31,6,68,13,1,0,2
2,0,1,0,0,163,1,1,1,27,10,49,15,0,0,3
2,10,1,2,0,149,0,0,0,6,8,98,3,1,1,0
6,8,1,0,0,86,0,1,1,31,10,86,22,1,1,0
6,9,1,0,0,39,1,0,0,6,3,98,15,1,0,2
5,8,2,3,0,-1,1,1,0,20,3,66,17,0,1,2
7,7,0,1,0,124,0,0,0,4,10,99,41,0,1,0
3,7,2,0,1,88,1,0,1,22,10,92,34,1,0,2
5,4,0,2,0,177,1,1,1,19,1,58,6,1,0,3
5,7,2,3,1,23,1,0,2,14,5,34,11,1,0,3
3,8,1,2,1,156,1,0,2,24,1,31,18,0,0,3
5,0,2,0,1,85,0,1,1,26,9,64,40,1,1,3
5,6,0,2,0,104,1,1,1,8,2,52,4,1,0,2
1,5,1,1,0,143,0,1,1,31,8,88,37,1,1,0
6,1,2,3,1,87,1,0,2,19,6,68,33,1,1,1
9,9,1,0,1,158,0,1,0,12,10,45,17,1,0,3
4,10,2,0,0,130,0,0,2,1,4,22,11,0,0,3
2,1,2,1,1,103,1,0,2,15,8,71,15,1,0,0
3,8,0,1,0,67,0,0,1,27,2,48,4,0,1,0
3,5,0,0,1,0,0,1,1,31,9,42,9,0,0,3
9,7,1,3,0,43,1,1,0,30,4,37,4,0,1,3
2,5,1,2,1,52,0,0,1,11,0,39,9,0,1,1
7,3,0,0,1,-10,0,0,1,22,10,91,15,1,1,2
2,5,2,2,1,-12,1,0,0,2,4,98,20,1,0,2
8,7,1,1,0,4,1,1,1,24,8,81,24,1,1,2
9,1,0,0,0,89,0,1,2,30,9,94,53,0,0,1
7,5,2,1,0,52,0,1,0,26,8,83,21,0,0,1
3,3,2,0,0,63,1,1,2,3,10,70,34,0,0,3
9,5,2,2,1,3,0,1,1,20,10,80,13,1,0,2
4,7,0,2,0,179,0,1,0,10,8,46,14,0,0,2
5,9,0,0,1,97,1,0,2,23,0,37,25,0,0,3
4,9,0,1,0,174,1,0,1,11,9,81,42,0,0,2
4,11,2,2,1,65,0,0,1,29,8,58,34,1,1,2
3,6,0,3,1,-8,0,1,2,26,11,97,20,1,1,0
9,9,2,3,0,141,1,1,0,8,2,81,61,1,1,0
5,8,0,3,1,179,0,0,1,10,11,62,9,1,0,0
1,3,1,0,0,42,1,0,0,7,8,82,20,0,1,3
7,4,0,1,1,3,0,1,0,24,1,44,14,0,0,2
7,2,0,3,1,42,1,1,0,27,10,85,15,1,1,0
2,11,1,2,1,79,1,0,1,26,8,94,53,1,0,0
4,6,2,1,0,155,0,1,0,20,1,97,4,0,1,3
4,8,1,3,1,38,0,1,0,7,8,40,5,0,1,3
3,1,2,1,0,35,1,1,0,17,10,35,9,0,0,1
9,0,2,3,0,67,0,0,0,15,6,84,52,0,0,2
5,3,1,2,1,21,1,1,0,15,8,69,13,0,1,0
7,9,1,2,1,59,1,0,2,13,4,72,8,1,1,2
3,11,2,0,0,31,1,0,0,28,11,34,17,0,0,2
6,8,0,3,0,45,0,0,1,15,7,54,1,1,1,1
6,8,1,0,1,79,1,0,1,6,7,48,15,0,1,2
3,9,0,1,0,127,1,1,1,11,11,50,17,0,1,2
8,4,1,0,0,-4,1,1,1,10,6,48,1,0,1,3
2,9,1,0,1,39,1,0,0,27,10,59,10,0,0,1
8,7,2,1,0,41,1,1,0,29,3,68,41,1,0,2
3,11,2,2,1,72,0,0,1,17,8,85,47,0,0,2
5,3,2,0,1,69,0,0,0,7,0,76,11,0,0,1
9,3,0,2,0,106,1,1,2,6,11,60,20,1,0,3
8,10,2,1,1,65,0,0,2,29,9,51,43,0,0,2
6,2,1,3,1,41,1,0,2,27,9,25,7,1,1,3
8,10,1,2,1,4,1,1,0,18,2,53,2,1,0,3
1,4,2,3,0,13,1,1,2,14,4,37,28,1,0,1
1,1,1,1,1,101,1,0,0,14,8,64,9,1,0,1
7,1,2,2,1,117,1,0,2,24,11,91,49,1,0,1
6,4,1,3,1,65,0,0,2,19,4,23,12,0,1,2
3,4,2,0,1,68,0,0,1,28,5,27,20,0,0,3
3,5,2,2,0,13,0,1,2,11,6,94,34,0,1,3
3,6,2,2,0,21,0,0,0,28,10,77,37,1,1,1
6,4,1,1,0,57,0,1,1,15,4,64,14,1,0,1
6,11,2,3,0,105,1,0,2,30,10,95,46,1,1,3
1,5,2,1,0,4,1,0,0,14,8,15,7,1,1,2
1,2,0,0,0,43,0,0,2,13,1,14,3,0,1,0
7,11,2,1,0,12,1,1,1,17,4,64,2,1,0,3
3,6,1,2,0,27,1,1,1,6,6,95,24,0,1,2
8,4,1,3,1,80,0,1,1,18,7,78,40,0,0,3
8,0,0,1,0,13,1,0,2,16,9,46,18,0,0,3
8,9,0,0,1,57,1,1,0,17,4,85,2,0,0,3
1,11,0,1,1,123,1,0,2,20,7,71,1,1,1,1
5,0,2,3,1,38,1,0,2,21,8,32,5,0,0,1
1,2,2,1,1,156,1,1,0,29,7,68,13,1,1,2
4,11,1,1,1,71,1,0,0,27,8,78,16,0,0,2
6,7,1,0,1,68,0,1,1,6,2,88,11,1,1,2
3,2,0,1,0,28,0,1,1,31,10,45,15,0,0,0
2,2,2,2,1,170,0,0,2,4,4,44,3,0,0,1
4,2,0,0,0,11,1,0,1,24,6,73,35,0,1,0
7,0,2,1,1,75,1,1,1,18,4,52,37,0,0,3
4,6,1,0,1,68,0,1,1,10,0,33,28,1,0,1
4,7,1,0,0,77,0,0,2,20,7,61,32,0,0,3
7,7,2,3,1,35,0,1,2,12,1,77,6,0,0,1
7,4,0,2,1,116,0,1,1,9,4,63,39,0,1,2
3,8,2,1,1,64,1,1,2,4,8,69,34,0,0,2
3,2,1,1,1,46,0,0,1,8,3,84,44,0,1,1
5,9,2,2,0,27,0,1,0,13,6,94,10,0,1,3
2,8,0,2,0,73,1,1,2,18,5,56,28,0,1,2
7,11,2,2,1,178,0,1,2,26,9,61,20,0,1,2
7,7,1,2,1,99,1,0,0,24,9,90,30,1,0,1
3,9,2,1,1,81,1,1,0,9,3,51,21,0,0,1
1,4,1,2,1,70,0,1,1,19,9,94,1,0,1,0
6,2,2,1,1,62,1,1,0,18,6,90,5,1,0,1
3,3,0,2,0,58,1,1,0,2,4,90,49,1,0,1
1,8,2,3,1,26,0,0,0,13,0,67,8,0,1,3
8,7,2,3,0,34,1,1,0,11,5,87,30,0,1,1
1,2,2,2,1,2,1,1,1,7,4,61,27,1,0,2
6,2,1,1,0,96,1,0,2,31,8,33,11,0,0,3
3,8,1,2,0,82,1,1,1,27,8,80,16,1,0,3
7,8,2,0,0,19,1,0,0,7,10,17,4,1,1,3
5,10,2,3,1,95,0,1,2,29,1,42,6,0,1,3
5,7,2,0,1,157,1,0,0,9,6,89,5,0,1,0
8,2,1,0,1,50,1,1,1,31,8,25,4,0,1,1
8,8,0,0,1,19,1,1,0,26,6,92,33,1,1,1
9,10,1,3,0,125,1,1,0,11,9,85,5,0,0,3
7,5,0,3,1,1,1,1,1,12,5,89,15,1,1,3
3,7,1,1,0,46,0,0,2,30,0,57,55,0,1,1
1,11,2,3,1,55,1,0,1,13,10,74,29,0,0,1
8,7,1,3,1,81,1,1,1,24,5,87,59,0,1,1
5,9,0,2,0,27,1,0,1,26,7,12,8,1,0,3
7,1,1,1,0,-1,1,1,1,6,8,41,6,0,0,0
4,8,2,3,1,140,1,1,2,30,10,91,53,1,0,3
6,10,2,1,1,32,0,1,0,21,10,17,7,1,1,3
3,5,1,2,1,28,0,0,2,28,1,77,23,0,0,0
3,11,1,3,1,71,1,0,0,15,6,99,11,1,0,1
4,8,2,0,0,66,1,1,2,20,4,57,3,0,1,1
4,5,0,2,1,17,0,0,1,25,8,82,4,1,0,0
9,4,0,0,1,41,1,1,1,20,7,83,11,0,0,0
9,10,2,3,1,65,1,0,1,4,2,69,45,1,0,0
6,11,1,3,1,-5,0,0,2,4,8,71,15,1,0,2
8,8,1,0,0,102,1,0,0,31,5,83,10,1,0,1
2,7,0,0,0,73,0,0,0,25,0,58,17,0,0,1
2,11,2,1,1,10,0,1,2,18,3,61,18,0,1,3
8,7,0,2,1,0,1,1,1,9,8,83,6,1,0,0
7,9,1,1,1,55,1,1,0,16,8,68,24,1,1,3
4,1,0,0,1,78,1,0,1,19,2,23,3,1,1,3
8,11,2,0,0,39,1,1,1,22,8,79,33,0,1,3
2,11,0,1,1,66,0,1,0,14,10,79,14,0,0,0
5,2,2,2,0,72,1,1,0,22,6,84,20,0,1,3
4,6,0,1,1,136,0,0,2,30,8,89,56,0,0,2
7,1,2,2,1,145,1,1,2,12,2,80,8,1,0,2
3,11,2,1,1,53,0,1,1,16,2,41,16,0,1,3
6,9,1,0,1,115,1,1,0,8,1,96,9,0,0,2
1,8,0,0,1,90,1,0,0,22,6,86,23,1,0,3
7,4,0,2,1,96,0,1,2,18,8,55,4,0,1,3
4,6,1,0,0,30,0,0,1,24,7,56,28,1,0,0
6,7,0,2,0,21,1,0,1,19,0,59,13,1,1,0
1,9,2,1,0,-11,1,0,2,3,2,78,9,1,0,0
7,2,0,0,1,32,1,0,1,31,5,81,2,1,0,3
9,8,0,1,1,101,0,0,0,17,5,71,44,0,1,3
6,10,1,1,1,33,1,0,1,6,9,86,34,1,0,2
6,4,0,1,1,129,0,1,2,28,4,60,50,0,1,3
5,7,2,0,0,176,1,0,1,9,2,92,12,0,1,0
8,2,1,0,0,173,1,1,2,9,4,87,7,1,1,0
8,4,1,0,1,161,1,1,0,5,0,98,6,1,1,3
8,10,1,3,1,26,1,0,2,17,1,55,35,0,1,1
3,11,2,3,0,-6,1,0,0,29,6,68,32,1,0,0
6,3,0,0,0,23,0,1,1,13,3,30,7,0,0,1
9,2,2,1,1,94,0,0,1,27,8,67,13,1,0,0
6,1,0,0,0,76,1,0,1,28,10,43,10,1,0,1
4,5,0,0,0,92,1,1,2,31,9,50,9,0,0,0
8,8,1,3,1,7,1,0,0,25,1,82,43,0,0,1
8,8,2,3,1,-11,1,0,2,24,4,66,5,0,0,3
8,0,0,0,0,-8,1,1,2,18,0,92,2,1,1,0
3,3,2,3,1,63,0,1,0,7,2,91,39,0,1,0
9,4,2,0,0,68,1,1,0,20,6,74,41,1,1,0
9,2,0,1,1,141,1,0,1,3,10,63,5,1,1,0
8,5,0,3,1,45,1,0,1,4,7,68,13,0,1,3
5,9,2,3,1,31,1,0,2,22,3,17,10,0,0,2
6,8,1,3,0,45,0,1,0,8,2,66,10,0,1,2
6,7,0,3,0,158,1,0,1,2,1,78,12,0,0,0
9,8,1,2,1,53,1,1,2,4,5,71,38,0,0,1
5,4,0,1,0,50,1,0,2,2,9,86,32,0,0,1
7,11,0,2,0,147,1,1,2,24,1,63,16,0,1,0
8,2,1,3,0,17,0,1,2,30,10,42,17,0,0,2
5,11,0,1,1,109,0,1,2,26,11,76,3,0,0,1
4,9,2,3,1,10,0,0,0,9,10,83,21,1,0,0
8,7,0,3,1,25,1,0,2,18,6,94,8,0,1,2
8,2,0,3,1,26,1,0,1,31,5,84,14,1,0,0
3,9,0,1,1,32,0,0,2,28,6,53,24,1,1,2
2,5,2,3,0,1,1,1,1,31,3,80,54,1,0,2
7,0,0,1,0,158,0,1,2,31,8,27,12,1,1,3
6,3,2,3,0,4,1,1,0,27,11,55,14,0,1,3
8,1,1,3,0,37,0,0,0,28,11,98,32,1,0,1
4,4,1,0,0,61,1,1,2,23,5,43,5,0,1,0
3,6,0,1,0,17,0,0,1,30,1,64,33,1,1,0
4,5,0,3,0,91,1,0,2,31,7,39,4,0,0,1
6,2,0,3,0,149,0,1,2,23,4,14,4,1,0,2
2,11,2,2,0,35,1,1,1,22,0,62,43,1,0,1
1,3,2,2,1,71,1,0,0,22,4,47,3,1,0,2
1,4,1,1,0,178,0,0,1,27,9,71,32,0,0,3
8,6,2,3,0,7,0,0,0,11,10,89,29,1,1,2
1,11,2,2,1,129,0,0,1,11,0,47,18,1,0,3
7,1,2,2,0,4,0,1,1,10,4,84,10,1,1,0
2,4,2,0,0,59,1,0,2,25,4,24,10,1,1,3
7,1,1,1,0,68,0,1,0,12,5,89,12,0,0,0
2,5,0,0,1,76,1,1,1,5,3,88,56,1,1,3
3,0,2,2,0,115,1,1,2,26,9,75,16,1,0,0
9,7,0,1,1,40,0,0,2,13,7,97,49,0,0,0
8,6,0,2,0,52,1,0,1,31,2,35,38,1,0,2
6,8,0,0,0,83,0,0,2,16,4,79,59,1,1,1
2,4,2,0,1,98,1,0,1,3,1,67,42,1,1,1
5,10,0,3,0,53,0,1,0,25,9,74,28,0,0,2
8,10,2,0,1,51,1,0,2,9,11,68,31,1,0,2
8,11,2,2,0,73,1,0,1,14,0,7,16,0,0,1
9,2,1,3,1,118,1,0,2,22,8,87,38,0,0,0
1,10,0,1,0,163,1,0,2,27,9,87,38,0,1,1
3,7,0,3,0,117,1,0,0,8,5,81,6,1,1,2
3,7,0,2,1,167,1,1,2,14,11,63,9,1,0,1
6,10,2,1,1,45,1,1,0,14,6,92,35,1,1,3
6,2,1,0,1,41,1,1,2,2,10,82,19,1,1,1
4,8,2,1,1,152,1,1,0,2,2,26,2,0,1,2
1,10,0,3,0,160,0,1,2,17,5,84,10,0,0,1
9,7,0,3,1,24,0,0,2,5,3,29,4,0,0,2
6,3,2,3,0,25,0,1,1,30,5,48,33,0,1,2
5,10,2,1,0,64,0,1,1,4,11,64,21,0,1,2
1,9,2,0,0,61,1,0,0,17,1,93,14,0,0,0
5,2,2,3,0,59,0,0,2,25,6,89,28,1,1,0
6,11,2,0,1,43,0,0,1,20,8,72,29,1,0,1
7,5,0,2,0,8,0,1,2,8,2,86,27,1,1,0
9,10,2,2,0,140,0,0,2,14,7,26,9,0,0,3
